2025-09-16 16:32:02,841 - WARNING - b61ab3fbc839422fbec37656ed584ea7 - new_structure.services.auth_service - POST /teacher_login - Authentication failed for kevin with role teacher
2025-09-16 16:32:13,592 - WARNING - bbe876ba897f4503b4c3efcd86468e29 - new_structure.services.auth_service - POST /teacher_login - Authentication failed for carol with role teacher
2025-09-16 16:32:25,095 - INFO - ed0387948a5d4dcca13723fed0b9496a - new_structure.services.auth_service - POST /teacher_login - Authentication successful for carol with role teacher
2025-09-16 16:41:03,725 - INFO - n/a - new_structure - GET / - Rate limiter storage active: memory://
2025-09-16 16:41:04,242 - INFO - n/a - mark_validation - GET / - Mark sanitizer middleware initialized
2025-09-16 16:41:04,673 - WARNING - n/a - new_structure - GET / - SECRET_KEY hardening issue: Refusing to start with weak SECRET_KEY in production. Provide a strong SECRET_KEY (recommended >=32 random hex chars).
2025-09-16 16:41:04,679 - WARNING - n/a - new_structure - GET / - Overriding configured redis RATELIMIT_STORAGE_URL with memory:// due to earlier fallback
2025-09-16 16:41:04,679 - WARNING - n/a - new_structure - GET / - Overriding configured redis RATELIMIT_STORAGE_URL with memory:// due to earlier fallback
2025-09-16 16:41:04,681 - WARNING - n/a - new_structure - GET / - Limiter initialization failed; continuing without limits: In-memory rate limiting backend is not allowed in production. Set RATE_LIMIT_STORAGE_URI to a Redis URI or ALLOW_IN_MEMORY_LIMITS=1 for a temporary override.
2025-09-16 16:41:04,681 - WARNING - n/a - new_structure - GET / - Limiter initialization failed; continuing without limits: In-memory rate limiting backend is not allowed in production. Set RATE_LIMIT_STORAGE_URI to a Redis URI or ALLOW_IN_MEMORY_LIMITS=1 for a temporary override.
2025-09-16 16:41:05,737 - INFO - n/a - mark_validation - GET / - Mark sanitizer middleware initialized
2025-09-16 16:41:05,737 - INFO - n/a - mark_validation - GET / - Mark sanitizer middleware initialized
2025-09-16 16:41:05,740 - WARNING - n/a - root - GET / - SECURITY VALIDATION: Weak SECRET_KEY detected
2025-09-16 16:41:05,740 - WARNING - n/a - root - GET / - SECURITY VALIDATION: Weak SECRET_KEY detected
2025-09-16 16:41:05,742 - WARNING - n/a - root - GET / - SECURITY VALIDATION: In-memory rate limit storage in production
2025-09-16 16:41:05,742 - WARNING - n/a - root - GET / - SECURITY VALIDATION: In-memory rate limit storage in production
2025-09-16 16:41:05,744 - WARNING - n/a - root - GET / - Security validation completed with issues: 2
2025-09-16 16:41:05,744 - WARNING - n/a - root - GET / - Security validation completed with issues: 2
2025-09-16 16:41:06,470 - WARNING - n/a - new_structure - GET / - Overriding configured redis RATELIMIT_STORAGE_URL with memory:// due to earlier fallback
2025-09-16 16:41:06,470 - WARNING - n/a - new_structure - GET / - Overriding configured redis RATELIMIT_STORAGE_URL with memory:// due to earlier fallback
2025-09-16 16:41:06,470 - WARNING - n/a - new_structure - GET / - Overriding configured redis RATELIMIT_STORAGE_URL with memory:// due to earlier fallback
2025-09-16 16:41:06,478 - WARNING - n/a - new_structure - GET / - Limiter initialization failed; continuing without limits: In-memory rate limiting backend is not allowed in production. Set RATE_LIMIT_STORAGE_URI to a Redis URI or ALLOW_IN_MEMORY_LIMITS=1 for a temporary override.
2025-09-16 16:41:06,478 - WARNING - n/a - new_structure - GET / - Limiter initialization failed; continuing without limits: In-memory rate limiting backend is not allowed in production. Set RATE_LIMIT_STORAGE_URI to a Redis URI or ALLOW_IN_MEMORY_LIMITS=1 for a temporary override.
2025-09-16 16:41:06,478 - WARNING - n/a - new_structure - GET / - Limiter initialization failed; continuing without limits: In-memory rate limiting backend is not allowed in production. Set RATE_LIMIT_STORAGE_URI to a Redis URI or ALLOW_IN_MEMORY_LIMITS=1 for a temporary override.
2025-09-16 16:41:07,572 - INFO - n/a - mark_validation - GET / - Mark sanitizer middleware initialized
2025-09-16 16:41:07,572 - INFO - n/a - mark_validation - GET / - Mark sanitizer middleware initialized
2025-09-16 16:41:07,572 - INFO - n/a - mark_validation - GET / - Mark sanitizer middleware initialized
2025-09-16 16:41:07,576 - WARNING - n/a - root - GET / - SECURITY VALIDATION: In-memory rate limit storage in production
2025-09-16 16:41:07,576 - WARNING - n/a - root - GET / - SECURITY VALIDATION: In-memory rate limit storage in production
2025-09-16 16:41:07,576 - WARNING - n/a - root - GET / - SECURITY VALIDATION: In-memory rate limit storage in production
2025-09-16 16:41:07,578 - WARNING - n/a - root - GET / - Security validation completed with issues: 1
2025-09-16 16:41:07,578 - WARNING - n/a - root - GET / - Security validation completed with issues: 1
2025-09-16 16:41:07,578 - WARNING - n/a - root - GET / - Security validation completed with issues: 1
2025-09-16 16:41:08,099 - WARNING - n/a - new_structure - GET / - Overriding configured redis RATELIMIT_STORAGE_URL with memory:// due to earlier fallback
2025-09-16 16:41:08,099 - WARNING - n/a - new_structure - GET / - Overriding configured redis RATELIMIT_STORAGE_URL with memory:// due to earlier fallback
2025-09-16 16:41:08,099 - WARNING - n/a - new_structure - GET / - Overriding configured redis RATELIMIT_STORAGE_URL with memory:// due to earlier fallback
2025-09-16 16:41:08,099 - WARNING - n/a - new_structure - GET / - Overriding configured redis RATELIMIT_STORAGE_URL with memory:// due to earlier fallback
2025-09-16 16:41:08,134 - INFO - n/a - new_structure - GET / - Rate limiter storage active: memory://
2025-09-16 16:41:08,134 - INFO - n/a - new_structure - GET / - Rate limiter storage active: memory://
2025-09-16 16:41:08,134 - INFO - n/a - new_structure - GET / - Rate limiter storage active: memory://
2025-09-16 16:41:08,134 - INFO - n/a - new_structure - GET / - Rate limiter storage active: memory://
2025-09-16 16:41:09,548 - INFO - n/a - mark_validation - GET / - Mark sanitizer middleware initialized
2025-09-16 16:41:09,548 - INFO - n/a - mark_validation - GET / - Mark sanitizer middleware initialized
2025-09-16 16:41:09,548 - INFO - n/a - mark_validation - GET / - Mark sanitizer middleware initialized
2025-09-16 16:41:09,548 - INFO - n/a - mark_validation - GET / - Mark sanitizer middleware initialized
2025-09-16 16:41:09,579 - INFO - n/a - new_structure -   - Generated strong development SECRET_KEY (persisted).
2025-09-16 16:41:09,579 - INFO - n/a - new_structure -   - Generated strong development SECRET_KEY (persisted).
2025-09-16 16:41:09,579 - INFO - n/a - new_structure -   - Generated strong development SECRET_KEY (persisted).
2025-09-16 16:41:09,579 - INFO - n/a - new_structure -   - Generated strong development SECRET_KEY (persisted).
2025-09-16 21:23:29,465 - INFO - n/a - new_structure - GET / - Rate limiter storage active: memory://
2025-09-16 21:23:29,874 - INFO - n/a - mark_validation - GET / - Mark sanitizer middleware initialized
2025-09-16 21:23:30,124 - WARNING - n/a - new_structure - GET / - SECRET_KEY hardening issue: Refusing to start with weak SECRET_KEY in production. Provide a strong SECRET_KEY (recommended >=32 random hex chars).
2025-09-16 21:23:30,129 - WARNING - n/a - new_structure - GET / - Overriding configured redis RATELIMIT_STORAGE_URL with memory:// due to earlier fallback
2025-09-16 21:23:30,129 - WARNING - n/a - new_structure - GET / - Overriding configured redis RATELIMIT_STORAGE_URL with memory:// due to earlier fallback
2025-09-16 21:23:30,131 - WARNING - n/a - new_structure - GET / - Limiter initialization failed; continuing without limits: In-memory rate limiting backend is not allowed in production. Set RATE_LIMIT_STORAGE_URI to a Redis URI or ALLOW_IN_MEMORY_LIMITS=1 for a temporary override.
2025-09-16 21:23:30,131 - WARNING - n/a - new_structure - GET / - Limiter initialization failed; continuing without limits: In-memory rate limiting backend is not allowed in production. Set RATE_LIMIT_STORAGE_URI to a Redis URI or ALLOW_IN_MEMORY_LIMITS=1 for a temporary override.
2025-09-16 21:23:30,700 - INFO - n/a - mark_validation - GET / - Mark sanitizer middleware initialized
2025-09-16 21:23:30,700 - INFO - n/a - mark_validation - GET / - Mark sanitizer middleware initialized
2025-09-16 21:23:30,703 - WARNING - n/a - root - GET / - SECURITY VALIDATION: Weak SECRET_KEY detected
2025-09-16 21:23:30,703 - WARNING - n/a - root - GET / - SECURITY VALIDATION: Weak SECRET_KEY detected
2025-09-16 21:23:30,704 - WARNING - n/a - root - GET / - SECURITY VALIDATION: In-memory rate limit storage in production
2025-09-16 21:23:30,704 - WARNING - n/a - root - GET / - SECURITY VALIDATION: In-memory rate limit storage in production
2025-09-16 21:23:30,706 - WARNING - n/a - root - GET / - Security validation completed with issues: 2
2025-09-16 21:23:30,706 - WARNING - n/a - root - GET / - Security validation completed with issues: 2
2025-09-16 21:23:31,109 - WARNING - n/a - new_structure - GET / - Overriding configured redis RATELIMIT_STORAGE_URL with memory:// due to earlier fallback
2025-09-16 21:23:31,109 - WARNING - n/a - new_structure - GET / - Overriding configured redis RATELIMIT_STORAGE_URL with memory:// due to earlier fallback
2025-09-16 21:23:31,109 - WARNING - n/a - new_structure - GET / - Overriding configured redis RATELIMIT_STORAGE_URL with memory:// due to earlier fallback
2025-09-16 21:23:31,112 - WARNING - n/a - new_structure - GET / - Limiter initialization failed; continuing without limits: In-memory rate limiting backend is not allowed in production. Set RATE_LIMIT_STORAGE_URI to a Redis URI or ALLOW_IN_MEMORY_LIMITS=1 for a temporary override.
2025-09-16 21:23:31,112 - WARNING - n/a - new_structure - GET / - Limiter initialization failed; continuing without limits: In-memory rate limiting backend is not allowed in production. Set RATE_LIMIT_STORAGE_URI to a Redis URI or ALLOW_IN_MEMORY_LIMITS=1 for a temporary override.
2025-09-16 21:23:31,112 - WARNING - n/a - new_structure - GET / - Limiter initialization failed; continuing without limits: In-memory rate limiting backend is not allowed in production. Set RATE_LIMIT_STORAGE_URI to a Redis URI or ALLOW_IN_MEMORY_LIMITS=1 for a temporary override.
2025-09-16 21:23:31,698 - INFO - n/a - mark_validation - GET / - Mark sanitizer middleware initialized
2025-09-16 21:23:31,698 - INFO - n/a - mark_validation - GET / - Mark sanitizer middleware initialized
2025-09-16 21:23:31,698 - INFO - n/a - mark_validation - GET / - Mark sanitizer middleware initialized
2025-09-16 21:23:31,702 - WARNING - n/a - root - GET / - SECURITY VALIDATION: In-memory rate limit storage in production
2025-09-16 21:23:31,702 - WARNING - n/a - root - GET / - SECURITY VALIDATION: In-memory rate limit storage in production
2025-09-16 21:23:31,702 - WARNING - n/a - root - GET / - SECURITY VALIDATION: In-memory rate limit storage in production
2025-09-16 21:23:31,704 - WARNING - n/a - root - GET / - Security validation completed with issues: 1
2025-09-16 21:23:31,704 - WARNING - n/a - root - GET / - Security validation completed with issues: 1
2025-09-16 21:23:31,704 - WARNING - n/a - root - GET / - Security validation completed with issues: 1
2025-09-16 21:23:31,948 - WARNING - n/a - new_structure - GET / - Overriding configured redis RATELIMIT_STORAGE_URL with memory:// due to earlier fallback
2025-09-16 21:23:31,948 - WARNING - n/a - new_structure - GET / - Overriding configured redis RATELIMIT_STORAGE_URL with memory:// due to earlier fallback
2025-09-16 21:23:31,948 - WARNING - n/a - new_structure - GET / - Overriding configured redis RATELIMIT_STORAGE_URL with memory:// due to earlier fallback
2025-09-16 21:23:31,948 - WARNING - n/a - new_structure - GET / - Overriding configured redis RATELIMIT_STORAGE_URL with memory:// due to earlier fallback
2025-09-16 21:23:31,951 - INFO - n/a - new_structure - GET / - Rate limiter storage active: memory://
2025-09-16 21:23:31,951 - INFO - n/a - new_structure - GET / - Rate limiter storage active: memory://
2025-09-16 21:23:31,951 - INFO - n/a - new_structure - GET / - Rate limiter storage active: memory://
2025-09-16 21:23:31,951 - INFO - n/a - new_structure - GET / - Rate limiter storage active: memory://
2025-09-16 21:23:32,688 - INFO - n/a - mark_validation - GET / - Mark sanitizer middleware initialized
2025-09-16 21:23:32,688 - INFO - n/a - mark_validation - GET / - Mark sanitizer middleware initialized
2025-09-16 21:23:32,688 - INFO - n/a - mark_validation - GET / - Mark sanitizer middleware initialized
2025-09-16 21:23:32,688 - INFO - n/a - mark_validation - GET / - Mark sanitizer middleware initialized
2025-09-16 21:23:32,701 - INFO - n/a - new_structure -   - Generated strong development SECRET_KEY (persisted).
2025-09-16 21:23:32,701 - INFO - n/a - new_structure -   - Generated strong development SECRET_KEY (persisted).
2025-09-16 21:23:32,701 - INFO - n/a - new_structure -   - Generated strong development SECRET_KEY (persisted).
2025-09-16 21:23:32,701 - INFO - n/a - new_structure -   - Generated strong development SECRET_KEY (persisted).
2025-09-16 21:58:28,384 - INFO - n/a - new_structure - GET / - Rate limiter storage active: memory://
2025-09-16 21:58:28,707 - INFO - n/a - mark_validation - GET / - Mark sanitizer middleware initialized
2025-09-16 21:58:28,980 - WARNING - n/a - new_structure - GET / - SECRET_KEY hardening issue: Refusing to start with weak SECRET_KEY in production. Provide a strong SECRET_KEY (recommended >=32 random hex chars).
2025-09-16 21:58:28,984 - WARNING - n/a - new_structure - GET / - Overriding configured redis RATELIMIT_STORAGE_URL with memory:// due to earlier fallback
2025-09-16 21:58:28,984 - WARNING - n/a - new_structure - GET / - Overriding configured redis RATELIMIT_STORAGE_URL with memory:// due to earlier fallback
2025-09-16 21:58:28,987 - WARNING - n/a - new_structure - GET / - Limiter initialization failed; continuing without limits: In-memory rate limiting backend is not allowed in production. Set RATE_LIMIT_STORAGE_URI to a Redis URI or ALLOW_IN_MEMORY_LIMITS=1 for a temporary override.
2025-09-16 21:58:28,987 - WARNING - n/a - new_structure - GET / - Limiter initialization failed; continuing without limits: In-memory rate limiting backend is not allowed in production. Set RATE_LIMIT_STORAGE_URI to a Redis URI or ALLOW_IN_MEMORY_LIMITS=1 for a temporary override.
2025-09-16 21:58:29,746 - INFO - n/a - mark_validation - GET / - Mark sanitizer middleware initialized
2025-09-16 21:58:29,746 - INFO - n/a - mark_validation - GET / - Mark sanitizer middleware initialized
2025-09-16 21:58:29,748 - WARNING - n/a - root - GET / - SECURITY VALIDATION: Weak SECRET_KEY detected
2025-09-16 21:58:29,748 - WARNING - n/a - root - GET / - SECURITY VALIDATION: Weak SECRET_KEY detected
2025-09-16 21:58:29,749 - WARNING - n/a - root - GET / - SECURITY VALIDATION: In-memory rate limit storage in production
2025-09-16 21:58:29,749 - WARNING - n/a - root - GET / - SECURITY VALIDATION: In-memory rate limit storage in production
2025-09-16 21:58:29,750 - WARNING - n/a - root - GET / - Security validation completed with issues: 2
2025-09-16 21:58:29,750 - WARNING - n/a - root - GET / - Security validation completed with issues: 2
2025-09-16 21:58:30,040 - WARNING - n/a - new_structure - GET / - Overriding configured redis RATELIMIT_STORAGE_URL with memory:// due to earlier fallback
2025-09-16 21:58:30,040 - WARNING - n/a - new_structure - GET / - Overriding configured redis RATELIMIT_STORAGE_URL with memory:// due to earlier fallback
2025-09-16 21:58:30,040 - WARNING - n/a - new_structure - GET / - Overriding configured redis RATELIMIT_STORAGE_URL with memory:// due to earlier fallback
2025-09-16 21:58:30,046 - WARNING - n/a - new_structure - GET / - Limiter initialization failed; continuing without limits: In-memory rate limiting backend is not allowed in production. Set RATE_LIMIT_STORAGE_URI to a Redis URI or ALLOW_IN_MEMORY_LIMITS=1 for a temporary override.
2025-09-16 21:58:30,046 - WARNING - n/a - new_structure - GET / - Limiter initialization failed; continuing without limits: In-memory rate limiting backend is not allowed in production. Set RATE_LIMIT_STORAGE_URI to a Redis URI or ALLOW_IN_MEMORY_LIMITS=1 for a temporary override.
2025-09-16 21:58:30,046 - WARNING - n/a - new_structure - GET / - Limiter initialization failed; continuing without limits: In-memory rate limiting backend is not allowed in production. Set RATE_LIMIT_STORAGE_URI to a Redis URI or ALLOW_IN_MEMORY_LIMITS=1 for a temporary override.
2025-09-16 21:58:30,701 - INFO - n/a - mark_validation - GET / - Mark sanitizer middleware initialized
2025-09-16 21:58:30,701 - INFO - n/a - mark_validation - GET / - Mark sanitizer middleware initialized
2025-09-16 21:58:30,701 - INFO - n/a - mark_validation - GET / - Mark sanitizer middleware initialized
2025-09-16 21:58:30,705 - WARNING - n/a - root - GET / - SECURITY VALIDATION: In-memory rate limit storage in production
2025-09-16 21:58:30,705 - WARNING - n/a - root - GET / - SECURITY VALIDATION: In-memory rate limit storage in production
2025-09-16 21:58:30,705 - WARNING - n/a - root - GET / - SECURITY VALIDATION: In-memory rate limit storage in production
2025-09-16 21:58:30,706 - WARNING - n/a - root - GET / - Security validation completed with issues: 1
2025-09-16 21:58:30,706 - WARNING - n/a - root - GET / - Security validation completed with issues: 1
2025-09-16 21:58:30,706 - WARNING - n/a - root - GET / - Security validation completed with issues: 1
2025-09-16 21:58:31,156 - WARNING - n/a - new_structure - GET / - Overriding configured redis RATELIMIT_STORAGE_URL with memory:// due to earlier fallback
2025-09-16 21:58:31,156 - WARNING - n/a - new_structure - GET / - Overriding configured redis RATELIMIT_STORAGE_URL with memory:// due to earlier fallback
2025-09-16 21:58:31,156 - WARNING - n/a - new_structure - GET / - Overriding configured redis RATELIMIT_STORAGE_URL with memory:// due to earlier fallback
2025-09-16 21:58:31,156 - WARNING - n/a - new_structure - GET / - Overriding configured redis RATELIMIT_STORAGE_URL with memory:// due to earlier fallback
2025-09-16 21:58:31,160 - INFO - n/a - new_structure - GET / - Rate limiter storage active: memory://
2025-09-16 21:58:31,160 - INFO - n/a - new_structure - GET / - Rate limiter storage active: memory://
2025-09-16 21:58:31,160 - INFO - n/a - new_structure - GET / - Rate limiter storage active: memory://
2025-09-16 21:58:31,160 - INFO - n/a - new_structure - GET / - Rate limiter storage active: memory://
2025-09-16 21:58:31,737 - INFO - n/a - mark_validation - GET / - Mark sanitizer middleware initialized
2025-09-16 21:58:31,737 - INFO - n/a - mark_validation - GET / - Mark sanitizer middleware initialized
2025-09-16 21:58:31,737 - INFO - n/a - mark_validation - GET / - Mark sanitizer middleware initialized
2025-09-16 21:58:31,737 - INFO - n/a - mark_validation - GET / - Mark sanitizer middleware initialized
2025-09-16 21:58:31,752 - INFO - n/a - new_structure -   - Generated strong development SECRET_KEY (persisted).
2025-09-16 21:58:31,752 - INFO - n/a - new_structure -   - Generated strong development SECRET_KEY (persisted).
2025-09-16 21:58:31,752 - INFO - n/a - new_structure -   - Generated strong development SECRET_KEY (persisted).
2025-09-16 21:58:31,752 - INFO - n/a - new_structure -   - Generated strong development SECRET_KEY (persisted).
2025-09-16 22:26:58,005 - INFO - n/a - new_structure - GET / - Rate limiter storage active: memory://
2025-09-16 22:26:58,361 - INFO - n/a - mark_validation - GET / - Mark sanitizer middleware initialized
2025-09-16 22:26:58,669 - WARNING - n/a - new_structure - GET / - SECRET_KEY hardening issue: Refusing to start with weak SECRET_KEY in production. Provide a strong SECRET_KEY (recommended >=32 random hex chars).
2025-09-16 22:26:58,675 - WARNING - n/a - new_structure - GET / - Overriding configured redis RATELIMIT_STORAGE_URL with memory:// due to earlier fallback
2025-09-16 22:26:58,675 - WARNING - n/a - new_structure - GET / - Overriding configured redis RATELIMIT_STORAGE_URL with memory:// due to earlier fallback
2025-09-16 22:26:58,677 - WARNING - n/a - new_structure - GET / - Limiter initialization failed; continuing without limits: In-memory rate limiting backend is not allowed in production. Set RATE_LIMIT_STORAGE_URI to a Redis URI or ALLOW_IN_MEMORY_LIMITS=1 for a temporary override.
2025-09-16 22:26:58,677 - WARNING - n/a - new_structure - GET / - Limiter initialization failed; continuing without limits: In-memory rate limiting backend is not allowed in production. Set RATE_LIMIT_STORAGE_URI to a Redis URI or ALLOW_IN_MEMORY_LIMITS=1 for a temporary override.
2025-09-16 22:26:59,649 - INFO - n/a - mark_validation - GET / - Mark sanitizer middleware initialized
2025-09-16 22:26:59,649 - INFO - n/a - mark_validation - GET / - Mark sanitizer middleware initialized
2025-09-16 22:26:59,652 - WARNING - n/a - root - GET / - SECURITY VALIDATION: Weak SECRET_KEY detected
2025-09-16 22:26:59,652 - WARNING - n/a - root - GET / - SECURITY VALIDATION: Weak SECRET_KEY detected
2025-09-16 22:26:59,654 - WARNING - n/a - root - GET / - SECURITY VALIDATION: In-memory rate limit storage in production
2025-09-16 22:26:59,654 - WARNING - n/a - root - GET / - SECURITY VALIDATION: In-memory rate limit storage in production
2025-09-16 22:26:59,655 - WARNING - n/a - root - GET / - Security validation completed with issues: 2
2025-09-16 22:26:59,655 - WARNING - n/a - root - GET / - Security validation completed with issues: 2
2025-09-16 22:26:59,980 - WARNING - n/a - new_structure - GET / - Overriding configured redis RATELIMIT_STORAGE_URL with memory:// due to earlier fallback
2025-09-16 22:26:59,980 - WARNING - n/a - new_structure - GET / - Overriding configured redis RATELIMIT_STORAGE_URL with memory:// due to earlier fallback
2025-09-16 22:26:59,980 - WARNING - n/a - new_structure - GET / - Overriding configured redis RATELIMIT_STORAGE_URL with memory:// due to earlier fallback
2025-09-16 22:26:59,983 - WARNING - n/a - new_structure - GET / - Limiter initialization failed; continuing without limits: In-memory rate limiting backend is not allowed in production. Set RATE_LIMIT_STORAGE_URI to a Redis URI or ALLOW_IN_MEMORY_LIMITS=1 for a temporary override.
2025-09-16 22:26:59,983 - WARNING - n/a - new_structure - GET / - Limiter initialization failed; continuing without limits: In-memory rate limiting backend is not allowed in production. Set RATE_LIMIT_STORAGE_URI to a Redis URI or ALLOW_IN_MEMORY_LIMITS=1 for a temporary override.
2025-09-16 22:26:59,983 - WARNING - n/a - new_structure - GET / - Limiter initialization failed; continuing without limits: In-memory rate limiting backend is not allowed in production. Set RATE_LIMIT_STORAGE_URI to a Redis URI or ALLOW_IN_MEMORY_LIMITS=1 for a temporary override.
2025-09-16 22:27:00,654 - INFO - n/a - mark_validation - GET / - Mark sanitizer middleware initialized
2025-09-16 22:27:00,654 - INFO - n/a - mark_validation - GET / - Mark sanitizer middleware initialized
2025-09-16 22:27:00,654 - INFO - n/a - mark_validation - GET / - Mark sanitizer middleware initialized
2025-09-16 22:27:00,658 - WARNING - n/a - root - GET / - SECURITY VALIDATION: In-memory rate limit storage in production
2025-09-16 22:27:00,658 - WARNING - n/a - root - GET / - SECURITY VALIDATION: In-memory rate limit storage in production
2025-09-16 22:27:00,658 - WARNING - n/a - root - GET / - SECURITY VALIDATION: In-memory rate limit storage in production
2025-09-16 22:27:00,661 - WARNING - n/a - root - GET / - Security validation completed with issues: 1
2025-09-16 22:27:00,661 - WARNING - n/a - root - GET / - Security validation completed with issues: 1
2025-09-16 22:27:00,661 - WARNING - n/a - root - GET / - Security validation completed with issues: 1
2025-09-16 22:27:01,191 - WARNING - n/a - new_structure - GET / - Overriding configured redis RATELIMIT_STORAGE_URL with memory:// due to earlier fallback
2025-09-16 22:27:01,191 - WARNING - n/a - new_structure - GET / - Overriding configured redis RATELIMIT_STORAGE_URL with memory:// due to earlier fallback
2025-09-16 22:27:01,191 - WARNING - n/a - new_structure - GET / - Overriding configured redis RATELIMIT_STORAGE_URL with memory:// due to earlier fallback
2025-09-16 22:27:01,191 - WARNING - n/a - new_structure - GET / - Overriding configured redis RATELIMIT_STORAGE_URL with memory:// due to earlier fallback
2025-09-16 22:27:01,195 - INFO - n/a - new_structure - GET / - Rate limiter storage active: memory://
2025-09-16 22:27:01,195 - INFO - n/a - new_structure - GET / - Rate limiter storage active: memory://
2025-09-16 22:27:01,195 - INFO - n/a - new_structure - GET / - Rate limiter storage active: memory://
2025-09-16 22:27:01,195 - INFO - n/a - new_structure - GET / - Rate limiter storage active: memory://
2025-09-16 22:27:02,053 - INFO - n/a - mark_validation - GET / - Mark sanitizer middleware initialized
2025-09-16 22:27:02,053 - INFO - n/a - mark_validation - GET / - Mark sanitizer middleware initialized
2025-09-16 22:27:02,053 - INFO - n/a - mark_validation - GET / - Mark sanitizer middleware initialized
2025-09-16 22:27:02,053 - INFO - n/a - mark_validation - GET / - Mark sanitizer middleware initialized
2025-09-16 22:27:02,073 - INFO - n/a - new_structure -   - Generated strong development SECRET_KEY (persisted).
2025-09-16 22:27:02,073 - INFO - n/a - new_structure -   - Generated strong development SECRET_KEY (persisted).
2025-09-16 22:27:02,073 - INFO - n/a - new_structure -   - Generated strong development SECRET_KEY (persisted).
2025-09-16 22:27:02,073 - INFO - n/a - new_structure -   - Generated strong development SECRET_KEY (persisted).
2025-09-16 22:27:50,892 - INFO - n/a - new_structure - GET / - Rate limiter storage active: memory://
2025-09-16 22:27:50,894 - INFO - n/a - new_structure.utils.database_init - GET / - ? Starting database initialization (MySQL mode)
2025-09-16 22:27:50,900 - ERROR - n/a - new_structure.utils.database_init - GET / - Error creating tables: The current Flask app is not registered with this 'SQLAlchemy' instance. Did you forget to call 'init_app', or did you create multiple 'SQLAlchemy' instances?
2025-09-16 22:27:51,230 - INFO - n/a - mark_validation - GET / - Mark sanitizer middleware initialized
2025-09-16 22:27:53,722 - WARNING - 15fd6aba72174011b7c7ca13eed742ba - new_structure - GET /classteacher/subject_report/1/1/1/1/1 - subject_report.unauthorized_access
2025-09-16 22:27:53,723 - INFO - 15fd6aba72174011b7c7ca13eed742ba - new_structure - GET /classteacher/subject_report/1/1/1/1/1 - {'event': 'report.subject.view:completed', 'correlation_id': '[REDACTED-PHONE]f253-47d5-bebe-3272a162f14c', 'ip': '127.0.0.1', 'method': 'GET', 'path': '/classteacher/subject_report/1/1/1/1/1', 'role': 'teacher', 'teacher_id': 6, 'status': 403}
2025-09-16 22:27:53,761 - WARNING - a47b651ae85a4caa9cf67ed2b1662c53 - new_structure - GET /classteacher/subject_report/1/1/1/1/1 - subject_report.unauthorized_access
2025-09-16 22:27:53,764 - INFO - a47b651ae85a4caa9cf67ed2b1662c53 - new_structure - GET /classteacher/subject_report/1/1/1/1/1 - {'event': 'report.subject.view:completed', 'correlation_id': '43ce8219-d338-4d3d-8966-20068057a8af', 'ip': '127.0.0.1', 'method': 'GET', 'path': '/classteacher/subject_report/1/1/1/1/1', 'role': 'teacher', 'teacher_id': 5, 'status': 403}
2025-09-16 22:27:53,816 - WARNING - a0897f6cfd4d44e9aa3d192de3f015b3 - new_structure - GET /classteacher/subject_report/1/1/1/999/1 - subject_report.invalid_parameters
2025-09-16 22:27:53,818 - INFO - a0897f6cfd4d44e9aa3d192de3f015b3 - new_structure - GET /classteacher/subject_report/1/1/1/999/1 - {'event': 'report.subject.view:completed', 'correlation_id': 'b1ad4a2c-2fae-4055-9bc0-9a7b96c0f6ad', 'ip': '127.0.0.1', 'method': 'GET', 'path': '/classteacher/subject_report/1/1/1/999/1', 'role': 'teacher', 'teacher_id': 5, 'status': 400}
2025-09-16 22:27:54,584 - INFO - a60476ef3a06484cb5eb6f4244e6d94d - new_structure - GET /classteacher/subject_report/1/1/1/1/1 - subject_report.no_marks
2025-09-16 22:27:54,586 - INFO - a60476ef3a06484cb5eb6f4244e6d94d - new_structure - GET /classteacher/subject_report/1/1/1/1/1 - {'event': 'report.subject.view:completed', 'correlation_id': 'd332c063-3278-478f-9a3f-985bfbdac091', 'ip': '127.0.0.1', 'method': 'GET', 'path': '/classteacher/subject_report/1/1/1/1/1', 'role': 'headteacher', 'teacher_id': 1, 'status': 404}
2025-09-16 22:27:54,637 - INFO - 4bfd3a6c18984b9a95f941e52fcffb6c - new_structure - GET /classteacher/subject_report/1/1/1/1/1 - subject_report.no_marks
2025-09-16 22:27:54,639 - INFO - 4bfd3a6c18984b9a95f941e52fcffb6c - new_structure - GET /classteacher/subject_report/1/1/1/1/1 - {'event': 'report.subject.view:completed', 'correlation_id': '89789e81-6c89-4d38-908c-dcfc6b9cfe79', 'ip': '127.0.0.1', 'method': 'GET', 'path': '/classteacher/subject_report/1/1/1/1/1', 'role': 'classteacher', 'teacher_id': 7, 'status': 404}
2025-09-16 22:27:54,670 - INFO - n/a - new_structure -   - Generated strong development SECRET_KEY (persisted).
2025-09-16 22:30:23,407 - INFO - n/a - new_structure - GET / - Rate limiter storage active: memory://
2025-09-16 22:30:23,768 - INFO - n/a - mark_validation - GET / - Mark sanitizer middleware initialized
2025-09-16 22:30:24,106 - WARNING - n/a - new_structure - GET / - SECRET_KEY hardening issue: Refusing to start with weak SECRET_KEY in production. Provide a strong SECRET_KEY (recommended >=32 random hex chars).
2025-09-16 22:30:24,112 - WARNING - n/a - new_structure - GET / - Overriding configured redis RATELIMIT_STORAGE_URL with memory:// due to earlier fallback
2025-09-16 22:30:24,112 - WARNING - n/a - new_structure - GET / - Overriding configured redis RATELIMIT_STORAGE_URL with memory:// due to earlier fallback
2025-09-16 22:30:24,115 - WARNING - n/a - new_structure - GET / - Limiter initialization failed; continuing without limits: In-memory rate limiting backend is not allowed in production. Set RATE_LIMIT_STORAGE_URI to a Redis URI or ALLOW_IN_MEMORY_LIMITS=1 for a temporary override.
2025-09-16 22:30:24,115 - WARNING - n/a - new_structure - GET / - Limiter initialization failed; continuing without limits: In-memory rate limiting backend is not allowed in production. Set RATE_LIMIT_STORAGE_URI to a Redis URI or ALLOW_IN_MEMORY_LIMITS=1 for a temporary override.
2025-09-16 22:30:25,096 - INFO - n/a - mark_validation - GET / - Mark sanitizer middleware initialized
2025-09-16 22:30:25,096 - INFO - n/a - mark_validation - GET / - Mark sanitizer middleware initialized
2025-09-16 22:30:25,099 - WARNING - n/a - root - GET / - SECURITY VALIDATION: Weak SECRET_KEY detected
2025-09-16 22:30:25,099 - WARNING - n/a - root - GET / - SECURITY VALIDATION: Weak SECRET_KEY detected
2025-09-16 22:30:25,101 - WARNING - n/a - root - GET / - SECURITY VALIDATION: In-memory rate limit storage in production
2025-09-16 22:30:25,101 - WARNING - n/a - root - GET / - SECURITY VALIDATION: In-memory rate limit storage in production
2025-09-16 22:30:25,102 - WARNING - n/a - root - GET / - Security validation completed with issues: 2
2025-09-16 22:30:25,102 - WARNING - n/a - root - GET / - Security validation completed with issues: 2
2025-09-16 22:30:25,420 - WARNING - n/a - new_structure - GET / - Overriding configured redis RATELIMIT_STORAGE_URL with memory:// due to earlier fallback
2025-09-16 22:30:25,420 - WARNING - n/a - new_structure - GET / - Overriding configured redis RATELIMIT_STORAGE_URL with memory:// due to earlier fallback
2025-09-16 22:30:25,420 - WARNING - n/a - new_structure - GET / - Overriding configured redis RATELIMIT_STORAGE_URL with memory:// due to earlier fallback
2025-09-16 22:30:25,423 - WARNING - n/a - new_structure - GET / - Limiter initialization failed; continuing without limits: In-memory rate limiting backend is not allowed in production. Set RATE_LIMIT_STORAGE_URI to a Redis URI or ALLOW_IN_MEMORY_LIMITS=1 for a temporary override.
2025-09-16 22:30:25,423 - WARNING - n/a - new_structure - GET / - Limiter initialization failed; continuing without limits: In-memory rate limiting backend is not allowed in production. Set RATE_LIMIT_STORAGE_URI to a Redis URI or ALLOW_IN_MEMORY_LIMITS=1 for a temporary override.
2025-09-16 22:30:25,423 - WARNING - n/a - new_structure - GET / - Limiter initialization failed; continuing without limits: In-memory rate limiting backend is not allowed in production. Set RATE_LIMIT_STORAGE_URI to a Redis URI or ALLOW_IN_MEMORY_LIMITS=1 for a temporary override.
2025-09-16 22:30:26,157 - INFO - n/a - mark_validation - GET / - Mark sanitizer middleware initialized
2025-09-16 22:30:26,157 - INFO - n/a - mark_validation - GET / - Mark sanitizer middleware initialized
2025-09-16 22:30:26,157 - INFO - n/a - mark_validation - GET / - Mark sanitizer middleware initialized
2025-09-16 22:30:26,161 - WARNING - n/a - root - GET / - SECURITY VALIDATION: In-memory rate limit storage in production
2025-09-16 22:30:26,161 - WARNING - n/a - root - GET / - SECURITY VALIDATION: In-memory rate limit storage in production
2025-09-16 22:30:26,161 - WARNING - n/a - root - GET / - SECURITY VALIDATION: In-memory rate limit storage in production
2025-09-16 22:30:26,164 - WARNING - n/a - root - GET / - Security validation completed with issues: 1
2025-09-16 22:30:26,164 - WARNING - n/a - root - GET / - Security validation completed with issues: 1
2025-09-16 22:30:26,164 - WARNING - n/a - root - GET / - Security validation completed with issues: 1
2025-09-16 22:30:26,469 - WARNING - n/a - new_structure - GET / - Overriding configured redis RATELIMIT_STORAGE_URL with memory:// due to earlier fallback
2025-09-16 22:30:26,469 - WARNING - n/a - new_structure - GET / - Overriding configured redis RATELIMIT_STORAGE_URL with memory:// due to earlier fallback
2025-09-16 22:30:26,469 - WARNING - n/a - new_structure - GET / - Overriding configured redis RATELIMIT_STORAGE_URL with memory:// due to earlier fallback
2025-09-16 22:30:26,469 - WARNING - n/a - new_structure - GET / - Overriding configured redis RATELIMIT_STORAGE_URL with memory:// due to earlier fallback
2025-09-16 22:30:26,473 - INFO - n/a - new_structure - GET / - Rate limiter storage active: memory://
2025-09-16 22:30:26,473 - INFO - n/a - new_structure - GET / - Rate limiter storage active: memory://
2025-09-16 22:30:26,473 - INFO - n/a - new_structure - GET / - Rate limiter storage active: memory://
2025-09-16 22:30:26,473 - INFO - n/a - new_structure - GET / - Rate limiter storage active: memory://
2025-09-16 22:30:27,367 - INFO - n/a - mark_validation - GET / - Mark sanitizer middleware initialized
2025-09-16 22:30:27,367 - INFO - n/a - mark_validation - GET / - Mark sanitizer middleware initialized
2025-09-16 22:30:27,367 - INFO - n/a - mark_validation - GET / - Mark sanitizer middleware initialized
2025-09-16 22:30:27,367 - INFO - n/a - mark_validation - GET / - Mark sanitizer middleware initialized
2025-09-16 22:30:27,380 - INFO - n/a - new_structure -   - Generated strong development SECRET_KEY (persisted).
2025-09-16 22:30:27,380 - INFO - n/a - new_structure -   - Generated strong development SECRET_KEY (persisted).
2025-09-16 22:30:27,380 - INFO - n/a - new_structure -   - Generated strong development SECRET_KEY (persisted).
2025-09-16 22:30:27,380 - INFO - n/a - new_structure -   - Generated strong development SECRET_KEY (persisted).
2025-09-16 22:31:20,374 - INFO - n/a - new_structure - GET / - Rate limiter storage active: memory://
2025-09-16 22:31:20,375 - INFO - n/a - new_structure.utils.database_init - GET / - ? Starting database initialization (MySQL mode)
2025-09-16 22:31:20,377 - ERROR - n/a - new_structure.utils.database_init - GET / - Error creating tables: The current Flask app is not registered with this 'SQLAlchemy' instance. Did you forget to call 'init_app', or did you create multiple 'SQLAlchemy' instances?
2025-09-16 22:31:20,762 - INFO - n/a - mark_validation - GET / - Mark sanitizer middleware initialized
2025-09-16 22:31:23,925 - WARNING - 745a53561b7745f8af47e710d22e6389 - new_structure - GET /classteacher/subject_report/1/1/1/1/1 - subject_report.unauthorized_access
2025-09-16 22:31:23,928 - INFO - 745a53561b7745f8af47e710d22e6389 - new_structure - GET /classteacher/subject_report/1/1/1/1/1 - {'event': 'report.subject.view:completed', 'correlation_id': '4da0d2f8-aa58-4065-a49c-dd871958c1ec', 'ip': '127.0.0.1', 'method': 'GET', 'path': '/classteacher/subject_report/1/1/1/1/1', 'role': 'teacher', 'teacher_id': 6, 'status': 403}
2025-09-16 22:31:23,979 - WARNING - 76daa05f802d4fea81457c59078f3d83 - new_structure - GET /classteacher/subject_report/1/1/1/1/1 - subject_report.unauthorized_access
2025-09-16 22:31:23,982 - INFO - 76daa05f802d4fea81457c59078f3d83 - new_structure - GET /classteacher/subject_report/1/1/1/1/1 - {'event': 'report.subject.view:completed', 'correlation_id': '92c65145-74d3-4ecf-9b6a-d949fafd5cb3', 'ip': '127.0.0.1', 'method': 'GET', 'path': '/classteacher/subject_report/1/1/1/1/1', 'role': 'teacher', 'teacher_id': 5, 'status': 403}
2025-09-16 22:31:24,050 - WARNING - 3820a30fbf164530a2eede5ec805227b - new_structure - GET /classteacher/subject_report/1/1/1/999/1 - subject_report.invalid_parameters
2025-09-16 22:31:24,053 - INFO - 3820a30fbf164530a2eede5ec805227b - new_structure - GET /classteacher/subject_report/1/1/1/999/1 - {'event': 'report.subject.view:completed', 'correlation_id': '8cc3d4fc-6e56-4ab3-b03f-e4d3b97527cd', 'ip': '127.0.0.1', 'method': 'GET', 'path': '/classteacher/subject_report/1/1/1/999/1', 'role': 'teacher', 'teacher_id': 5, 'status': 400}
2025-09-16 22:31:24,957 - INFO - 9f07eff6622d475cb97028f526eb834d - new_structure - GET /classteacher/subject_report/1/1/1/1/1 - subject_report.no_marks
2025-09-16 22:31:24,960 - INFO - 9f07eff6622d475cb97028f526eb834d - new_structure - GET /classteacher/subject_report/1/1/1/1/1 - {'event': 'report.subject.view:completed', 'correlation_id': 'b3b16c5a-eb50-4b80-994e-0bc2e3982753', 'ip': '127.0.0.1', 'method': 'GET', 'path': '/classteacher/subject_report/1/1/1/1/1', 'role': 'headteacher', 'teacher_id': 1, 'status': 404}
2025-09-16 22:31:25,027 - INFO - 72940c8efdfb4b55982312671424ead4 - new_structure - GET /classteacher/subject_report/1/1/1/1/1 - subject_report.no_marks
2025-09-16 22:31:25,028 - INFO - 72940c8efdfb4b55982312671424ead4 - new_structure - GET /classteacher/subject_report/1/1/1/1/1 - {'event': 'report.subject.view:completed', 'correlation_id': '50f0a18c-79d5-42ba-991f-f5e652b0022f', 'ip': '127.0.0.1', 'method': 'GET', 'path': '/classteacher/subject_report/1/1/1/1/1', 'role': 'classteacher', 'teacher_id': 7, 'status': 404}
2025-09-16 22:31:25,057 - INFO - n/a - new_structure -   - Generated strong development SECRET_KEY (persisted).
2025-09-16 22:45:40,954 - WARNING - n/a - new_structure - GET / - Overriding configured redis RATELIMIT_STORAGE_URL with memory:// due to earlier fallback
2025-09-16 22:45:40,957 - WARNING - n/a - new_structure - GET / - Limiter initialization failed; continuing without limits: In-memory rate limiting backend is not allowed in production. Set RATE_LIMIT_STORAGE_URI to a Redis URI or ALLOW_IN_MEMORY_LIMITS=1 for a temporary override.
2025-09-16 22:45:40,973 - INFO - n/a - new_structure.utils.database_init - GET / - ? Starting database initialization (MySQL mode)
2025-09-16 22:45:41,003 - INFO - n/a - new_structure.utils.database_init - GET / - ? Tables ensured (SQLAlchemy metadata create_all)
2025-09-16 22:45:46,477 - INFO - n/a - new_structure.utils.database_init - GET / - ? Default users added
2025-09-16 22:45:46,494 - INFO - n/a - new_structure.utils.database_init - GET / - ?? Academic structure seeded
2025-09-16 22:45:46,505 - INFO - n/a - new_structure.utils.database_init - GET / - ? Subjects seeded
2025-09-16 22:45:46,507 - INFO - n/a - new_structure.utils.database_init - GET / - ? School configuration created
2025-09-16 22:45:46,564 - INFO - n/a - new_structure.utils.database_init - GET / - ? Default data seeded successfully
2025-09-16 22:45:47,215 - INFO - n/a - mark_validation - GET / - Mark sanitizer middleware initialized
2025-09-16 22:45:47,227 - WARNING - n/a - root - GET / - SECURITY VALIDATION: In-memory rate limit storage in production
2025-09-16 22:45:47,251 - WARNING - n/a - root - GET / - Security validation completed with issues: 1
2025-09-16 22:45:47,253 - WARNING - n/a - new_structure - GET / - Proceeding with in-memory rate limiter under allowed test override (ephemeral sqlite).
2025-09-16 22:45:47,507 - INFO - n/a - new_structure - GET / - Generated strong development SECRET_KEY (persisted).
2025-09-16 22:45:51,370 - WARNING - n/a - new_structure - GET / - Overriding configured redis RATELIMIT_STORAGE_URL with memory:// due to earlier fallback
2025-09-16 22:45:51,404 - WARNING - n/a - new_structure - GET / - Limiter initialization failed; continuing without limits: In-memory rate limiting backend is not allowed in production. Set RATE_LIMIT_STORAGE_URI to a Redis URI or ALLOW_IN_MEMORY_LIMITS=1 for a temporary override.
2025-09-16 22:45:51,419 - INFO - n/a - new_structure.utils.database_init - GET / - ? Starting database initialization (MySQL mode)
2025-09-16 22:45:51,505 - INFO - n/a - new_structure.utils.database_init - GET / - ? Tables ensured (SQLAlchemy metadata create_all)
2025-09-16 22:45:57,652 - INFO - n/a - new_structure.utils.database_init - GET / - ? Default users added
2025-09-16 22:45:57,666 - INFO - n/a - new_structure.utils.database_init - GET / - ?? Academic structure seeded
2025-09-16 22:45:57,668 - INFO - n/a - new_structure.utils.database_init - GET / - ? Subjects seeded
2025-09-16 22:45:57,669 - INFO - n/a - new_structure.utils.database_init - GET / - ? School configuration created
2025-09-16 22:45:57,691 - INFO - n/a - new_structure.utils.database_init - GET / - ? Default data seeded successfully
2025-09-16 22:45:58,157 - INFO - n/a - mark_validation - GET / - Mark sanitizer middleware initialized
2025-09-16 22:45:58,161 - WARNING - n/a - root - GET / - SECURITY VALIDATION: In-memory rate limit storage in production
2025-09-16 22:45:58,162 - WARNING - n/a - root - GET / - Security validation completed with issues: 1
2025-09-16 22:45:58,163 - WARNING - n/a - new_structure - GET / - Proceeding with in-memory rate limiter under allowed test override (ephemeral sqlite).
2025-09-16 22:45:58,374 - INFO - n/a - new_structure - GET / - Generated strong development SECRET_KEY (persisted).
2025-09-16 22:45:58,378 - INFO - n/a - new_structure - GET / - Rate limiter storage active: memory://
2025-09-16 22:45:58,378 - INFO - n/a - new_structure - GET / - Rate limiter storage active: memory://
2025-09-16 22:45:58,386 - INFO - n/a - new_structure.utils.database_init - GET / - ? Starting database initialization (MySQL mode)
2025-09-16 22:45:58,386 - INFO - n/a - new_structure.utils.database_init - GET / - ? Starting database initialization (MySQL mode)
2025-09-16 22:45:58,422 - INFO - n/a - new_structure.utils.database_init - GET / - ? Tables ensured (SQLAlchemy metadata create_all)
2025-09-16 22:45:58,422 - INFO - n/a - new_structure.utils.database_init - GET / - ? Tables ensured (SQLAlchemy metadata create_all)
2025-09-16 22:46:04,153 - INFO - n/a - new_structure.utils.database_init - GET / - ? Default users added
2025-09-16 22:46:04,153 - INFO - n/a - new_structure.utils.database_init - GET / - ? Default users added
2025-09-16 22:46:04,174 - INFO - n/a - new_structure.utils.database_init - GET / - ?? Academic structure seeded
2025-09-16 22:46:04,174 - INFO - n/a - new_structure.utils.database_init - GET / - ?? Academic structure seeded
2025-09-16 22:46:04,175 - INFO - n/a - new_structure.utils.database_init - GET / - ? Subjects seeded
2025-09-16 22:46:04,175 - INFO - n/a - new_structure.utils.database_init - GET / - ? Subjects seeded
2025-09-16 22:46:04,176 - INFO - n/a - new_structure.utils.database_init - GET / - ? School configuration created
2025-09-16 22:46:04,176 - INFO - n/a - new_structure.utils.database_init - GET / - ? School configuration created
2025-09-16 22:46:04,205 - INFO - n/a - new_structure.utils.database_init - GET / - ? Default data seeded successfully
2025-09-16 22:46:04,205 - INFO - n/a - new_structure.utils.database_init - GET / - ? Default data seeded successfully
2025-09-16 22:46:04,697 - INFO - n/a - mark_validation - GET / - Mark sanitizer middleware initialized
2025-09-16 22:46:04,697 - INFO - n/a - mark_validation - GET / - Mark sanitizer middleware initialized
2025-09-16 23:04:30,539 - INFO - n/a - new_structure - GET / - Rate limiter storage active: memory://
2025-09-16 23:04:30,883 - INFO - n/a - mark_validation - GET / - Mark sanitizer middleware initialized
2025-09-16 23:04:31,189 - WARNING - n/a - new_structure - GET / - SECRET_KEY hardening issue: Refusing to start with weak SECRET_KEY in production. Provide a strong SECRET_KEY (recommended >=32 random hex chars).
2025-09-16 23:04:31,194 - WARNING - n/a - new_structure - GET / - Overriding configured redis RATELIMIT_STORAGE_URL with memory:// due to earlier fallback
2025-09-16 23:04:31,194 - WARNING - n/a - new_structure - GET / - Overriding configured redis RATELIMIT_STORAGE_URL with memory:// due to earlier fallback
2025-09-16 23:04:31,196 - WARNING - n/a - new_structure - GET / - Limiter initialization failed; continuing without limits: In-memory rate limiting backend is not allowed in production. Set RATE_LIMIT_STORAGE_URI to a Redis URI or ALLOW_IN_MEMORY_LIMITS=1 for a temporary override.
2025-09-16 23:04:31,196 - WARNING - n/a - new_structure - GET / - Limiter initialization failed; continuing without limits: In-memory rate limiting backend is not allowed in production. Set RATE_LIMIT_STORAGE_URI to a Redis URI or ALLOW_IN_MEMORY_LIMITS=1 for a temporary override.
2025-09-16 23:04:32,023 - INFO - n/a - mark_validation - GET / - Mark sanitizer middleware initialized
2025-09-16 23:04:32,023 - INFO - n/a - mark_validation - GET / - Mark sanitizer middleware initialized
2025-09-16 23:04:32,025 - WARNING - n/a - root - GET / - SECURITY VALIDATION: Weak SECRET_KEY detected
2025-09-16 23:04:32,025 - WARNING - n/a - root - GET / - SECURITY VALIDATION: Weak SECRET_KEY detected
2025-09-16 23:04:32,026 - WARNING - n/a - root - GET / - SECURITY VALIDATION: In-memory rate limit storage in production
2025-09-16 23:04:32,026 - WARNING - n/a - root - GET / - SECURITY VALIDATION: In-memory rate limit storage in production
2025-09-16 23:04:32,027 - WARNING - n/a - root - GET / - Security validation completed with issues: 2
2025-09-16 23:04:32,027 - WARNING - n/a - root - GET / - Security validation completed with issues: 2
2025-09-16 23:04:32,323 - WARNING - n/a - new_structure - GET / - Overriding configured redis RATELIMIT_STORAGE_URL with memory:// due to earlier fallback
2025-09-16 23:04:32,323 - WARNING - n/a - new_structure - GET / - Overriding configured redis RATELIMIT_STORAGE_URL with memory:// due to earlier fallback
2025-09-16 23:04:32,323 - WARNING - n/a - new_structure - GET / - Overriding configured redis RATELIMIT_STORAGE_URL with memory:// due to earlier fallback
2025-09-16 23:04:32,327 - WARNING - n/a - new_structure - GET / - Limiter initialization failed; continuing without limits: In-memory rate limiting backend is not allowed in production. Set RATE_LIMIT_STORAGE_URI to a Redis URI or ALLOW_IN_MEMORY_LIMITS=1 for a temporary override.
2025-09-16 23:04:32,327 - WARNING - n/a - new_structure - GET / - Limiter initialization failed; continuing without limits: In-memory rate limiting backend is not allowed in production. Set RATE_LIMIT_STORAGE_URI to a Redis URI or ALLOW_IN_MEMORY_LIMITS=1 for a temporary override.
2025-09-16 23:04:32,327 - WARNING - n/a - new_structure - GET / - Limiter initialization failed; continuing without limits: In-memory rate limiting backend is not allowed in production. Set RATE_LIMIT_STORAGE_URI to a Redis URI or ALLOW_IN_MEMORY_LIMITS=1 for a temporary override.
2025-09-16 23:04:33,036 - INFO - n/a - mark_validation - GET / - Mark sanitizer middleware initialized
2025-09-16 23:04:33,036 - INFO - n/a - mark_validation - GET / - Mark sanitizer middleware initialized
2025-09-16 23:04:33,036 - INFO - n/a - mark_validation - GET / - Mark sanitizer middleware initialized
2025-09-16 23:04:33,039 - WARNING - n/a - root - GET / - SECURITY VALIDATION: In-memory rate limit storage in production
2025-09-16 23:04:33,039 - WARNING - n/a - root - GET / - SECURITY VALIDATION: In-memory rate limit storage in production
2025-09-16 23:04:33,039 - WARNING - n/a - root - GET / - SECURITY VALIDATION: In-memory rate limit storage in production
2025-09-16 23:04:33,040 - WARNING - n/a - root - GET / - Security validation completed with issues: 1
2025-09-16 23:04:33,040 - WARNING - n/a - root - GET / - Security validation completed with issues: 1
2025-09-16 23:04:33,040 - WARNING - n/a - root - GET / - Security validation completed with issues: 1
2025-09-16 23:04:33,280 - WARNING - n/a - new_structure - GET / - Overriding configured redis RATELIMIT_STORAGE_URL with memory:// due to earlier fallback
2025-09-16 23:04:33,280 - WARNING - n/a - new_structure - GET / - Overriding configured redis RATELIMIT_STORAGE_URL with memory:// due to earlier fallback
2025-09-16 23:04:33,280 - WARNING - n/a - new_structure - GET / - Overriding configured redis RATELIMIT_STORAGE_URL with memory:// due to earlier fallback
2025-09-16 23:04:33,280 - WARNING - n/a - new_structure - GET / - Overriding configured redis RATELIMIT_STORAGE_URL with memory:// due to earlier fallback
2025-09-16 23:04:33,285 - INFO - n/a - new_structure - GET / - Rate limiter storage active: memory://
2025-09-16 23:04:33,285 - INFO - n/a - new_structure - GET / - Rate limiter storage active: memory://
2025-09-16 23:04:33,285 - INFO - n/a - new_structure - GET / - Rate limiter storage active: memory://
2025-09-16 23:04:33,285 - INFO - n/a - new_structure - GET / - Rate limiter storage active: memory://
2025-09-16 23:04:34,083 - INFO - n/a - mark_validation - GET / - Mark sanitizer middleware initialized
2025-09-16 23:04:34,083 - INFO - n/a - mark_validation - GET / - Mark sanitizer middleware initialized
2025-09-16 23:04:34,083 - INFO - n/a - mark_validation - GET / - Mark sanitizer middleware initialized
2025-09-16 23:04:34,083 - INFO - n/a - mark_validation - GET / - Mark sanitizer middleware initialized
2025-09-16 23:04:34,097 - INFO - n/a - new_structure -   - Generated strong development SECRET_KEY (persisted).
2025-09-16 23:04:34,097 - INFO - n/a - new_structure -   - Generated strong development SECRET_KEY (persisted).
2025-09-16 23:04:34,097 - INFO - n/a - new_structure -   - Generated strong development SECRET_KEY (persisted).
2025-09-16 23:04:34,097 - INFO - n/a - new_structure -   - Generated strong development SECRET_KEY (persisted).
2025-09-16 23:04:38,100 - INFO - n/a - new_structure - GET / - Rate limiter storage active: memory://
2025-09-16 23:04:38,102 - INFO - n/a - new_structure.utils.database_init - GET / - ? Starting database initialization (MySQL mode)
2025-09-16 23:04:38,103 - ERROR - n/a - new_structure.utils.database_init - GET / - Error creating tables: The current Flask app is not registered with this 'SQLAlchemy' instance. Did you forget to call 'init_app', or did you create multiple 'SQLAlchemy' instances?
2025-09-16 23:04:38,360 - INFO - n/a - mark_validation - GET / - Mark sanitizer middleware initialized
2025-09-16 23:04:40,361 - WARNING - 191ca1d62090477b9f1068f47ec9a416 - new_structure - GET /classteacher/subject_report/2/2/1/1/1 - subject_report.unauthorized_access
2025-09-16 23:04:40,362 - INFO - 191ca1d62090477b9f1068f47ec9a416 - new_structure - GET /classteacher/subject_report/2/2/1/1/1 - {'event': 'report.subject.view:completed', 'correlation_id': '57ef31ae-fa2c-[REDACTED-PHONE]a36bf3912ead', 'ip': '127.0.0.1', 'method': 'GET', 'path': '/classteacher/subject_report/2/2/1/1/1', 'role': 'teacher', 'teacher_id': 8, 'status': 403}
2025-09-16 23:04:40,404 - ERROR - 5c644fb8106b4899b9a66c0f3777c47e - new_structure - GET /classteacher/subject_report/2/2/1/1/1 - subject_report.error
Traceback (most recent call last):
  File "C:\Users\MKT\desktop\twik\phase1\new_structure\..\new_structure\views\classteacher.py", line 10596, in subject_report
    school_info = SchoolConfigService.get_school_info_dict()
                  ^^^^^^^^^^^^^^^^^^^^^^^^^^^^^^^^^^^^^^^^^^
  File "C:\Users\MKT\desktop\twik\phase1\new_structure\..\new_structure\services\school_config_service.py", line 229, in get_school_info_dict
    config = SchoolConfiguration.get_config()
             ^^^^^^^^^^^^^^^^^^^^^^^^^^^^^^^^
  File "C:\Users\MKT\desktop\twik\phase1\new_structure\..\new_structure\models\academic.py", line 65, in get_config
    config = cls.query.first()
             ^^^^^^^^^^^^^^^^^
  File "C:\Users\MKT\AppData\Local\Programs\Python\Python311\Lib\site-packages\sqlalchemy\orm\query.py", line 2748, in first
    return self.limit(1)._iter().first()  # type: ignore
           ^^^^^^^^^^^^^^^^^^^^^
  File "C:\Users\MKT\AppData\Local\Programs\Python\Python311\Lib\site-packages\sqlalchemy\orm\query.py", line 2847, in _iter
    result: Union[ScalarResult[_T], Result[_T]] = self.session.execute(
                                                  ^^^^^^^^^^^^^^^^^^^^^
  File "C:\Users\MKT\AppData\Local\Programs\Python\Python311\Lib\site-packages\sqlalchemy\orm\session.py", line 2308, in execute
    return self._execute_internal(
           ^^^^^^^^^^^^^^^^^^^^^^^
  File "C:\Users\MKT\AppData\Local\Programs\Python\Python311\Lib\site-packages\sqlalchemy\orm\session.py", line 2178, in _execute_internal
    bind = self.get_bind(**bind_arguments)
           ^^^^^^^^^^^^^^^^^^^^^^^^^^^^^^^
  File "C:\Users\MKT\AppData\Local\Programs\Python\Python311\Lib\site-packages\flask_sqlalchemy\session.py", line 53, in get_bind
    engines = self._db.engines
              ^^^^^^^^^^^^^^^^
  File "C:\Users\MKT\AppData\Local\Programs\Python\Python311\Lib\site-packages\flask_sqlalchemy\extension.py", line 642, in engines
    raise RuntimeError(
RuntimeError: The current Flask app is not registered with this 'SQLAlchemy' instance. Did you forget to call 'init_app', or did you create multiple 'SQLAlchemy' instances?
2025-09-16 23:04:40,409 - INFO - 5c644fb8106b4899b9a66c0f3777c47e - new_structure - GET /classteacher/subject_report/2/2/1/1/1 - {'event': 'report.subject.view:completed', 'correlation_id': '991fe2a9-c23d-[REDACTED-PHONE]3a32b50f1c34', 'ip': '127.0.0.1', 'method': 'GET', 'path': '/classteacher/subject_report/2/2/1/1/1', 'role': 'teacher', 'teacher_id': 7, 'status': 500}
2025-09-16 23:04:40,458 - WARNING - 7529103883ca403289c32be6cf0b7569 - new_structure - GET /classteacher/subject_report/2/2/1/999/1 - subject_report.invalid_parameters
2025-09-16 23:04:40,460 - INFO - 7529103883ca403289c32be6cf0b7569 - new_structure - GET /classteacher/subject_report/2/2/1/999/1 - {'event': 'report.subject.view:completed', 'correlation_id': '0df405da-1e79-4e51-8ec0-607aa933327f', 'ip': '127.0.0.1', 'method': 'GET', 'path': '/classteacher/subject_report/2/2/1/999/1', 'role': 'teacher', 'teacher_id': 7, 'status': 400}
2025-09-16 23:04:41,003 - ERROR - f19e85b5b5cb4ec092fb181366046f19 - new_structure - GET /classteacher/subject_report/2/2/1/1/1 - subject_report.error
Traceback (most recent call last):
  File "C:\Users\MKT\desktop\twik\phase1\new_structure\..\new_structure\views\classteacher.py", line 10596, in subject_report
    school_info = SchoolConfigService.get_school_info_dict()
                  ^^^^^^^^^^^^^^^^^^^^^^^^^^^^^^^^^^^^^^^^^^
  File "C:\Users\MKT\desktop\twik\phase1\new_structure\..\new_structure\services\school_config_service.py", line 229, in get_school_info_dict
    config = SchoolConfiguration.get_config()
             ^^^^^^^^^^^^^^^^^^^^^^^^^^^^^^^^
  File "C:\Users\MKT\desktop\twik\phase1\new_structure\..\new_structure\models\academic.py", line 65, in get_config
    config = cls.query.first()
             ^^^^^^^^^^^^^^^^^
  File "C:\Users\MKT\AppData\Local\Programs\Python\Python311\Lib\site-packages\sqlalchemy\orm\query.py", line 2748, in first
    return self.limit(1)._iter().first()  # type: ignore
           ^^^^^^^^^^^^^^^^^^^^^
  File "C:\Users\MKT\AppData\Local\Programs\Python\Python311\Lib\site-packages\sqlalchemy\orm\query.py", line 2847, in _iter
    result: Union[ScalarResult[_T], Result[_T]] = self.session.execute(
                                                  ^^^^^^^^^^^^^^^^^^^^^
  File "C:\Users\MKT\AppData\Local\Programs\Python\Python311\Lib\site-packages\sqlalchemy\orm\session.py", line 2308, in execute
    return self._execute_internal(
           ^^^^^^^^^^^^^^^^^^^^^^^
  File "C:\Users\MKT\AppData\Local\Programs\Python\Python311\Lib\site-packages\sqlalchemy\orm\session.py", line 2178, in _execute_internal
    bind = self.get_bind(**bind_arguments)
           ^^^^^^^^^^^^^^^^^^^^^^^^^^^^^^^
  File "C:\Users\MKT\AppData\Local\Programs\Python\Python311\Lib\site-packages\flask_sqlalchemy\session.py", line 53, in get_bind
    engines = self._db.engines
              ^^^^^^^^^^^^^^^^
  File "C:\Users\MKT\AppData\Local\Programs\Python\Python311\Lib\site-packages\flask_sqlalchemy\extension.py", line 642, in engines
    raise RuntimeError(
RuntimeError: The current Flask app is not registered with this 'SQLAlchemy' instance. Did you forget to call 'init_app', or did you create multiple 'SQLAlchemy' instances?
2025-09-16 23:04:41,006 - INFO - f19e85b5b5cb4ec092fb181366046f19 - new_structure - GET /classteacher/subject_report/2/2/1/1/1 - {'event': 'report.subject.view:completed', 'correlation_id': '7907489e-[REDACTED-PHONE]b160-ad3a2c9a1a2f', 'ip': '127.0.0.1', 'method': 'GET', 'path': '/classteacher/subject_report/2/2/1/1/1', 'role': 'headteacher', 'teacher_id': 1, 'status': 500}
2025-09-16 23:04:41,056 - ERROR - 3edfbd2164af448f914fbd2598dabd11 - new_structure - GET /classteacher/subject_report/2/2/1/1/1 - subject_report.error
Traceback (most recent call last):
  File "C:\Users\MKT\desktop\twik\phase1\new_structure\..\new_structure\views\classteacher.py", line 10596, in subject_report
    school_info = SchoolConfigService.get_school_info_dict()
                  ^^^^^^^^^^^^^^^^^^^^^^^^^^^^^^^^^^^^^^^^^^
  File "C:\Users\MKT\desktop\twik\phase1\new_structure\..\new_structure\services\school_config_service.py", line 229, in get_school_info_dict
    config = SchoolConfiguration.get_config()
             ^^^^^^^^^^^^^^^^^^^^^^^^^^^^^^^^
  File "C:\Users\MKT\desktop\twik\phase1\new_structure\..\new_structure\models\academic.py", line 65, in get_config
    config = cls.query.first()
             ^^^^^^^^^^^^^^^^^
  File "C:\Users\MKT\AppData\Local\Programs\Python\Python311\Lib\site-packages\sqlalchemy\orm\query.py", line 2748, in first
    return self.limit(1)._iter().first()  # type: ignore
           ^^^^^^^^^^^^^^^^^^^^^
  File "C:\Users\MKT\AppData\Local\Programs\Python\Python311\Lib\site-packages\sqlalchemy\orm\query.py", line 2847, in _iter
    result: Union[ScalarResult[_T], Result[_T]] = self.session.execute(
                                                  ^^^^^^^^^^^^^^^^^^^^^
  File "C:\Users\MKT\AppData\Local\Programs\Python\Python311\Lib\site-packages\sqlalchemy\orm\session.py", line 2308, in execute
    return self._execute_internal(
           ^^^^^^^^^^^^^^^^^^^^^^^
  File "C:\Users\MKT\AppData\Local\Programs\Python\Python311\Lib\site-packages\sqlalchemy\orm\session.py", line 2178, in _execute_internal
    bind = self.get_bind(**bind_arguments)
           ^^^^^^^^^^^^^^^^^^^^^^^^^^^^^^^
  File "C:\Users\MKT\AppData\Local\Programs\Python\Python311\Lib\site-packages\flask_sqlalchemy\session.py", line 53, in get_bind
    engines = self._db.engines
              ^^^^^^^^^^^^^^^^
  File "C:\Users\MKT\AppData\Local\Programs\Python\Python311\Lib\site-packages\flask_sqlalchemy\extension.py", line 642, in engines
    raise RuntimeError(
RuntimeError: The current Flask app is not registered with this 'SQLAlchemy' instance. Did you forget to call 'init_app', or did you create multiple 'SQLAlchemy' instances?
2025-09-16 23:04:41,059 - INFO - 3edfbd2164af448f914fbd2598dabd11 - new_structure - GET /classteacher/subject_report/2/2/1/1/1 - {'event': 'report.subject.view:completed', 'correlation_id': '0aac4a4f-0317-4d85-8337-375b2bb702fc', 'ip': '127.0.0.1', 'method': 'GET', 'path': '/classteacher/subject_report/2/2/1/1/1', 'role': 'classteacher', 'teacher_id': 9, 'status': 500}
2025-09-16 23:04:41,085 - INFO - n/a - new_structure -   - Generated strong development SECRET_KEY (persisted).
2025-09-16 23:14:46,864 - INFO - n/a - new_structure - GET / - Rate limiter storage active: memory://
2025-09-16 23:14:47,298 - INFO - n/a - mark_validation - GET / - Mark sanitizer middleware initialized
2025-09-16 23:14:47,661 - WARNING - n/a - new_structure - GET / - SECRET_KEY hardening issue: Refusing to start with weak SECRET_KEY in production. Provide a strong SECRET_KEY (recommended >=32 random hex chars).
2025-09-16 23:14:47,669 - WARNING - n/a - new_structure - GET / - Overriding configured redis RATELIMIT_STORAGE_URL with memory:// due to earlier fallback
2025-09-16 23:14:47,669 - WARNING - n/a - new_structure - GET / - Overriding configured redis RATELIMIT_STORAGE_URL with memory:// due to earlier fallback
2025-09-16 23:14:47,672 - WARNING - n/a - new_structure - GET / - Limiter initialization failed; continuing without limits: In-memory rate limiting backend is not allowed in production. Set RATE_LIMIT_STORAGE_URI to a Redis URI or ALLOW_IN_MEMORY_LIMITS=1 for a temporary override.
2025-09-16 23:14:47,672 - WARNING - n/a - new_structure - GET / - Limiter initialization failed; continuing without limits: In-memory rate limiting backend is not allowed in production. Set RATE_LIMIT_STORAGE_URI to a Redis URI or ALLOW_IN_MEMORY_LIMITS=1 for a temporary override.
2025-09-16 23:14:48,707 - INFO - n/a - mark_validation - GET / - Mark sanitizer middleware initialized
2025-09-16 23:14:48,707 - INFO - n/a - mark_validation - GET / - Mark sanitizer middleware initialized
2025-09-16 23:14:48,711 - WARNING - n/a - root - GET / - SECURITY VALIDATION: Weak SECRET_KEY detected
2025-09-16 23:14:48,711 - WARNING - n/a - root - GET / - SECURITY VALIDATION: Weak SECRET_KEY detected
2025-09-16 23:14:48,713 - WARNING - n/a - root - GET / - SECURITY VALIDATION: In-memory rate limit storage in production
2025-09-16 23:14:48,713 - WARNING - n/a - root - GET / - SECURITY VALIDATION: In-memory rate limit storage in production
2025-09-16 23:14:48,715 - WARNING - n/a - root - GET / - Security validation completed with issues: 2
2025-09-16 23:14:48,715 - WARNING - n/a - root - GET / - Security validation completed with issues: 2
2025-09-16 23:14:49,056 - WARNING - n/a - new_structure - GET / - Overriding configured redis RATELIMIT_STORAGE_URL with memory:// due to earlier fallback
2025-09-16 23:14:49,056 - WARNING - n/a - new_structure - GET / - Overriding configured redis RATELIMIT_STORAGE_URL with memory:// due to earlier fallback
2025-09-16 23:14:49,056 - WARNING - n/a - new_structure - GET / - Overriding configured redis RATELIMIT_STORAGE_URL with memory:// due to earlier fallback
2025-09-16 23:14:49,059 - WARNING - n/a - new_structure - GET / - Limiter initialization failed; continuing without limits: In-memory rate limiting backend is not allowed in production. Set RATE_LIMIT_STORAGE_URI to a Redis URI or ALLOW_IN_MEMORY_LIMITS=1 for a temporary override.
2025-09-16 23:14:49,059 - WARNING - n/a - new_structure - GET / - Limiter initialization failed; continuing without limits: In-memory rate limiting backend is not allowed in production. Set RATE_LIMIT_STORAGE_URI to a Redis URI or ALLOW_IN_MEMORY_LIMITS=1 for a temporary override.
2025-09-16 23:14:49,059 - WARNING - n/a - new_structure - GET / - Limiter initialization failed; continuing without limits: In-memory rate limiting backend is not allowed in production. Set RATE_LIMIT_STORAGE_URI to a Redis URI or ALLOW_IN_MEMORY_LIMITS=1 for a temporary override.
2025-09-16 23:14:49,847 - INFO - n/a - mark_validation - GET / - Mark sanitizer middleware initialized
2025-09-16 23:14:49,847 - INFO - n/a - mark_validation - GET / - Mark sanitizer middleware initialized
2025-09-16 23:14:49,847 - INFO - n/a - mark_validation - GET / - Mark sanitizer middleware initialized
2025-09-16 23:14:49,851 - WARNING - n/a - root - GET / - SECURITY VALIDATION: In-memory rate limit storage in production
2025-09-16 23:14:49,851 - WARNING - n/a - root - GET / - SECURITY VALIDATION: In-memory rate limit storage in production
2025-09-16 23:14:49,851 - WARNING - n/a - root - GET / - SECURITY VALIDATION: In-memory rate limit storage in production
2025-09-16 23:14:49,854 - WARNING - n/a - root - GET / - Security validation completed with issues: 1
2025-09-16 23:14:49,854 - WARNING - n/a - root - GET / - Security validation completed with issues: 1
2025-09-16 23:14:49,854 - WARNING - n/a - root - GET / - Security validation completed with issues: 1
2025-09-16 23:14:50,165 - WARNING - n/a - new_structure - GET / - Overriding configured redis RATELIMIT_STORAGE_URL with memory:// due to earlier fallback
2025-09-16 23:14:50,165 - WARNING - n/a - new_structure - GET / - Overriding configured redis RATELIMIT_STORAGE_URL with memory:// due to earlier fallback
2025-09-16 23:14:50,165 - WARNING - n/a - new_structure - GET / - Overriding configured redis RATELIMIT_STORAGE_URL with memory:// due to earlier fallback
2025-09-16 23:14:50,165 - WARNING - n/a - new_structure - GET / - Overriding configured redis RATELIMIT_STORAGE_URL with memory:// due to earlier fallback
2025-09-16 23:14:50,171 - INFO - n/a - new_structure - GET / - Rate limiter storage active: memory://
2025-09-16 23:14:50,171 - INFO - n/a - new_structure - GET / - Rate limiter storage active: memory://
2025-09-16 23:14:50,171 - INFO - n/a - new_structure - GET / - Rate limiter storage active: memory://
2025-09-16 23:14:50,171 - INFO - n/a - new_structure - GET / - Rate limiter storage active: memory://
2025-09-16 23:14:51,148 - INFO - n/a - mark_validation - GET / - Mark sanitizer middleware initialized
2025-09-16 23:14:51,148 - INFO - n/a - mark_validation - GET / - Mark sanitizer middleware initialized
2025-09-16 23:14:51,148 - INFO - n/a - mark_validation - GET / - Mark sanitizer middleware initialized
2025-09-16 23:14:51,148 - INFO - n/a - mark_validation - GET / - Mark sanitizer middleware initialized
2025-09-16 23:14:51,164 - INFO - n/a - new_structure -   - Generated strong development SECRET_KEY (persisted).
2025-09-16 23:14:51,164 - INFO - n/a - new_structure -   - Generated strong development SECRET_KEY (persisted).
2025-09-16 23:14:51,164 - INFO - n/a - new_structure -   - Generated strong development SECRET_KEY (persisted).
2025-09-16 23:14:51,164 - INFO - n/a - new_structure -   - Generated strong development SECRET_KEY (persisted).
2025-09-16 23:14:57,135 - INFO - n/a - new_structure - GET / - Rate limiter storage active: memory://
2025-09-16 23:14:57,138 - INFO - n/a - new_structure.utils.database_init - GET / - ? Starting database initialization (MySQL mode)
2025-09-16 23:14:57,139 - ERROR - n/a - new_structure.utils.database_init - GET / - Error creating tables: The current Flask app is not registered with this 'SQLAlchemy' instance. Did you forget to call 'init_app', or did you create multiple 'SQLAlchemy' instances?
2025-09-16 23:14:57,492 - INFO - n/a - mark_validation - GET / - Mark sanitizer middleware initialized
2025-09-16 23:15:00,466 - WARNING - 3bd64ad4b7da4158b79f63e40499b00b - new_structure - GET /classteacher/subject_report/2/2/1/1/1 - subject_report.unauthorized_access
2025-09-16 23:15:00,468 - INFO - 3bd64ad4b7da4158b79f63e40499b00b - new_structure - GET /classteacher/subject_report/2/2/1/1/1 - {'event': 'report.subject.view:completed', 'correlation_id': '0f98d1fd-d3fe-457b-8c40-ddc7c09d836f', 'ip': '127.0.0.1', 'method': 'GET', 'path': '/classteacher/subject_report/2/2/1/1/1', 'role': 'teacher', 'teacher_id': 8, 'status': 403}
2025-09-16 23:15:00,533 - ERROR - 2e7ae62ff8e94b09beb4288df782f4eb - new_structure - GET /classteacher/subject_report/2/2/1/1/1 - subject_report.error
Traceback (most recent call last):
  File "C:\Users\MKT\desktop\twik\phase1\new_structure\..\new_structure\views\classteacher.py", line 10596, in subject_report
    school_info = SchoolConfigService.get_school_info_dict()
                  ^^^^^^^^^^^^^^^^^^^^^^^^^^^^^^^^^^^^^^^^^^
  File "C:\Users\MKT\desktop\twik\phase1\new_structure\..\new_structure\services\school_config_service.py", line 229, in get_school_info_dict
    config = SchoolConfiguration.get_config()
             ^^^^^^^^^^^^^^^^^^^^^^^^^^^^^^^^
  File "C:\Users\MKT\desktop\twik\phase1\new_structure\..\new_structure\models\academic.py", line 65, in get_config
    config = cls.query.first()
             ^^^^^^^^^^^^^^^^^
  File "C:\Users\MKT\AppData\Local\Programs\Python\Python311\Lib\site-packages\sqlalchemy\orm\query.py", line 2748, in first
    return self.limit(1)._iter().first()  # type: ignore
           ^^^^^^^^^^^^^^^^^^^^^
  File "C:\Users\MKT\AppData\Local\Programs\Python\Python311\Lib\site-packages\sqlalchemy\orm\query.py", line 2847, in _iter
    result: Union[ScalarResult[_T], Result[_T]] = self.session.execute(
                                                  ^^^^^^^^^^^^^^^^^^^^^
  File "C:\Users\MKT\AppData\Local\Programs\Python\Python311\Lib\site-packages\sqlalchemy\orm\session.py", line 2308, in execute
    return self._execute_internal(
           ^^^^^^^^^^^^^^^^^^^^^^^
  File "C:\Users\MKT\AppData\Local\Programs\Python\Python311\Lib\site-packages\sqlalchemy\orm\session.py", line 2178, in _execute_internal
    bind = self.get_bind(**bind_arguments)
           ^^^^^^^^^^^^^^^^^^^^^^^^^^^^^^^
  File "C:\Users\MKT\AppData\Local\Programs\Python\Python311\Lib\site-packages\flask_sqlalchemy\session.py", line 53, in get_bind
    engines = self._db.engines
              ^^^^^^^^^^^^^^^^
  File "C:\Users\MKT\AppData\Local\Programs\Python\Python311\Lib\site-packages\flask_sqlalchemy\extension.py", line 642, in engines
    raise RuntimeError(
RuntimeError: The current Flask app is not registered with this 'SQLAlchemy' instance. Did you forget to call 'init_app', or did you create multiple 'SQLAlchemy' instances?
2025-09-16 23:15:00,537 - INFO - 2e7ae62ff8e94b09beb4288df782f4eb - new_structure - GET /classteacher/subject_report/2/2/1/1/1 - {'event': 'report.subject.view:completed', 'correlation_id': '1df83f19-f752-4667-8bed-65ac4da4c71a', 'ip': '127.0.0.1', 'method': 'GET', 'path': '/classteacher/subject_report/2/2/1/1/1', 'role': 'teacher', 'teacher_id': 7, 'status': 500}
2025-09-16 23:15:00,602 - WARNING - bf84f6421abe400f9b52ee9424a29e6b - new_structure - GET /classteacher/subject_report/2/2/1/999/1 - subject_report.invalid_parameters
2025-09-16 23:15:00,604 - INFO - bf84f6421abe400f9b52ee9424a29e6b - new_structure - GET /classteacher/subject_report/2/2/1/999/1 - {'event': 'report.subject.view:completed', 'correlation_id': '4bbba674-1646-4b04-98d5-8f4a938eba3a', 'ip': '127.0.0.1', 'method': 'GET', 'path': '/classteacher/subject_report/2/2/1/999/1', 'role': 'teacher', 'teacher_id': 7, 'status': 400}
2025-09-16 23:15:01,472 - ERROR - b772a2908ced4fc3b232d79e12eab5fd - new_structure - GET /classteacher/subject_report/2/2/1/1/1 - subject_report.error
Traceback (most recent call last):
  File "C:\Users\MKT\desktop\twik\phase1\new_structure\..\new_structure\views\classteacher.py", line 10596, in subject_report
    school_info = SchoolConfigService.get_school_info_dict()
                  ^^^^^^^^^^^^^^^^^^^^^^^^^^^^^^^^^^^^^^^^^^
  File "C:\Users\MKT\desktop\twik\phase1\new_structure\..\new_structure\services\school_config_service.py", line 229, in get_school_info_dict
    config = SchoolConfiguration.get_config()
             ^^^^^^^^^^^^^^^^^^^^^^^^^^^^^^^^
  File "C:\Users\MKT\desktop\twik\phase1\new_structure\..\new_structure\models\academic.py", line 65, in get_config
    config = cls.query.first()
             ^^^^^^^^^^^^^^^^^
  File "C:\Users\MKT\AppData\Local\Programs\Python\Python311\Lib\site-packages\sqlalchemy\orm\query.py", line 2748, in first
    return self.limit(1)._iter().first()  # type: ignore
           ^^^^^^^^^^^^^^^^^^^^^
  File "C:\Users\MKT\AppData\Local\Programs\Python\Python311\Lib\site-packages\sqlalchemy\orm\query.py", line 2847, in _iter
    result: Union[ScalarResult[_T], Result[_T]] = self.session.execute(
                                                  ^^^^^^^^^^^^^^^^^^^^^
  File "C:\Users\MKT\AppData\Local\Programs\Python\Python311\Lib\site-packages\sqlalchemy\orm\session.py", line 2308, in execute
    return self._execute_internal(
           ^^^^^^^^^^^^^^^^^^^^^^^
  File "C:\Users\MKT\AppData\Local\Programs\Python\Python311\Lib\site-packages\sqlalchemy\orm\session.py", line 2178, in _execute_internal
    bind = self.get_bind(**bind_arguments)
           ^^^^^^^^^^^^^^^^^^^^^^^^^^^^^^^
  File "C:\Users\MKT\AppData\Local\Programs\Python\Python311\Lib\site-packages\flask_sqlalchemy\session.py", line 53, in get_bind
    engines = self._db.engines
              ^^^^^^^^^^^^^^^^
  File "C:\Users\MKT\AppData\Local\Programs\Python\Python311\Lib\site-packages\flask_sqlalchemy\extension.py", line 642, in engines
    raise RuntimeError(
RuntimeError: The current Flask app is not registered with this 'SQLAlchemy' instance. Did you forget to call 'init_app', or did you create multiple 'SQLAlchemy' instances?
2025-09-16 23:15:01,476 - INFO - b772a2908ced4fc3b232d79e12eab5fd - new_structure - GET /classteacher/subject_report/2/2/1/1/1 - {'event': 'report.subject.view:completed', 'correlation_id': '785d2df5-dd4b-4960-b033-021f911a7961', 'ip': '127.0.0.1', 'method': 'GET', 'path': '/classteacher/subject_report/2/2/1/1/1', 'role': 'headteacher', 'teacher_id': 1, 'status': 500}
2025-09-16 23:15:01,550 - ERROR - 996b255c3ec042c99550b64184bdb6ea - new_structure - GET /classteacher/subject_report/2/2/1/1/1 - subject_report.error
Traceback (most recent call last):
  File "C:\Users\MKT\desktop\twik\phase1\new_structure\..\new_structure\views\classteacher.py", line 10596, in subject_report
    school_info = SchoolConfigService.get_school_info_dict()
                  ^^^^^^^^^^^^^^^^^^^^^^^^^^^^^^^^^^^^^^^^^^
  File "C:\Users\MKT\desktop\twik\phase1\new_structure\..\new_structure\services\school_config_service.py", line 229, in get_school_info_dict
    config = SchoolConfiguration.get_config()
             ^^^^^^^^^^^^^^^^^^^^^^^^^^^^^^^^
  File "C:\Users\MKT\desktop\twik\phase1\new_structure\..\new_structure\models\academic.py", line 65, in get_config
    config = cls.query.first()
             ^^^^^^^^^^^^^^^^^
  File "C:\Users\MKT\AppData\Local\Programs\Python\Python311\Lib\site-packages\sqlalchemy\orm\query.py", line 2748, in first
    return self.limit(1)._iter().first()  # type: ignore
           ^^^^^^^^^^^^^^^^^^^^^
  File "C:\Users\MKT\AppData\Local\Programs\Python\Python311\Lib\site-packages\sqlalchemy\orm\query.py", line 2847, in _iter
    result: Union[ScalarResult[_T], Result[_T]] = self.session.execute(
                                                  ^^^^^^^^^^^^^^^^^^^^^
  File "C:\Users\MKT\AppData\Local\Programs\Python\Python311\Lib\site-packages\sqlalchemy\orm\session.py", line 2308, in execute
    return self._execute_internal(
           ^^^^^^^^^^^^^^^^^^^^^^^
  File "C:\Users\MKT\AppData\Local\Programs\Python\Python311\Lib\site-packages\sqlalchemy\orm\session.py", line 2178, in _execute_internal
    bind = self.get_bind(**bind_arguments)
           ^^^^^^^^^^^^^^^^^^^^^^^^^^^^^^^
  File "C:\Users\MKT\AppData\Local\Programs\Python\Python311\Lib\site-packages\flask_sqlalchemy\session.py", line 53, in get_bind
    engines = self._db.engines
              ^^^^^^^^^^^^^^^^
  File "C:\Users\MKT\AppData\Local\Programs\Python\Python311\Lib\site-packages\flask_sqlalchemy\extension.py", line 642, in engines
    raise RuntimeError(
RuntimeError: The current Flask app is not registered with this 'SQLAlchemy' instance. Did you forget to call 'init_app', or did you create multiple 'SQLAlchemy' instances?
2025-09-16 23:15:01,554 - INFO - 996b255c3ec042c99550b64184bdb6ea - new_structure - GET /classteacher/subject_report/2/2/1/1/1 - {'event': 'report.subject.view:completed', 'correlation_id': '6bfb0b48-198e-4982-ab61-399cea7d82f6', 'ip': '127.0.0.1', 'method': 'GET', 'path': '/classteacher/subject_report/2/2/1/1/1', 'role': 'classteacher', 'teacher_id': 9, 'status': 500}
2025-09-16 23:15:01,592 - INFO - n/a - new_structure -   - Generated strong development SECRET_KEY (persisted).
2025-09-16 23:35:17,636 - INFO - n/a - new_structure - GET / - Rate limiter storage active: memory://
2025-09-16 23:35:18,158 - INFO - n/a - mark_validation - GET / - Mark sanitizer middleware initialized
2025-09-16 23:35:18,525 - WARNING - n/a - new_structure - GET / - SECRET_KEY hardening issue: Refusing to start with weak SECRET_KEY in production. Provide a strong SECRET_KEY (recommended >=32 random hex chars).
2025-09-16 23:35:18,534 - WARNING - n/a - new_structure - GET / - Overriding configured redis RATELIMIT_STORAGE_URL with memory:// due to earlier fallback
2025-09-16 23:35:18,534 - WARNING - n/a - new_structure - GET / - Overriding configured redis RATELIMIT_STORAGE_URL with memory:// due to earlier fallback
2025-09-16 23:35:18,536 - WARNING - n/a - new_structure - GET / - Limiter initialization failed; continuing without limits: In-memory rate limiting backend is not allowed in production. Set RATE_LIMIT_STORAGE_URI to a Redis URI or ALLOW_IN_MEMORY_LIMITS=1 for a temporary override.
2025-09-16 23:35:18,536 - WARNING - n/a - new_structure - GET / - Limiter initialization failed; continuing without limits: In-memory rate limiting backend is not allowed in production. Set RATE_LIMIT_STORAGE_URI to a Redis URI or ALLOW_IN_MEMORY_LIMITS=1 for a temporary override.
2025-09-16 23:35:19,617 - INFO - n/a - mark_validation - GET / - Mark sanitizer middleware initialized
2025-09-16 23:35:19,617 - INFO - n/a - mark_validation - GET / - Mark sanitizer middleware initialized
2025-09-16 23:35:19,620 - WARNING - n/a - root - GET / - SECURITY VALIDATION: Weak SECRET_KEY detected
2025-09-16 23:35:19,620 - WARNING - n/a - root - GET / - SECURITY VALIDATION: Weak SECRET_KEY detected
2025-09-16 23:35:19,622 - WARNING - n/a - root - GET / - SECURITY VALIDATION: In-memory rate limit storage in production
2025-09-16 23:35:19,622 - WARNING - n/a - root - GET / - SECURITY VALIDATION: In-memory rate limit storage in production
2025-09-16 23:35:19,624 - WARNING - n/a - root - GET / - Security validation completed with issues: 2
2025-09-16 23:35:19,624 - WARNING - n/a - root - GET / - Security validation completed with issues: 2
2025-09-16 23:35:20,016 - WARNING - n/a - new_structure - GET / - Overriding configured redis RATELIMIT_STORAGE_URL with memory:// due to earlier fallback
2025-09-16 23:35:20,016 - WARNING - n/a - new_structure - GET / - Overriding configured redis RATELIMIT_STORAGE_URL with memory:// due to earlier fallback
2025-09-16 23:35:20,016 - WARNING - n/a - new_structure - GET / - Overriding configured redis RATELIMIT_STORAGE_URL with memory:// due to earlier fallback
2025-09-16 23:35:20,022 - WARNING - n/a - new_structure - GET / - Limiter initialization failed; continuing without limits: In-memory rate limiting backend is not allowed in production. Set RATE_LIMIT_STORAGE_URI to a Redis URI or ALLOW_IN_MEMORY_LIMITS=1 for a temporary override.
2025-09-16 23:35:20,022 - WARNING - n/a - new_structure - GET / - Limiter initialization failed; continuing without limits: In-memory rate limiting backend is not allowed in production. Set RATE_LIMIT_STORAGE_URI to a Redis URI or ALLOW_IN_MEMORY_LIMITS=1 for a temporary override.
2025-09-16 23:35:20,022 - WARNING - n/a - new_structure - GET / - Limiter initialization failed; continuing without limits: In-memory rate limiting backend is not allowed in production. Set RATE_LIMIT_STORAGE_URI to a Redis URI or ALLOW_IN_MEMORY_LIMITS=1 for a temporary override.
2025-09-16 23:35:20,919 - INFO - n/a - mark_validation - GET / - Mark sanitizer middleware initialized
2025-09-16 23:35:20,919 - INFO - n/a - mark_validation - GET / - Mark sanitizer middleware initialized
2025-09-16 23:35:20,919 - INFO - n/a - mark_validation - GET / - Mark sanitizer middleware initialized
2025-09-16 23:35:20,925 - WARNING - n/a - root - GET / - SECURITY VALIDATION: In-memory rate limit storage in production
2025-09-16 23:35:20,925 - WARNING - n/a - root - GET / - SECURITY VALIDATION: In-memory rate limit storage in production
2025-09-16 23:35:20,925 - WARNING - n/a - root - GET / - SECURITY VALIDATION: In-memory rate limit storage in production
2025-09-16 23:35:20,928 - WARNING - n/a - root - GET / - Security validation completed with issues: 1
2025-09-16 23:35:20,928 - WARNING - n/a - root - GET / - Security validation completed with issues: 1
2025-09-16 23:35:20,928 - WARNING - n/a - root - GET / - Security validation completed with issues: 1
2025-09-16 23:35:21,264 - WARNING - n/a - new_structure - GET / - Overriding configured redis RATELIMIT_STORAGE_URL with memory:// due to earlier fallback
2025-09-16 23:35:21,264 - WARNING - n/a - new_structure - GET / - Overriding configured redis RATELIMIT_STORAGE_URL with memory:// due to earlier fallback
2025-09-16 23:35:21,264 - WARNING - n/a - new_structure - GET / - Overriding configured redis RATELIMIT_STORAGE_URL with memory:// due to earlier fallback
2025-09-16 23:35:21,264 - WARNING - n/a - new_structure - GET / - Overriding configured redis RATELIMIT_STORAGE_URL with memory:// due to earlier fallback
2025-09-16 23:35:21,269 - INFO - n/a - new_structure - GET / - Rate limiter storage active: memory://
2025-09-16 23:35:21,269 - INFO - n/a - new_structure - GET / - Rate limiter storage active: memory://
2025-09-16 23:35:21,269 - INFO - n/a - new_structure - GET / - Rate limiter storage active: memory://
2025-09-16 23:35:21,269 - INFO - n/a - new_structure - GET / - Rate limiter storage active: memory://
2025-09-16 23:35:22,358 - INFO - n/a - mark_validation - GET / - Mark sanitizer middleware initialized
2025-09-16 23:35:22,358 - INFO - n/a - mark_validation - GET / - Mark sanitizer middleware initialized
2025-09-16 23:35:22,358 - INFO - n/a - mark_validation - GET / - Mark sanitizer middleware initialized
2025-09-16 23:35:22,358 - INFO - n/a - mark_validation - GET / - Mark sanitizer middleware initialized
2025-09-16 23:35:22,382 - INFO - n/a - new_structure -   - Generated strong development SECRET_KEY (persisted).
2025-09-16 23:35:22,382 - INFO - n/a - new_structure -   - Generated strong development SECRET_KEY (persisted).
2025-09-16 23:35:22,382 - INFO - n/a - new_structure -   - Generated strong development SECRET_KEY (persisted).
2025-09-16 23:35:22,382 - INFO - n/a - new_structure -   - Generated strong development SECRET_KEY (persisted).
2025-09-16 23:35:29,315 - INFO - n/a - new_structure - GET / - Rate limiter storage active: memory://
2025-09-16 23:35:29,320 - INFO - n/a - new_structure.utils.database_init - GET / - ? Starting database initialization (MySQL mode)
2025-09-16 23:35:29,321 - ERROR - n/a - new_structure.utils.database_init - GET / - Error creating tables: The current Flask app is not registered with this 'SQLAlchemy' instance. Did you forget to call 'init_app', or did you create multiple 'SQLAlchemy' instances?
2025-09-16 23:35:29,768 - INFO - n/a - mark_validation - GET / - Mark sanitizer middleware initialized
2025-09-16 23:35:32,895 - WARNING - aa6382d9f55545f2981c32111ce22aad - new_structure - GET /classteacher/subject_report/2/2/1/1/1 - subject_report.unauthorized_access
2025-09-16 23:35:32,898 - INFO - aa6382d9f55545f2981c32111ce22aad - new_structure - GET /classteacher/subject_report/2/2/1/1/1 - {'event': 'report.subject.view:completed', 'correlation_id': '74f0ac4c-ea56-487c-bc0e-1919fd986eda', 'ip': '127.0.0.1', 'method': 'GET', 'path': '/classteacher/subject_report/2/2/1/1/1', 'role': 'teacher', 'teacher_id': 8, 'status': 403}
2025-09-16 23:35:33,104 - INFO - 4a469180ba3b40378f71630aa6123566 - new_structure - GET /classteacher/subject_report/2/2/1/1/1 - subject_report.render
2025-09-16 23:35:33,106 - INFO - 4a469180ba3b40378f71630aa6123566 - new_structure - GET /classteacher/subject_report/2/2/1/1/1 - {'event': 'report.subject.view:success', 'correlation_id': '81e1c917-a7a1-4cdb-9e6c-22ac335102a6', 'ip': '127.0.0.1', 'method': 'GET', 'path': '/classteacher/subject_report/2/2/1/1/1', 'role': 'teacher', 'teacher_id': 7, 'status': 200}
2025-09-16 23:35:33,159 - WARNING - 4381991a38334de78ef26af9a020226e - new_structure - GET /classteacher/subject_report/2/2/1/999/1 - subject_report.invalid_parameters
2025-09-16 23:35:33,161 - INFO - 4381991a38334de78ef26af9a020226e - new_structure - GET /classteacher/subject_report/2/2/1/999/1 - {'event': 'report.subject.view:completed', 'correlation_id': '2684c725-[REDACTED-PHONE]b4d3-30f84eea6708', 'ip': '127.0.0.1', 'method': 'GET', 'path': '/classteacher/subject_report/2/2/1/999/1', 'role': 'teacher', 'teacher_id': 7, 'status': 400}
2025-09-16 23:35:34,469 - INFO - c53e9cd39435401f8a653f01ba33c5f7 - new_structure - GET /classteacher/subject_report/2/2/1/1/1 - subject_report.render
2025-09-16 23:35:34,472 - INFO - c53e9cd39435401f8a653f01ba33c5f7 - new_structure - GET /classteacher/subject_report/2/2/1/1/1 - {'event': 'report.subject.view:success', 'correlation_id': 'd0294611-547b-4ccc-afcf-b91b1a69b9f6', 'ip': '127.0.0.1', 'method': 'GET', 'path': '/classteacher/subject_report/2/2/1/1/1', 'role': 'headteacher', 'teacher_id': 1, 'status': 200}
2025-09-16 23:35:34,540 - INFO - acefdd983e7d4ed3b96fb41a49a619c1 - new_structure - GET /classteacher/subject_report/2/2/1/1/1 - subject_report.render
2025-09-16 23:35:34,542 - INFO - acefdd983e7d4ed3b96fb41a49a619c1 - new_structure - GET /classteacher/subject_report/2/2/1/1/1 - {'event': 'report.subject.view:success', 'correlation_id': 'acdf78ee-bcb8-4343-88ad-fdf0097a15b6', 'ip': '127.0.0.1', 'method': 'GET', 'path': '/classteacher/subject_report/2/2/1/1/1', 'role': 'classteacher', 'teacher_id': 9, 'status': 200}
2025-09-16 23:35:34,555 - INFO - n/a - new_structure -   - Generated strong development SECRET_KEY (persisted).
2025-09-16 23:51:40,237 - WARNING - n/a - new_structure - GET / - Overriding configured redis RATELIMIT_STORAGE_URL with memory:// due to earlier fallback
2025-09-16 23:51:40,240 - WARNING - n/a - new_structure - GET / - Limiter initialization failed; continuing without limits: In-memory rate limiting backend is not allowed in production. Set RATE_LIMIT_STORAGE_URI to a Redis URI or ALLOW_IN_MEMORY_LIMITS=1 for a temporary override.
2025-09-16 23:51:40,267 - INFO - n/a - new_structure.utils.database_init - GET / - ? Starting database initialization (MySQL mode)
2025-09-16 23:51:40,312 - INFO - n/a - new_structure.utils.database_init - GET / - ? Tables ensured (SQLAlchemy metadata create_all)
2025-09-16 23:51:47,756 - INFO - n/a - new_structure.utils.database_init - GET / - ? Default users added
2025-09-16 23:51:47,770 - INFO - n/a - new_structure.utils.database_init - GET / - ?? Academic structure seeded
2025-09-16 23:51:47,772 - INFO - n/a - new_structure.utils.database_init - GET / - ? Subjects seeded
2025-09-16 23:51:47,773 - INFO - n/a - new_structure.utils.database_init - GET / - ? School configuration created
2025-09-16 23:51:47,796 - INFO - n/a - new_structure.utils.database_init - GET / - ? Default data seeded successfully
2025-09-16 23:51:48,222 - INFO - n/a - mark_validation - GET / - Mark sanitizer middleware initialized
2025-09-16 23:51:48,224 - WARNING - n/a - root - GET / - SECURITY VALIDATION: In-memory rate limit storage in production
2025-09-16 23:51:48,225 - WARNING - n/a - root - GET / - Security validation completed with issues: 1
2025-09-16 23:51:48,229 - WARNING - n/a - new_structure - GET / - Proceeding with in-memory rate limiter under allowed test override (ephemeral sqlite).
2025-09-16 23:52:12,606 - WARNING - n/a - new_structure - GET / - Overriding configured redis RATELIMIT_STORAGE_URL with memory:// due to earlier fallback
2025-09-16 23:52:12,608 - WARNING - n/a - new_structure - GET / - Limiter initialization failed; continuing without limits: In-memory rate limiting backend is not allowed in production. Set RATE_LIMIT_STORAGE_URI to a Redis URI or ALLOW_IN_MEMORY_LIMITS=1 for a temporary override.
2025-09-16 23:52:12,633 - INFO - n/a - new_structure.utils.database_init - GET / - ? Starting database initialization (MySQL mode)
2025-09-16 23:52:12,679 - INFO - n/a - new_structure.utils.database_init - GET / - ? Tables ensured (SQLAlchemy metadata create_all)
2025-09-16 23:52:20,214 - INFO - n/a - new_structure.utils.database_init - GET / - ? Default users added
2025-09-16 23:52:20,239 - INFO - n/a - new_structure.utils.database_init - GET / - ?? Academic structure seeded
2025-09-16 23:52:20,243 - INFO - n/a - new_structure.utils.database_init - GET / - ? Subjects seeded
2025-09-16 23:52:20,247 - INFO - n/a - new_structure.utils.database_init - GET / - ? School configuration created
2025-09-16 23:52:20,296 - INFO - n/a - new_structure.utils.database_init - GET / - ? Default data seeded successfully
2025-09-16 23:52:21,158 - INFO - n/a - mark_validation - GET / - Mark sanitizer middleware initialized
2025-09-16 23:52:21,163 - WARNING - n/a - root - GET / - SECURITY VALIDATION: In-memory rate limit storage in production
2025-09-16 23:52:21,165 - WARNING - n/a - root - GET / - Security validation completed with issues: 1
2025-09-16 23:52:21,166 - WARNING - n/a - new_structure - GET / - Proceeding with in-memory rate limiter under allowed test override (ephemeral sqlite).
2025-09-16 23:55:15,508 - INFO - n/a - new_structure - GET / - Rate limiter storage active: memory://
2025-09-16 23:55:15,916 - INFO - n/a - mark_validation - GET / - Mark sanitizer middleware initialized
2025-09-16 23:55:16,275 - WARNING - n/a - new_structure - GET / - SECRET_KEY hardening issue: Refusing to start with weak SECRET_KEY in production. Provide a strong SECRET_KEY (recommended >=32 random hex chars).
2025-09-16 23:55:16,280 - WARNING - n/a - new_structure - GET / - Overriding configured redis RATELIMIT_STORAGE_URL with memory:// due to earlier fallback
2025-09-16 23:55:16,280 - WARNING - n/a - new_structure - GET / - Overriding configured redis RATELIMIT_STORAGE_URL with memory:// due to earlier fallback
2025-09-16 23:55:16,283 - WARNING - n/a - new_structure - GET / - Limiter initialization failed; continuing without limits: In-memory rate limiting backend is not allowed in production. Set RATE_LIMIT_STORAGE_URI to a Redis URI or ALLOW_IN_MEMORY_LIMITS=1 for a temporary override.
2025-09-16 23:55:16,283 - WARNING - n/a - new_structure - GET / - Limiter initialization failed; continuing without limits: In-memory rate limiting backend is not allowed in production. Set RATE_LIMIT_STORAGE_URI to a Redis URI or ALLOW_IN_MEMORY_LIMITS=1 for a temporary override.
2025-09-16 23:55:17,313 - INFO - n/a - mark_validation - GET / - Mark sanitizer middleware initialized
2025-09-16 23:55:17,313 - INFO - n/a - mark_validation - GET / - Mark sanitizer middleware initialized
2025-09-16 23:55:17,316 - WARNING - n/a - root - GET / - SECURITY VALIDATION: Weak SECRET_KEY detected
2025-09-16 23:55:17,316 - WARNING - n/a - root - GET / - SECURITY VALIDATION: Weak SECRET_KEY detected
2025-09-16 23:55:17,317 - WARNING - n/a - root - GET / - SECURITY VALIDATION: In-memory rate limit storage in production
2025-09-16 23:55:17,317 - WARNING - n/a - root - GET / - SECURITY VALIDATION: In-memory rate limit storage in production
2025-09-16 23:55:17,318 - WARNING - n/a - root - GET / - Security validation completed with issues: 2
2025-09-16 23:55:17,318 - WARNING - n/a - root - GET / - Security validation completed with issues: 2
2025-09-16 23:55:17,668 - WARNING - n/a - new_structure - GET / - Overriding configured redis RATELIMIT_STORAGE_URL with memory:// due to earlier fallback
2025-09-16 23:55:17,668 - WARNING - n/a - new_structure - GET / - Overriding configured redis RATELIMIT_STORAGE_URL with memory:// due to earlier fallback
2025-09-16 23:55:17,668 - WARNING - n/a - new_structure - GET / - Overriding configured redis RATELIMIT_STORAGE_URL with memory:// due to earlier fallback
2025-09-16 23:55:17,671 - WARNING - n/a - new_structure - GET / - Limiter initialization failed; continuing without limits: In-memory rate limiting backend is not allowed in production. Set RATE_LIMIT_STORAGE_URI to a Redis URI or ALLOW_IN_MEMORY_LIMITS=1 for a temporary override.
2025-09-16 23:55:17,671 - WARNING - n/a - new_structure - GET / - Limiter initialization failed; continuing without limits: In-memory rate limiting backend is not allowed in production. Set RATE_LIMIT_STORAGE_URI to a Redis URI or ALLOW_IN_MEMORY_LIMITS=1 for a temporary override.
2025-09-16 23:55:17,671 - WARNING - n/a - new_structure - GET / - Limiter initialization failed; continuing without limits: In-memory rate limiting backend is not allowed in production. Set RATE_LIMIT_STORAGE_URI to a Redis URI or ALLOW_IN_MEMORY_LIMITS=1 for a temporary override.
2025-09-16 23:55:18,496 - INFO - n/a - mark_validation - GET / - Mark sanitizer middleware initialized
2025-09-16 23:55:18,496 - INFO - n/a - mark_validation - GET / - Mark sanitizer middleware initialized
2025-09-16 23:55:18,496 - INFO - n/a - mark_validation - GET / - Mark sanitizer middleware initialized
2025-09-16 23:55:18,499 - WARNING - n/a - root - GET / - SECURITY VALIDATION: In-memory rate limit storage in production
2025-09-16 23:55:18,499 - WARNING - n/a - root - GET / - SECURITY VALIDATION: In-memory rate limit storage in production
2025-09-16 23:55:18,499 - WARNING - n/a - root - GET / - SECURITY VALIDATION: In-memory rate limit storage in production
2025-09-16 23:55:18,501 - WARNING - n/a - root - GET / - Security validation completed with issues: 1
2025-09-16 23:55:18,501 - WARNING - n/a - root - GET / - Security validation completed with issues: 1
2025-09-16 23:55:18,501 - WARNING - n/a - root - GET / - Security validation completed with issues: 1
2025-09-16 23:55:18,844 - WARNING - n/a - new_structure - GET / - Overriding configured redis RATELIMIT_STORAGE_URL with memory:// due to earlier fallback
2025-09-16 23:55:18,844 - WARNING - n/a - new_structure - GET / - Overriding configured redis RATELIMIT_STORAGE_URL with memory:// due to earlier fallback
2025-09-16 23:55:18,844 - WARNING - n/a - new_structure - GET / - Overriding configured redis RATELIMIT_STORAGE_URL with memory:// due to earlier fallback
2025-09-16 23:55:18,844 - WARNING - n/a - new_structure - GET / - Overriding configured redis RATELIMIT_STORAGE_URL with memory:// due to earlier fallback
2025-09-16 23:55:18,847 - INFO - n/a - new_structure - GET / - Rate limiter storage active: memory://
2025-09-16 23:55:18,847 - INFO - n/a - new_structure - GET / - Rate limiter storage active: memory://
2025-09-16 23:55:18,847 - INFO - n/a - new_structure - GET / - Rate limiter storage active: memory://
2025-09-16 23:55:18,847 - INFO - n/a - new_structure - GET / - Rate limiter storage active: memory://
2025-09-16 23:55:20,029 - INFO - n/a - mark_validation - GET / - Mark sanitizer middleware initialized
2025-09-16 23:55:20,029 - INFO - n/a - mark_validation - GET / - Mark sanitizer middleware initialized
2025-09-16 23:55:20,029 - INFO - n/a - mark_validation - GET / - Mark sanitizer middleware initialized
2025-09-16 23:55:20,029 - INFO - n/a - mark_validation - GET / - Mark sanitizer middleware initialized
2025-09-16 23:55:20,049 - INFO - n/a - new_structure -   - Generated strong development SECRET_KEY (persisted).
2025-09-16 23:55:20,049 - INFO - n/a - new_structure -   - Generated strong development SECRET_KEY (persisted).
2025-09-16 23:55:20,049 - INFO - n/a - new_structure -   - Generated strong development SECRET_KEY (persisted).
2025-09-16 23:55:20,049 - INFO - n/a - new_structure -   - Generated strong development SECRET_KEY (persisted).
2025-09-16 23:55:27,209 - INFO - n/a - new_structure - GET / - Rate limiter storage active: memory://
2025-09-16 23:55:27,214 - INFO - n/a - new_structure.utils.database_init - GET / - ? Starting database initialization (MySQL mode)
2025-09-16 23:55:27,214 - ERROR - n/a - new_structure.utils.database_init - GET / - Error creating tables: The current Flask app is not registered with this 'SQLAlchemy' instance. Did you forget to call 'init_app', or did you create multiple 'SQLAlchemy' instances?
2025-09-16 23:55:27,709 - INFO - n/a - mark_validation - GET / - Mark sanitizer middleware initialized
2025-09-16 23:55:31,134 - WARNING - dc50b6fbc1394a11846a8e064a9001f5 - new_structure - GET /classteacher/subject_report/2/2/1/1/1 - subject_report.unauthorized_access
2025-09-16 23:55:31,135 - INFO - dc50b6fbc1394a11846a8e064a9001f5 - new_structure - GET /classteacher/subject_report/2/2/1/1/1 - {'event': 'report.subject.view:completed', 'correlation_id': 'fbb6d1ab-2ab3-4c56-a892-d78d99028b7e', 'ip': '127.0.0.1', 'method': 'GET', 'path': '/classteacher/subject_report/2/2/1/1/1', 'role': 'teacher', 'teacher_id': 8, 'status': 403}
2025-09-16 23:55:31,224 - INFO - 51bdf2b5f21741f1be1c6a459f9d7f54 - new_structure - GET /classteacher/subject_report/2/2/1/1/1 - subject_report.render
2025-09-16 23:55:31,227 - INFO - 51bdf2b5f21741f1be1c6a459f9d7f54 - new_structure - GET /classteacher/subject_report/2/2/1/1/1 - {'event': 'report.subject.view:success', 'correlation_id': '2e3a8cde-8ca0-4b28-a5d9-4cf0508ec148', 'ip': '127.0.0.1', 'method': 'GET', 'path': '/classteacher/subject_report/2/2/1/1/1', 'role': 'teacher', 'teacher_id': 7, 'status': 200}
2025-09-16 23:55:31,276 - WARNING - e8b76a128c3b49e1971902a36201eb13 - new_structure - GET /classteacher/subject_report/2/2/1/999/1 - subject_report.invalid_parameters
2025-09-16 23:55:31,278 - INFO - e8b76a128c3b49e1971902a36201eb13 - new_structure - GET /classteacher/subject_report/2/2/1/999/1 - {'event': 'report.subject.view:completed', 'correlation_id': '21a263c2-7d29-4d5f-96a3-275fa28b0a74', 'ip': '127.0.0.1', 'method': 'GET', 'path': '/classteacher/subject_report/2/2/1/999/1', 'role': 'teacher', 'teacher_id': 7, 'status': 400}
2025-09-16 23:55:32,633 - INFO - 1b42cb47523943feb9c5a2956f80034c - new_structure - GET /classteacher/subject_report/2/2/1/1/1 - subject_report.render
2025-09-16 23:55:32,634 - INFO - 1b42cb47523943feb9c5a2956f80034c - new_structure - GET /classteacher/subject_report/2/2/1/1/1 - {'event': 'report.subject.view:success', 'correlation_id': 'f8166e33-8d74-4129-bdb1-e2fdd52bbb7a', 'ip': '127.0.0.1', 'method': 'GET', 'path': '/classteacher/subject_report/2/2/1/1/1', 'role': 'headteacher', 'teacher_id': 1, 'status': 200}
2025-09-16 23:55:32,707 - INFO - 9efc8929e6d44afc83521f8b48d8564b - new_structure - GET /classteacher/subject_report/2/2/1/1/1 - subject_report.render
2025-09-16 23:55:32,709 - INFO - 9efc8929e6d44afc83521f8b48d8564b - new_structure - GET /classteacher/subject_report/2/2/1/1/1 - {'event': 'report.subject.view:success', 'correlation_id': 'e40d3cab-d712-4916-98cb-067341a98657', 'ip': '127.0.0.1', 'method': 'GET', 'path': '/classteacher/subject_report/2/2/1/1/1', 'role': 'classteacher', 'teacher_id': 9, 'status': 200}
2025-09-16 23:55:32,718 - INFO - n/a - new_structure -   - Generated strong development SECRET_KEY (persisted).
2025-09-17 00:15:36,566 - WARNING - n/a - new_structure - GET / - Overriding configured redis RATELIMIT_STORAGE_URL with memory:// due to earlier fallback
2025-09-17 00:15:36,570 - WARNING - n/a - new_structure - GET / - Limiter initialization failed; continuing without limits: In-memory rate limiting backend is not allowed in production. Set RATE_LIMIT_STORAGE_URI to a Redis URI or ALLOW_IN_MEMORY_LIMITS=1 for a temporary override.
2025-09-17 00:15:36,595 - INFO - n/a - new_structure.utils.database_init - GET / - ? Starting database initialization (MySQL mode)
2025-09-17 00:15:36,698 - INFO - n/a - new_structure.utils.database_init - GET / - ? Tables ensured (SQLAlchemy metadata create_all)
2025-09-17 00:15:46,944 - INFO - n/a - new_structure.utils.database_init - GET / - ? Default users added
2025-09-17 00:15:46,987 - INFO - n/a - new_structure.utils.database_init - GET / - ?? Academic structure seeded
2025-09-17 00:15:46,990 - INFO - n/a - new_structure.utils.database_init - GET / - ? Subjects seeded
2025-09-17 00:15:46,992 - INFO - n/a - new_structure.utils.database_init - GET / - ? School configuration created
2025-09-17 00:15:47,024 - INFO - n/a - new_structure.utils.database_init - GET / - ? Default data seeded successfully
2025-09-17 00:15:47,869 - INFO - n/a - mark_validation - GET / - Mark sanitizer middleware initialized
2025-09-17 00:15:47,871 - WARNING - n/a - root - GET / - SECURITY VALIDATION: In-memory rate limit storage in production
2025-09-17 00:15:47,873 - WARNING - n/a - root - GET / - Security validation completed with issues: 1
2025-09-17 00:15:47,876 - WARNING - n/a - new_structure - GET / - Proceeding with in-memory rate limiter under allowed test override (ephemeral sqlite).
2025-09-17 00:16:13,419 - WARNING - n/a - new_structure - GET / - Overriding configured redis RATELIMIT_STORAGE_URL with memory:// due to earlier fallback
2025-09-17 00:16:13,423 - WARNING - n/a - new_structure - GET / - Limiter initialization failed; continuing without limits: In-memory rate limiting backend is not allowed in production. Set RATE_LIMIT_STORAGE_URI to a Redis URI or ALLOW_IN_MEMORY_LIMITS=1 for a temporary override.
2025-09-17 00:16:13,448 - INFO - n/a - new_structure.utils.database_init - GET / - ? Starting database initialization (MySQL mode)
2025-09-17 00:16:13,566 - INFO - n/a - new_structure.utils.database_init - GET / - ? Tables ensured (SQLAlchemy metadata create_all)
2025-09-17 00:16:21,187 - INFO - n/a - new_structure.utils.database_init - GET / - ? Default users added
2025-09-17 00:16:21,211 - INFO - n/a - new_structure.utils.database_init - GET / - ?? Academic structure seeded
2025-09-17 00:16:21,214 - INFO - n/a - new_structure.utils.database_init - GET / - ? Subjects seeded
2025-09-17 00:16:21,216 - INFO - n/a - new_structure.utils.database_init - GET / - ? School configuration created
2025-09-17 00:16:21,252 - INFO - n/a - new_structure.utils.database_init - GET / - ? Default data seeded successfully
2025-09-17 00:16:21,804 - INFO - n/a - mark_validation - GET / - Mark sanitizer middleware initialized
2025-09-17 00:16:21,806 - WARNING - n/a - root - GET / - SECURITY VALIDATION: In-memory rate limit storage in production
2025-09-17 00:16:21,809 - WARNING - n/a - root - GET / - Security validation completed with issues: 1
2025-09-17 00:16:21,811 - WARNING - n/a - new_structure - GET / - Proceeding with in-memory rate limiter under allowed test override (ephemeral sqlite).
2025-09-17 00:20:26,060 - INFO - n/a - new_structure - GET / - Rate limiter storage active: memory://
2025-09-17 00:20:26,653 - INFO - n/a - mark_validation - GET / - Mark sanitizer middleware initialized
2025-09-17 00:20:27,171 - WARNING - n/a - new_structure - GET / - SECRET_KEY hardening issue: Refusing to start with weak SECRET_KEY in production. Provide a strong SECRET_KEY (recommended >=32 random hex chars).
2025-09-17 00:20:27,183 - WARNING - n/a - new_structure - GET / - Overriding configured redis RATELIMIT_STORAGE_URL with memory:// due to earlier fallback
2025-09-17 00:20:27,183 - WARNING - n/a - new_structure - GET / - Overriding configured redis RATELIMIT_STORAGE_URL with memory:// due to earlier fallback
2025-09-17 00:20:27,186 - WARNING - n/a - new_structure - GET / - Limiter initialization failed; continuing without limits: In-memory rate limiting backend is not allowed in production. Set RATE_LIMIT_STORAGE_URI to a Redis URI or ALLOW_IN_MEMORY_LIMITS=1 for a temporary override.
2025-09-17 00:20:27,186 - WARNING - n/a - new_structure - GET / - Limiter initialization failed; continuing without limits: In-memory rate limiting backend is not allowed in production. Set RATE_LIMIT_STORAGE_URI to a Redis URI or ALLOW_IN_MEMORY_LIMITS=1 for a temporary override.
2025-09-17 00:20:28,726 - INFO - n/a - mark_validation - GET / - Mark sanitizer middleware initialized
2025-09-17 00:20:28,726 - INFO - n/a - mark_validation - GET / - Mark sanitizer middleware initialized
2025-09-17 00:20:28,730 - WARNING - n/a - root - GET / - SECURITY VALIDATION: Weak SECRET_KEY detected
2025-09-17 00:20:28,730 - WARNING - n/a - root - GET / - SECURITY VALIDATION: Weak SECRET_KEY detected
2025-09-17 00:20:28,731 - WARNING - n/a - root - GET / - SECURITY VALIDATION: In-memory rate limit storage in production
2025-09-17 00:20:28,731 - WARNING - n/a - root - GET / - SECURITY VALIDATION: In-memory rate limit storage in production
2025-09-17 00:20:28,733 - WARNING - n/a - root - GET / - Security validation completed with issues: 2
2025-09-17 00:20:28,733 - WARNING - n/a - root - GET / - Security validation completed with issues: 2
2025-09-17 00:20:29,226 - WARNING - n/a - new_structure - GET / - Overriding configured redis RATELIMIT_STORAGE_URL with memory:// due to earlier fallback
2025-09-17 00:20:29,226 - WARNING - n/a - new_structure - GET / - Overriding configured redis RATELIMIT_STORAGE_URL with memory:// due to earlier fallback
2025-09-17 00:20:29,226 - WARNING - n/a - new_structure - GET / - Overriding configured redis RATELIMIT_STORAGE_URL with memory:// due to earlier fallback
2025-09-17 00:20:29,232 - WARNING - n/a - new_structure - GET / - Limiter initialization failed; continuing without limits: In-memory rate limiting backend is not allowed in production. Set RATE_LIMIT_STORAGE_URI to a Redis URI or ALLOW_IN_MEMORY_LIMITS=1 for a temporary override.
2025-09-17 00:20:29,232 - WARNING - n/a - new_structure - GET / - Limiter initialization failed; continuing without limits: In-memory rate limiting backend is not allowed in production. Set RATE_LIMIT_STORAGE_URI to a Redis URI or ALLOW_IN_MEMORY_LIMITS=1 for a temporary override.
2025-09-17 00:20:29,232 - WARNING - n/a - new_structure - GET / - Limiter initialization failed; continuing without limits: In-memory rate limiting backend is not allowed in production. Set RATE_LIMIT_STORAGE_URI to a Redis URI or ALLOW_IN_MEMORY_LIMITS=1 for a temporary override.
2025-09-17 00:20:30,357 - INFO - n/a - mark_validation - GET / - Mark sanitizer middleware initialized
2025-09-17 00:20:30,357 - INFO - n/a - mark_validation - GET / - Mark sanitizer middleware initialized
2025-09-17 00:20:30,357 - INFO - n/a - mark_validation - GET / - Mark sanitizer middleware initialized
2025-09-17 00:20:30,363 - WARNING - n/a - root - GET / - SECURITY VALIDATION: In-memory rate limit storage in production
2025-09-17 00:20:30,363 - WARNING - n/a - root - GET / - SECURITY VALIDATION: In-memory rate limit storage in production
2025-09-17 00:20:30,363 - WARNING - n/a - root - GET / - SECURITY VALIDATION: In-memory rate limit storage in production
2025-09-17 00:20:30,366 - WARNING - n/a - root - GET / - Security validation completed with issues: 1
2025-09-17 00:20:30,366 - WARNING - n/a - root - GET / - Security validation completed with issues: 1
2025-09-17 00:20:30,366 - WARNING - n/a - root - GET / - Security validation completed with issues: 1
2025-09-17 00:20:30,793 - WARNING - n/a - new_structure - GET / - Overriding configured redis RATELIMIT_STORAGE_URL with memory:// due to earlier fallback
2025-09-17 00:20:30,793 - WARNING - n/a - new_structure - GET / - Overriding configured redis RATELIMIT_STORAGE_URL with memory:// due to earlier fallback
2025-09-17 00:20:30,793 - WARNING - n/a - new_structure - GET / - Overriding configured redis RATELIMIT_STORAGE_URL with memory:// due to earlier fallback
2025-09-17 00:20:30,793 - WARNING - n/a - new_structure - GET / - Overriding configured redis RATELIMIT_STORAGE_URL with memory:// due to earlier fallback
2025-09-17 00:20:30,801 - INFO - n/a - new_structure - GET / - Rate limiter storage active: memory://
2025-09-17 00:20:30,801 - INFO - n/a - new_structure - GET / - Rate limiter storage active: memory://
2025-09-17 00:20:30,801 - INFO - n/a - new_structure - GET / - Rate limiter storage active: memory://
2025-09-17 00:20:30,801 - INFO - n/a - new_structure - GET / - Rate limiter storage active: memory://
2025-09-17 00:20:32,288 - INFO - n/a - mark_validation - GET / - Mark sanitizer middleware initialized
2025-09-17 00:20:32,288 - INFO - n/a - mark_validation - GET / - Mark sanitizer middleware initialized
2025-09-17 00:20:32,288 - INFO - n/a - mark_validation - GET / - Mark sanitizer middleware initialized
2025-09-17 00:20:32,288 - INFO - n/a - mark_validation - GET / - Mark sanitizer middleware initialized
2025-09-17 00:20:32,309 - INFO - n/a - new_structure -   - Generated strong development SECRET_KEY (persisted).
2025-09-17 00:20:32,309 - INFO - n/a - new_structure -   - Generated strong development SECRET_KEY (persisted).
2025-09-17 00:20:32,309 - INFO - n/a - new_structure -   - Generated strong development SECRET_KEY (persisted).
2025-09-17 00:20:32,309 - INFO - n/a - new_structure -   - Generated strong development SECRET_KEY (persisted).
2025-09-17 00:20:39,342 - INFO - n/a - new_structure - GET / - Rate limiter storage active: memory://
2025-09-17 00:20:39,345 - INFO - n/a - new_structure.utils.database_init - GET / - ? Starting database initialization (MySQL mode)
2025-09-17 00:20:39,346 - ERROR - n/a - new_structure.utils.database_init - GET / - Error creating tables: The current Flask app is not registered with this 'SQLAlchemy' instance. Did you forget to call 'init_app', or did you create multiple 'SQLAlchemy' instances?
2025-09-17 00:20:39,769 - INFO - n/a - mark_validation - GET / - Mark sanitizer middleware initialized
2025-09-17 00:20:44,471 - WARNING - 25ca8d8a1f66495f907a4f93961b5f31 - new_structure - GET /classteacher/subject_report/2/2/1/1/1 - subject_report.unauthorized_access
2025-09-17 00:20:44,472 - INFO - 25ca8d8a1f66495f907a4f93961b5f31 - new_structure - GET /classteacher/subject_report/2/2/1/1/1 - {'event': 'report.subject.view:completed', 'correlation_id': '94b68966-bd2e-46e2-b472-d494fd3894c1', 'ip': '127.0.0.1', 'method': 'GET', 'path': '/classteacher/subject_report/2/2/1/1/1', 'role': 'teacher', 'teacher_id': 8, 'status': 403}
2025-09-17 00:20:44,569 - INFO - 8adbf2133fc444c397662e1273a455f8 - new_structure - GET /classteacher/subject_report/2/2/1/1/1 - subject_report.render
2025-09-17 00:20:44,571 - INFO - 8adbf2133fc444c397662e1273a455f8 - new_structure - GET /classteacher/subject_report/2/2/1/1/1 - {'event': 'report.subject.view:success', 'correlation_id': 'dae415e5-[REDACTED-PHONE]a487-0ee746ead49e', 'ip': '127.0.0.1', 'method': 'GET', 'path': '/classteacher/subject_report/2/2/1/1/1', 'role': 'teacher', 'teacher_id': 7, 'status': 200}
2025-09-17 00:20:44,621 - WARNING - ca5cdcacfee94314a210827fea4a9b46 - new_structure - GET /classteacher/subject_report/2/2/1/999/1 - subject_report.invalid_parameters
2025-09-17 00:20:44,623 - INFO - ca5cdcacfee94314a210827fea4a9b46 - new_structure - GET /classteacher/subject_report/2/2/1/999/1 - {'event': 'report.subject.view:completed', 'correlation_id': '02ef8e87-56fb-4a51-aa2b-4ad66af17a56', 'ip': '127.0.0.1', 'method': 'GET', 'path': '/classteacher/subject_report/2/2/1/999/1', 'role': 'teacher', 'teacher_id': 7, 'status': 400}
2025-09-17 00:20:45,734 - INFO - a960e30cae8c4e58a9fea1916bca944e - new_structure - GET /classteacher/subject_report/2/2/1/1/1 - subject_report.render
2025-09-17 00:20:45,737 - INFO - a960e30cae8c4e58a9fea1916bca944e - new_structure - GET /classteacher/subject_report/2/2/1/1/1 - {'event': 'report.subject.view:success', 'correlation_id': 'de12b916-ce21-424e-9f01-ea4c6e5c1fef', 'ip': '127.0.0.1', 'method': 'GET', 'path': '/classteacher/subject_report/2/2/1/1/1', 'role': 'headteacher', 'teacher_id': 1, 'status': 200}
2025-09-17 00:20:45,850 - INFO - b4225c8cea2a461d907017c79cf91143 - new_structure - GET /classteacher/subject_report/2/2/1/1/1 - subject_report.render
2025-09-17 00:20:45,852 - INFO - b4225c8cea2a461d907017c79cf91143 - new_structure - GET /classteacher/subject_report/2/2/1/1/1 - {'event': 'report.subject.view:success', 'correlation_id': 'c00bbc61-bb81-4b95-bcae-5428153a09fc', 'ip': '127.0.0.1', 'method': 'GET', 'path': '/classteacher/subject_report/2/2/1/1/1', 'role': 'classteacher', 'teacher_id': 9, 'status': 200}
2025-09-17 00:20:45,870 - INFO - n/a - new_structure -   - Generated strong development SECRET_KEY (persisted).
2025-09-17 00:23:09,270 - WARNING - n/a - new_structure - GET / - Overriding configured redis RATELIMIT_STORAGE_URL with memory:// due to earlier fallback
2025-09-17 00:23:09,273 - WARNING - n/a - new_structure - GET / - Limiter initialization failed; continuing without limits: In-memory rate limiting backend is not allowed in production. Set RATE_LIMIT_STORAGE_URI to a Redis URI or ALLOW_IN_MEMORY_LIMITS=1 for a temporary override.
2025-09-17 00:23:09,309 - INFO - n/a - new_structure.utils.database_init - GET / - ? Starting database initialization (MySQL mode)
2025-09-17 00:23:09,368 - INFO - n/a - new_structure.utils.database_init - GET / - ? Tables ensured (SQLAlchemy metadata create_all)
2025-09-17 00:23:17,612 - INFO - n/a - new_structure.utils.database_init - GET / - ? Default users added
2025-09-17 00:23:17,630 - INFO - n/a - new_structure.utils.database_init - GET / - ?? Academic structure seeded
2025-09-17 00:23:17,631 - INFO - n/a - new_structure.utils.database_init - GET / - ? Subjects seeded
2025-09-17 00:23:17,633 - INFO - n/a - new_structure.utils.database_init - GET / - ? School configuration created
2025-09-17 00:23:17,666 - INFO - n/a - new_structure.utils.database_init - GET / - ? Default data seeded successfully
2025-09-17 00:23:18,212 - INFO - n/a - mark_validation - GET / - Mark sanitizer middleware initialized
2025-09-17 00:23:18,214 - WARNING - n/a - root - GET / - SECURITY VALIDATION: In-memory rate limit storage in production
2025-09-17 00:23:18,214 - WARNING - n/a - root - GET / - Security validation completed with issues: 1
2025-09-17 00:23:18,215 - WARNING - n/a - new_structure - GET / - Proceeding with in-memory rate limiter under allowed test override (ephemeral sqlite).
2025-09-17 00:23:42,695 - WARNING - n/a - new_structure - GET / - Overriding configured redis RATELIMIT_STORAGE_URL with memory:// due to earlier fallback
2025-09-17 00:23:42,700 - WARNING - n/a - new_structure - GET / - Limiter initialization failed; continuing without limits: In-memory rate limiting backend is not allowed in production. Set RATE_LIMIT_STORAGE_URI to a Redis URI or ALLOW_IN_MEMORY_LIMITS=1 for a temporary override.
2025-09-17 00:23:42,722 - INFO - n/a - new_structure.utils.database_init - GET / - ? Starting database initialization (MySQL mode)
2025-09-17 00:23:42,771 - INFO - n/a - new_structure.utils.database_init - GET / - ? Tables ensured (SQLAlchemy metadata create_all)
2025-09-17 00:23:48,953 - INFO - n/a - new_structure.utils.database_init - GET / - ? Default users added
2025-09-17 00:23:48,966 - INFO - n/a - new_structure.utils.database_init - GET / - ?? Academic structure seeded
2025-09-17 00:23:48,970 - INFO - n/a - new_structure.utils.database_init - GET / - ? Subjects seeded
2025-09-17 00:23:48,972 - INFO - n/a - new_structure.utils.database_init - GET / - ? School configuration created
2025-09-17 00:23:48,993 - INFO - n/a - new_structure.utils.database_init - GET / - ? Default data seeded successfully
2025-09-17 00:23:49,411 - INFO - n/a - mark_validation - GET / - Mark sanitizer middleware initialized
2025-09-17 00:23:49,413 - WARNING - n/a - root - GET / - SECURITY VALIDATION: In-memory rate limit storage in production
2025-09-17 00:23:49,414 - WARNING - n/a - root - GET / - Security validation completed with issues: 1
2025-09-17 00:23:49,415 - WARNING - n/a - new_structure - GET / - Proceeding with in-memory rate limiter under allowed test override (ephemeral sqlite).
2025-09-17 00:25:39,036 - WARNING - n/a - new_structure - GET / - Overriding configured redis RATELIMIT_STORAGE_URL with memory:// due to earlier fallback
2025-09-17 00:25:39,039 - WARNING - n/a - new_structure - GET / - Limiter initialization failed; continuing without limits: In-memory rate limiting backend is not allowed in production. Set RATE_LIMIT_STORAGE_URI to a Redis URI or ALLOW_IN_MEMORY_LIMITS=1 for a temporary override.
2025-09-17 00:25:39,497 - INFO - n/a - mark_validation - GET / - Mark sanitizer middleware initialized
2025-09-17 00:25:39,500 - WARNING - n/a - root - GET / - SECURITY VALIDATION: Weak SECRET_KEY detected
2025-09-17 00:25:39,501 - WARNING - n/a - root - GET / - SECURITY VALIDATION: In-memory rate limit storage in production
2025-09-17 00:25:39,502 - WARNING - n/a - root - GET / - Security validation completed with issues: 2
2025-09-17 00:25:39,620 - INFO - n/a - new_structure - GET / - Generated strong development SECRET_KEY (persisted).
2025-09-17 00:25:39,626 - INFO - n/a - new_structure - GET / - Rate limiter storage active: memory://
2025-09-17 00:25:39,626 - INFO - n/a - new_structure - GET / - Rate limiter storage active: memory://
2025-09-17 00:25:40,314 - INFO - n/a - mark_validation - GET / - Mark sanitizer middleware initialized
2025-09-17 00:25:40,314 - INFO - n/a - mark_validation - GET / - Mark sanitizer middleware initialized
2025-09-17 00:25:40,768 - WARNING - n/a - new_structure - GET / - SECRET_KEY hardening issue: Insecure SECRET_KEY detected in production configuration
2025-09-17 00:25:40,768 - WARNING - n/a - new_structure - GET / - SECRET_KEY hardening issue: Insecure SECRET_KEY detected in production configuration
2025-09-17 00:25:40,775 - WARNING - n/a - new_structure - GET / - Overriding configured redis RATELIMIT_STORAGE_URL with memory:// due to earlier fallback
2025-09-17 00:25:40,775 - WARNING - n/a - new_structure - GET / - Overriding configured redis RATELIMIT_STORAGE_URL with memory:// due to earlier fallback
2025-09-17 00:25:40,775 - WARNING - n/a - new_structure - GET / - Overriding configured redis RATELIMIT_STORAGE_URL with memory:// due to earlier fallback
2025-09-17 00:25:40,779 - WARNING - n/a - new_structure - GET / - Limiter initialization failed; continuing without limits: In-memory rate limiting backend is not allowed in production. Set RATE_LIMIT_STORAGE_URI to a Redis URI or ALLOW_IN_MEMORY_LIMITS=1 for a temporary override.
2025-09-17 00:25:40,779 - WARNING - n/a - new_structure - GET / - Limiter initialization failed; continuing without limits: In-memory rate limiting backend is not allowed in production. Set RATE_LIMIT_STORAGE_URI to a Redis URI or ALLOW_IN_MEMORY_LIMITS=1 for a temporary override.
2025-09-17 00:25:40,779 - WARNING - n/a - new_structure - GET / - Limiter initialization failed; continuing without limits: In-memory rate limiting backend is not allowed in production. Set RATE_LIMIT_STORAGE_URI to a Redis URI or ALLOW_IN_MEMORY_LIMITS=1 for a temporary override.
2025-09-17 00:25:42,396 - INFO - n/a - mark_validation - GET / - Mark sanitizer middleware initialized
2025-09-17 00:25:42,396 - INFO - n/a - mark_validation - GET / - Mark sanitizer middleware initialized
2025-09-17 00:25:42,396 - INFO - n/a - mark_validation - GET / - Mark sanitizer middleware initialized
2025-09-17 00:25:42,401 - WARNING - n/a - root - GET / - SECURITY VALIDATION: Weak SECRET_KEY detected
2025-09-17 00:25:42,401 - WARNING - n/a - root - GET / - SECURITY VALIDATION: Weak SECRET_KEY detected
2025-09-17 00:25:42,401 - WARNING - n/a - root - GET / - SECURITY VALIDATION: Weak SECRET_KEY detected
2025-09-17 00:25:42,404 - WARNING - n/a - root - GET / - SECURITY VALIDATION: In-memory rate limit storage in production
2025-09-17 00:25:42,404 - WARNING - n/a - root - GET / - SECURITY VALIDATION: In-memory rate limit storage in production
2025-09-17 00:25:42,404 - WARNING - n/a - root - GET / - SECURITY VALIDATION: In-memory rate limit storage in production
2025-09-17 00:25:42,406 - WARNING - n/a - root - GET / - Security validation completed with issues: 2
2025-09-17 00:25:42,406 - WARNING - n/a - root - GET / - Security validation completed with issues: 2
2025-09-17 00:25:42,406 - WARNING - n/a - root - GET / - Security validation completed with issues: 2
2025-09-17 00:25:42,856 - WARNING - n/a - new_structure - GET / - Overriding configured redis RATELIMIT_STORAGE_URL with memory:// due to earlier fallback
2025-09-17 00:25:42,856 - WARNING - n/a - new_structure - GET / - Overriding configured redis RATELIMIT_STORAGE_URL with memory:// due to earlier fallback
2025-09-17 00:25:42,856 - WARNING - n/a - new_structure - GET / - Overriding configured redis RATELIMIT_STORAGE_URL with memory:// due to earlier fallback
2025-09-17 00:25:42,856 - WARNING - n/a - new_structure - GET / - Overriding configured redis RATELIMIT_STORAGE_URL with memory:// due to earlier fallback
2025-09-17 00:25:42,880 - WARNING - n/a - new_structure - GET / - Limiter initialization failed; continuing without limits: In-memory rate limiting backend is not allowed in production. Set RATE_LIMIT_STORAGE_URI to a Redis URI or ALLOW_IN_MEMORY_LIMITS=1 for a temporary override.
2025-09-17 00:25:42,880 - WARNING - n/a - new_structure - GET / - Limiter initialization failed; continuing without limits: In-memory rate limiting backend is not allowed in production. Set RATE_LIMIT_STORAGE_URI to a Redis URI or ALLOW_IN_MEMORY_LIMITS=1 for a temporary override.
2025-09-17 00:25:42,880 - WARNING - n/a - new_structure - GET / - Limiter initialization failed; continuing without limits: In-memory rate limiting backend is not allowed in production. Set RATE_LIMIT_STORAGE_URI to a Redis URI or ALLOW_IN_MEMORY_LIMITS=1 for a temporary override.
2025-09-17 00:25:42,880 - WARNING - n/a - new_structure - GET / - Limiter initialization failed; continuing without limits: In-memory rate limiting backend is not allowed in production. Set RATE_LIMIT_STORAGE_URI to a Redis URI or ALLOW_IN_MEMORY_LIMITS=1 for a temporary override.
2025-09-17 00:25:44,033 - INFO - n/a - mark_validation - GET / - Mark sanitizer middleware initialized
2025-09-17 00:25:44,033 - INFO - n/a - mark_validation - GET / - Mark sanitizer middleware initialized
2025-09-17 00:25:44,033 - INFO - n/a - mark_validation - GET / - Mark sanitizer middleware initialized
2025-09-17 00:25:44,033 - INFO - n/a - mark_validation - GET / - Mark sanitizer middleware initialized
2025-09-17 00:25:44,044 - WARNING - n/a - root - GET / - SECURITY VALIDATION: In-memory rate limit storage in production
2025-09-17 00:25:44,044 - WARNING - n/a - root - GET / - SECURITY VALIDATION: In-memory rate limit storage in production
2025-09-17 00:25:44,044 - WARNING - n/a - root - GET / - SECURITY VALIDATION: In-memory rate limit storage in production
2025-09-17 00:25:44,044 - WARNING - n/a - root - GET / - SECURITY VALIDATION: In-memory rate limit storage in production
2025-09-17 00:25:44,049 - WARNING - n/a - root - GET / - Security validation completed with issues: 1
2025-09-17 00:25:44,049 - WARNING - n/a - root - GET / - Security validation completed with issues: 1
2025-09-17 00:25:44,049 - WARNING - n/a - root - GET / - Security validation completed with issues: 1
2025-09-17 00:25:44,049 - WARNING - n/a - root - GET / - Security validation completed with issues: 1
2025-09-17 00:25:44,538 - WARNING - n/a - new_structure - GET / - Overriding configured redis RATELIMIT_STORAGE_URL with memory:// due to earlier fallback
2025-09-17 00:25:44,538 - WARNING - n/a - new_structure - GET / - Overriding configured redis RATELIMIT_STORAGE_URL with memory:// due to earlier fallback
2025-09-17 00:25:44,538 - WARNING - n/a - new_structure - GET / - Overriding configured redis RATELIMIT_STORAGE_URL with memory:// due to earlier fallback
2025-09-17 00:25:44,538 - WARNING - n/a - new_structure - GET / - Overriding configured redis RATELIMIT_STORAGE_URL with memory:// due to earlier fallback
2025-09-17 00:25:44,538 - WARNING - n/a - new_structure - GET / - Overriding configured redis RATELIMIT_STORAGE_URL with memory:// due to earlier fallback
2025-09-17 00:25:44,546 - INFO - n/a - new_structure - GET / - Rate limiter storage active: memory://
2025-09-17 00:25:44,546 - INFO - n/a - new_structure - GET / - Rate limiter storage active: memory://
2025-09-17 00:25:44,546 - INFO - n/a - new_structure - GET / - Rate limiter storage active: memory://
2025-09-17 00:25:44,546 - INFO - n/a - new_structure - GET / - Rate limiter storage active: memory://
2025-09-17 00:25:44,546 - INFO - n/a - new_structure - GET / - Rate limiter storage active: memory://
2025-09-17 00:25:45,996 - INFO - n/a - mark_validation - GET / - Mark sanitizer middleware initialized
2025-09-17 00:25:45,996 - INFO - n/a - mark_validation - GET / - Mark sanitizer middleware initialized
2025-09-17 00:25:45,996 - INFO - n/a - mark_validation - GET / - Mark sanitizer middleware initialized
2025-09-17 00:25:45,996 - INFO - n/a - mark_validation - GET / - Mark sanitizer middleware initialized
2025-09-17 00:25:45,996 - INFO - n/a - mark_validation - GET / - Mark sanitizer middleware initialized
2025-09-17 00:25:46,024 - INFO - n/a - new_structure -   - Generated strong development SECRET_KEY (persisted).
2025-09-17 00:25:46,024 - INFO - n/a - new_structure -   - Generated strong development SECRET_KEY (persisted).
2025-09-17 00:25:46,024 - INFO - n/a - new_structure -   - Generated strong development SECRET_KEY (persisted).
2025-09-17 00:25:46,024 - INFO - n/a - new_structure -   - Generated strong development SECRET_KEY (persisted).
2025-09-17 00:25:46,024 - INFO - n/a - new_structure -   - Generated strong development SECRET_KEY (persisted).
2025-09-17 00:25:49,819 - WARNING - n/a - new_structure - GET / - Overriding configured redis RATELIMIT_STORAGE_URL with memory:// due to earlier fallback
2025-09-17 00:25:49,823 - WARNING - n/a - new_structure - GET / - Limiter initialization failed; continuing without limits: In-memory rate limiting backend is not allowed in production. Set RATE_LIMIT_STORAGE_URI to a Redis URI or ALLOW_IN_MEMORY_LIMITS=1 for a temporary override.
2025-09-17 00:25:49,828 - INFO - n/a - new_structure.utils.database_init - GET / - ? Starting database initialization (MySQL mode)
2025-09-17 00:25:49,831 - ERROR - n/a - new_structure.utils.database_init - GET / - Error creating tables: The current Flask app is not registered with this 'SQLAlchemy' instance. Did you forget to call 'init_app', or did you create multiple 'SQLAlchemy' instances?
2025-09-17 00:25:50,665 - INFO - n/a - mark_validation - GET / - Mark sanitizer middleware initialized
2025-09-17 00:25:50,669 - WARNING - n/a - root - GET / - SECURITY VALIDATION: Weak SECRET_KEY detected
2025-09-17 00:25:50,671 - WARNING - n/a - root - GET / - SECURITY VALIDATION: In-memory rate limit storage in production
2025-09-17 00:25:50,672 - WARNING - n/a - root - GET / - Security validation completed with issues: 2
2025-09-17 00:25:50,816 - INFO - n/a - new_structure - GET / - Generated strong development SECRET_KEY (persisted).
2025-09-17 00:25:52,940 - WARNING - n/a - new_structure - GET / - Overriding configured redis RATELIMIT_STORAGE_URL with memory:// due to earlier fallback
2025-09-17 00:25:52,943 - WARNING - n/a - new_structure - GET / - Limiter initialization failed; continuing without limits: In-memory rate limiting backend is not allowed in production. Set RATE_LIMIT_STORAGE_URI to a Redis URI or ALLOW_IN_MEMORY_LIMITS=1 for a temporary override.
2025-09-17 00:25:52,948 - INFO - n/a - new_structure.utils.database_init - GET / - ? Starting database initialization (MySQL mode)
2025-09-17 00:25:52,950 - ERROR - n/a - new_structure.utils.database_init - GET / - Error creating tables: The current Flask app is not registered with this 'SQLAlchemy' instance. Did you forget to call 'init_app', or did you create multiple 'SQLAlchemy' instances?
2025-09-17 00:25:53,392 - INFO - n/a - mark_validation - GET / - Mark sanitizer middleware initialized
2025-09-17 00:25:53,399 - WARNING - n/a - root - GET / - SECURITY VALIDATION: Weak SECRET_KEY detected
2025-09-17 00:25:53,399 - WARNING - n/a - root - GET / - SECURITY VALIDATION: In-memory rate limit storage in production
2025-09-17 00:25:53,400 - WARNING - n/a - root - GET / - Security validation completed with issues: 2
2025-09-17 00:25:53,569 - WARNING - n/a - new_structure - GET / - Insecure SECRET_KEY detected in production configuration (placeholder detected)
2025-09-17 00:25:53,571 - WARNING - n/a - new_structure - GET / - SECRET_KEY hardening issue: Insecure SECRET_KEY detected in production configuration
2025-09-17 00:25:53,584 - WARNING - n/a - new_structure - GET / - Overriding configured redis RATELIMIT_STORAGE_URL with memory:// due to earlier fallback
2025-09-17 00:25:53,584 - WARNING - n/a - new_structure - GET / - Overriding configured redis RATELIMIT_STORAGE_URL with memory:// due to earlier fallback
2025-09-17 00:25:53,588 - WARNING - n/a - new_structure - GET / - Limiter initialization failed; continuing without limits: In-memory rate limiting backend is not allowed in production. Set RATE_LIMIT_STORAGE_URI to a Redis URI or ALLOW_IN_MEMORY_LIMITS=1 for a temporary override.
2025-09-17 00:25:53,588 - WARNING - n/a - new_structure - GET / - Limiter initialization failed; continuing without limits: In-memory rate limiting backend is not allowed in production. Set RATE_LIMIT_STORAGE_URI to a Redis URI or ALLOW_IN_MEMORY_LIMITS=1 for a temporary override.
2025-09-17 00:25:53,594 - INFO - n/a - new_structure.utils.database_init - GET / - ? Starting database initialization (MySQL mode)
2025-09-17 00:25:53,594 - INFO - n/a - new_structure.utils.database_init - GET / - ? Starting database initialization (MySQL mode)
2025-09-17 00:25:53,598 - ERROR - n/a - new_structure.utils.database_init - GET / - Error creating tables: The current Flask app is not registered with this 'SQLAlchemy' instance. Did you forget to call 'init_app', or did you create multiple 'SQLAlchemy' instances?
2025-09-17 00:25:53,598 - ERROR - n/a - new_structure.utils.database_init - GET / - Error creating tables: The current Flask app is not registered with this 'SQLAlchemy' instance. Did you forget to call 'init_app', or did you create multiple 'SQLAlchemy' instances?
2025-09-17 00:25:54,068 - INFO - n/a - mark_validation - GET / - Mark sanitizer middleware initialized
2025-09-17 00:25:54,068 - INFO - n/a - mark_validation - GET / - Mark sanitizer middleware initialized
2025-09-17 00:25:54,073 - WARNING - n/a - root - GET / - SECURITY VALIDATION: Weak SECRET_KEY detected
2025-09-17 00:25:54,073 - WARNING - n/a - root - GET / - SECURITY VALIDATION: Weak SECRET_KEY detected
2025-09-17 00:25:54,075 - WARNING - n/a - root - GET / - SECURITY VALIDATION: In-memory rate limit storage in production
2025-09-17 00:25:54,075 - WARNING - n/a - root - GET / - SECURITY VALIDATION: In-memory rate limit storage in production
2025-09-17 00:25:54,078 - WARNING - n/a - root - GET / - Security validation completed with issues: 2
2025-09-17 00:25:54,078 - WARNING - n/a - root - GET / - Security validation completed with issues: 2
2025-09-17 00:25:54,106 - INFO - n/a - new_structure - GET / - Generated strong development SECRET_KEY (persisted).
2025-09-17 00:25:54,106 - INFO - n/a - new_structure - GET / - Generated strong development SECRET_KEY (persisted).
2025-09-17 00:25:54,112 - INFO - n/a - new_structure - GET / - Rate limiter storage active: memory://
2025-09-17 00:25:54,112 - INFO - n/a - new_structure - GET / - Rate limiter storage active: memory://
2025-09-17 00:25:54,112 - INFO - n/a - new_structure - GET / - Rate limiter storage active: memory://
2025-09-17 00:25:54,116 - INFO - n/a - new_structure.utils.database_init - GET / - ? Starting database initialization (MySQL mode)
2025-09-17 00:25:54,116 - INFO - n/a - new_structure.utils.database_init - GET / - ? Starting database initialization (MySQL mode)
2025-09-17 00:25:54,116 - INFO - n/a - new_structure.utils.database_init - GET / - ? Starting database initialization (MySQL mode)
2025-09-17 00:25:54,120 - ERROR - n/a - new_structure.utils.database_init - GET / - Error creating tables: The current Flask app is not registered with this 'SQLAlchemy' instance. Did you forget to call 'init_app', or did you create multiple 'SQLAlchemy' instances?
2025-09-17 00:25:54,120 - ERROR - n/a - new_structure.utils.database_init - GET / - Error creating tables: The current Flask app is not registered with this 'SQLAlchemy' instance. Did you forget to call 'init_app', or did you create multiple 'SQLAlchemy' instances?
2025-09-17 00:25:54,120 - ERROR - n/a - new_structure.utils.database_init - GET / - Error creating tables: The current Flask app is not registered with this 'SQLAlchemy' instance. Did you forget to call 'init_app', or did you create multiple 'SQLAlchemy' instances?
2025-09-17 00:25:54,497 - INFO - n/a - mark_validation - GET / - Mark sanitizer middleware initialized
2025-09-17 00:25:54,497 - INFO - n/a - mark_validation - GET / - Mark sanitizer middleware initialized
2025-09-17 00:25:54,497 - INFO - n/a - mark_validation - GET / - Mark sanitizer middleware initialized
2025-09-17 00:25:58,096 - WARNING - 7b9d3d2f10e149fea69f75ee1c015ede - new_structure - GET /classteacher/subject_report/2/2/1/1/1 - subject_report.unauthorized_access
2025-09-17 00:25:58,096 - WARNING - 7b9d3d2f10e149fea69f75ee1c015ede - new_structure - GET /classteacher/subject_report/2/2/1/1/1 - subject_report.unauthorized_access
2025-09-17 00:25:58,096 - WARNING - 7b9d3d2f10e149fea69f75ee1c015ede - new_structure - GET /classteacher/subject_report/2/2/1/1/1 - subject_report.unauthorized_access
2025-09-17 00:25:58,101 - INFO - 7b9d3d2f10e149fea69f75ee1c015ede - new_structure - GET /classteacher/subject_report/2/2/1/1/1 - {'event': 'report.subject.view:completed', 'correlation_id': '7b15af53-37ab-4b8e-876b-106ca5f5aeac', 'ip': '127.0.0.1', 'method': 'GET', 'path': '/classteacher/subject_report/2/2/1/1/1', 'role': 'teacher', 'teacher_id': 8, 'status': 403}
2025-09-17 00:25:58,101 - INFO - 7b9d3d2f10e149fea69f75ee1c015ede - new_structure - GET /classteacher/subject_report/2/2/1/1/1 - {'event': 'report.subject.view:completed', 'correlation_id': '7b15af53-37ab-4b8e-876b-106ca5f5aeac', 'ip': '127.0.0.1', 'method': 'GET', 'path': '/classteacher/subject_report/2/2/1/1/1', 'role': 'teacher', 'teacher_id': 8, 'status': 403}
2025-09-17 00:25:58,101 - INFO - 7b9d3d2f10e149fea69f75ee1c015ede - new_structure - GET /classteacher/subject_report/2/2/1/1/1 - {'event': 'report.subject.view:completed', 'correlation_id': '7b15af53-37ab-4b8e-876b-106ca5f5aeac', 'ip': '127.0.0.1', 'method': 'GET', 'path': '/classteacher/subject_report/2/2/1/1/1', 'role': 'teacher', 'teacher_id': 8, 'status': 403}
2025-09-17 00:25:58,185 - INFO - 15d0f7689298426c9475a3331effeb10 - new_structure - GET /classteacher/subject_report/2/2/1/1/1 - subject_report.render
2025-09-17 00:25:58,185 - INFO - 15d0f7689298426c9475a3331effeb10 - new_structure - GET /classteacher/subject_report/2/2/1/1/1 - subject_report.render
2025-09-17 00:25:58,185 - INFO - 15d0f7689298426c9475a3331effeb10 - new_structure - GET /classteacher/subject_report/2/2/1/1/1 - subject_report.render
2025-09-17 00:25:58,188 - INFO - 15d0f7689298426c9475a3331effeb10 - new_structure - GET /classteacher/subject_report/2/2/1/1/1 - {'event': 'report.subject.view:success', 'correlation_id': 'e37778d4-a692-47b5-93d2-a0e975884200', 'ip': '127.0.0.1', 'method': 'GET', 'path': '/classteacher/subject_report/2/2/1/1/1', 'role': 'teacher', 'teacher_id': 7, 'status': 200}
2025-09-17 00:25:58,188 - INFO - 15d0f7689298426c9475a3331effeb10 - new_structure - GET /classteacher/subject_report/2/2/1/1/1 - {'event': 'report.subject.view:success', 'correlation_id': 'e37778d4-a692-47b5-93d2-a0e975884200', 'ip': '127.0.0.1', 'method': 'GET', 'path': '/classteacher/subject_report/2/2/1/1/1', 'role': 'teacher', 'teacher_id': 7, 'status': 200}
2025-09-17 00:25:58,188 - INFO - 15d0f7689298426c9475a3331effeb10 - new_structure - GET /classteacher/subject_report/2/2/1/1/1 - {'event': 'report.subject.view:success', 'correlation_id': 'e37778d4-a692-47b5-93d2-a0e975884200', 'ip': '127.0.0.1', 'method': 'GET', 'path': '/classteacher/subject_report/2/2/1/1/1', 'role': 'teacher', 'teacher_id': 7, 'status': 200}
2025-09-17 00:25:58,249 - WARNING - 6002b3bd0b98472d9476e699f27b5967 - new_structure - GET /classteacher/subject_report/2/2/1/999/1 - subject_report.invalid_parameters
2025-09-17 00:25:58,249 - WARNING - 6002b3bd0b98472d9476e699f27b5967 - new_structure - GET /classteacher/subject_report/2/2/1/999/1 - subject_report.invalid_parameters
2025-09-17 00:25:58,249 - WARNING - 6002b3bd0b98472d9476e699f27b5967 - new_structure - GET /classteacher/subject_report/2/2/1/999/1 - subject_report.invalid_parameters
2025-09-17 00:25:58,252 - INFO - 6002b3bd0b98472d9476e699f27b5967 - new_structure - GET /classteacher/subject_report/2/2/1/999/1 - {'event': 'report.subject.view:completed', 'correlation_id': '04ea767f-f17c-41ec-8471-d9f489e65b50', 'ip': '127.0.0.1', 'method': 'GET', 'path': '/classteacher/subject_report/2/2/1/999/1', 'role': 'teacher', 'teacher_id': 7, 'status': 400}
2025-09-17 00:25:58,252 - INFO - 6002b3bd0b98472d9476e699f27b5967 - new_structure - GET /classteacher/subject_report/2/2/1/999/1 - {'event': 'report.subject.view:completed', 'correlation_id': '04ea767f-f17c-41ec-8471-d9f489e65b50', 'ip': '127.0.0.1', 'method': 'GET', 'path': '/classteacher/subject_report/2/2/1/999/1', 'role': 'teacher', 'teacher_id': 7, 'status': 400}
2025-09-17 00:25:58,252 - INFO - 6002b3bd0b98472d9476e699f27b5967 - new_structure - GET /classteacher/subject_report/2/2/1/999/1 - {'event': 'report.subject.view:completed', 'correlation_id': '04ea767f-f17c-41ec-8471-d9f489e65b50', 'ip': '127.0.0.1', 'method': 'GET', 'path': '/classteacher/subject_report/2/2/1/999/1', 'role': 'teacher', 'teacher_id': 7, 'status': 400}
2025-09-17 00:25:59,179 - INFO - fdc37033ed9b4f4e9fd02ef028bf2b0f - new_structure - GET /classteacher/subject_report/2/2/1/1/1 - subject_report.render
2025-09-17 00:25:59,179 - INFO - fdc37033ed9b4f4e9fd02ef028bf2b0f - new_structure - GET /classteacher/subject_report/2/2/1/1/1 - subject_report.render
2025-09-17 00:25:59,179 - INFO - fdc37033ed9b4f4e9fd02ef028bf2b0f - new_structure - GET /classteacher/subject_report/2/2/1/1/1 - subject_report.render
2025-09-17 00:25:59,185 - INFO - fdc37033ed9b4f4e9fd02ef028bf2b0f - new_structure - GET /classteacher/subject_report/2/2/1/1/1 - {'event': 'report.subject.view:success', 'correlation_id': 'f3e95186-1638-43ae-8891-d2f6877bdfb4', 'ip': '127.0.0.1', 'method': 'GET', 'path': '/classteacher/subject_report/2/2/1/1/1', 'role': 'headteacher', 'teacher_id': 1, 'status': 200}
2025-09-17 00:25:59,185 - INFO - fdc37033ed9b4f4e9fd02ef028bf2b0f - new_structure - GET /classteacher/subject_report/2/2/1/1/1 - {'event': 'report.subject.view:success', 'correlation_id': 'f3e95186-1638-43ae-8891-d2f6877bdfb4', 'ip': '127.0.0.1', 'method': 'GET', 'path': '/classteacher/subject_report/2/2/1/1/1', 'role': 'headteacher', 'teacher_id': 1, 'status': 200}
2025-09-17 00:25:59,185 - INFO - fdc37033ed9b4f4e9fd02ef028bf2b0f - new_structure - GET /classteacher/subject_report/2/2/1/1/1 - {'event': 'report.subject.view:success', 'correlation_id': 'f3e95186-1638-43ae-8891-d2f6877bdfb4', 'ip': '127.0.0.1', 'method': 'GET', 'path': '/classteacher/subject_report/2/2/1/1/1', 'role': 'headteacher', 'teacher_id': 1, 'status': 200}
2025-09-17 00:25:59,255 - INFO - d8b18ea5b0854a0197463fd227ce93f9 - new_structure - GET /classteacher/subject_report/2/2/1/1/1 - subject_report.render
2025-09-17 00:25:59,255 - INFO - d8b18ea5b0854a0197463fd227ce93f9 - new_structure - GET /classteacher/subject_report/2/2/1/1/1 - subject_report.render
2025-09-17 00:25:59,255 - INFO - d8b18ea5b0854a0197463fd227ce93f9 - new_structure - GET /classteacher/subject_report/2/2/1/1/1 - subject_report.render
2025-09-17 00:25:59,258 - INFO - d8b18ea5b0854a0197463fd227ce93f9 - new_structure - GET /classteacher/subject_report/2/2/1/1/1 - {'event': 'report.subject.view:success', 'correlation_id': 'dd15b251-e1ea-489d-a0a9-32469723406a', 'ip': '127.0.0.1', 'method': 'GET', 'path': '/classteacher/subject_report/2/2/1/1/1', 'role': 'classteacher', 'teacher_id': 9, 'status': 200}
2025-09-17 00:25:59,258 - INFO - d8b18ea5b0854a0197463fd227ce93f9 - new_structure - GET /classteacher/subject_report/2/2/1/1/1 - {'event': 'report.subject.view:success', 'correlation_id': 'dd15b251-e1ea-489d-a0a9-32469723406a', 'ip': '127.0.0.1', 'method': 'GET', 'path': '/classteacher/subject_report/2/2/1/1/1', 'role': 'classteacher', 'teacher_id': 9, 'status': 200}
2025-09-17 00:25:59,258 - INFO - d8b18ea5b0854a0197463fd227ce93f9 - new_structure - GET /classteacher/subject_report/2/2/1/1/1 - {'event': 'report.subject.view:success', 'correlation_id': 'dd15b251-e1ea-489d-a0a9-32469723406a', 'ip': '127.0.0.1', 'method': 'GET', 'path': '/classteacher/subject_report/2/2/1/1/1', 'role': 'classteacher', 'teacher_id': 9, 'status': 200}
2025-09-17 00:25:59,271 - INFO - n/a - new_structure -   - Generated strong development SECRET_KEY (persisted).
2025-09-17 00:25:59,271 - INFO - n/a - new_structure -   - Generated strong development SECRET_KEY (persisted).
2025-09-17 00:25:59,271 - INFO - n/a - new_structure -   - Generated strong development SECRET_KEY (persisted).
2025-09-17 00:30:56,408 - INFO - n/a - new_structure -   - Rate limiter storage active: memory://
2025-09-17 00:30:58,843 - INFO - n/a - mark_validation -   - Mark sanitizer middleware initialized
2025-09-17 00:45:36,210 - WARNING - n/a - new_structure - GET / - Overriding configured redis RATELIMIT_STORAGE_URL with memory:// due to earlier fallback
2025-09-17 00:45:36,214 - WARNING - n/a - new_structure - GET / - Limiter initialization failed; continuing without limits: In-memory rate limiting backend is not allowed in production. Set RATE_LIMIT_STORAGE_URI to a Redis URI or ALLOW_IN_MEMORY_LIMITS=1 for a temporary override.
2025-09-17 00:45:36,221 - ERROR - n/a - new_structure - GET / - Database engine binding eager-check failed: A 'SQLAlchemy' instance has already been registered on this Flask app. Import and use that instance instead.
2025-09-17 00:45:36,222 - ERROR - n/a - new_structure - GET / - Database binding on appcontext push failed: A 'SQLAlchemy' instance has already been registered on this Flask app. Import and use that instance instead.
2025-09-17 00:45:36,231 - INFO - n/a - new_structure.utils.database_init - GET / - ? Starting database initialization (MySQL mode)
2025-09-17 00:45:36,260 - INFO - n/a - new_structure.utils.database_init - GET / - ? Tables ensured (SQLAlchemy metadata create_all)
2025-09-17 00:45:40,170 - INFO - n/a - new_structure.utils.database_init - GET / - ? Default users added
2025-09-17 00:45:40,179 - INFO - n/a - new_structure.utils.database_init - GET / - ?? Academic structure seeded
2025-09-17 00:45:40,180 - INFO - n/a - new_structure.utils.database_init - GET / - ? Subjects seeded
2025-09-17 00:45:40,181 - INFO - n/a - new_structure.utils.database_init - GET / - ? School configuration created
2025-09-17 00:45:40,195 - INFO - n/a - new_structure.utils.database_init - GET / - ? Default data seeded successfully
2025-09-17 00:45:40,452 - INFO - n/a - mark_validation - GET / - Mark sanitizer middleware initialized
2025-09-17 00:45:40,453 - WARNING - n/a - root - GET / - SECURITY VALIDATION: In-memory rate limit storage in production
2025-09-17 00:45:40,454 - WARNING - n/a - root - GET / - Security validation completed with issues: 1
2025-09-17 00:45:40,454 - WARNING - n/a - new_structure - GET / - Proceeding with in-memory rate limiter under allowed test override (ephemeral sqlite).
2025-09-17 00:45:40,558 - WARNING - n/a - new_structure - GET / - Overriding configured redis RATELIMIT_STORAGE_URL with memory:// due to earlier fallback
2025-09-17 00:45:40,558 - WARNING - n/a - new_structure - GET / - Overriding configured redis RATELIMIT_STORAGE_URL with memory:// due to earlier fallback
2025-09-17 00:45:40,560 - WARNING - n/a - new_structure - GET / - Limiter initialization failed; continuing without limits: In-memory rate limiting backend is not allowed in production. Set RATE_LIMIT_STORAGE_URI to a Redis URI or ALLOW_IN_MEMORY_LIMITS=1 for a temporary override.
2025-09-17 00:45:40,560 - WARNING - n/a - new_structure - GET / - Limiter initialization failed; continuing without limits: In-memory rate limiting backend is not allowed in production. Set RATE_LIMIT_STORAGE_URI to a Redis URI or ALLOW_IN_MEMORY_LIMITS=1 for a temporary override.
2025-09-17 00:45:40,562 - ERROR - n/a - new_structure - GET / - Database engine binding eager-check failed: A 'SQLAlchemy' instance has already been registered on this Flask app. Import and use that instance instead.
2025-09-17 00:45:40,562 - ERROR - n/a - new_structure - GET / - Database engine binding eager-check failed: A 'SQLAlchemy' instance has already been registered on this Flask app. Import and use that instance instead.
2025-09-17 00:45:40,565 - ERROR - n/a - new_structure - GET / - Database binding on appcontext push failed: A 'SQLAlchemy' instance has already been registered on this Flask app. Import and use that instance instead.
2025-09-17 00:45:40,565 - ERROR - n/a - new_structure - GET / - Database binding on appcontext push failed: A 'SQLAlchemy' instance has already been registered on this Flask app. Import and use that instance instead.
2025-09-17 00:45:40,579 - INFO - n/a - new_structure.utils.database_init - GET / - ? Starting database initialization (MySQL mode)
2025-09-17 00:45:40,579 - INFO - n/a - new_structure.utils.database_init - GET / - ? Starting database initialization (MySQL mode)
2025-09-17 00:45:40,621 - INFO - n/a - new_structure.utils.database_init - GET / - ? Tables ensured (SQLAlchemy metadata create_all)
2025-09-17 00:45:40,621 - INFO - n/a - new_structure.utils.database_init - GET / - ? Tables ensured (SQLAlchemy metadata create_all)
2025-09-17 00:45:45,297 - INFO - n/a - new_structure.utils.database_init - GET / - ? Default users added
2025-09-17 00:45:45,297 - INFO - n/a - new_structure.utils.database_init - GET / - ? Default users added
2025-09-17 00:45:45,315 - INFO - n/a - new_structure.utils.database_init - GET / - ?? Academic structure seeded
2025-09-17 00:45:45,315 - INFO - n/a - new_structure.utils.database_init - GET / - ?? Academic structure seeded
2025-09-17 00:45:45,319 - INFO - n/a - new_structure.utils.database_init - GET / - ? Subjects seeded
2025-09-17 00:45:45,319 - INFO - n/a - new_structure.utils.database_init - GET / - ? Subjects seeded
2025-09-17 00:45:45,321 - INFO - n/a - new_structure.utils.database_init - GET / - ? School configuration created
2025-09-17 00:45:45,321 - INFO - n/a - new_structure.utils.database_init - GET / - ? School configuration created
2025-09-17 00:45:45,404 - INFO - n/a - new_structure.utils.database_init - GET / - ? Default data seeded successfully
2025-09-17 00:45:45,404 - INFO - n/a - new_structure.utils.database_init - GET / - ? Default data seeded successfully
2025-09-17 00:45:46,258 - INFO - n/a - mark_validation - GET / - Mark sanitizer middleware initialized
2025-09-17 00:45:46,258 - INFO - n/a - mark_validation - GET / - Mark sanitizer middleware initialized
2025-09-17 00:45:46,261 - WARNING - n/a - root - GET / - SECURITY VALIDATION: In-memory rate limit storage in production
2025-09-17 00:45:46,261 - WARNING - n/a - root - GET / - SECURITY VALIDATION: In-memory rate limit storage in production
2025-09-17 00:45:46,263 - WARNING - n/a - root - GET / - Security validation completed with issues: 1
2025-09-17 00:45:46,263 - WARNING - n/a - root - GET / - Security validation completed with issues: 1
2025-09-17 00:45:46,265 - WARNING - n/a - new_structure - GET / - Proceeding with in-memory rate limiter under allowed test override (ephemeral sqlite).
2025-09-17 00:45:46,265 - WARNING - n/a - new_structure - GET / - Proceeding with in-memory rate limiter under allowed test override (ephemeral sqlite).
2025-09-17 00:45:46,584 - WARNING - n/a - new_structure - GET / - Insecure SECRET_KEY detected in production configuration (placeholder detected)
2025-09-17 00:45:46,584 - WARNING - n/a - new_structure - GET / - Insecure SECRET_KEY detected in production configuration (placeholder detected)
2025-09-17 00:45:46,597 - WARNING - n/a - new_structure - GET / - SECRET_KEY hardening issue: Insecure SECRET_KEY detected in production configuration
2025-09-17 00:45:46,597 - WARNING - n/a - new_structure - GET / - SECRET_KEY hardening issue: Insecure SECRET_KEY detected in production configuration
2025-09-17 00:45:46,604 - WARNING - n/a - new_structure - GET / - Overriding configured redis RATELIMIT_STORAGE_URL with memory:// due to earlier fallback
2025-09-17 00:45:46,604 - WARNING - n/a - new_structure - GET / - Overriding configured redis RATELIMIT_STORAGE_URL with memory:// due to earlier fallback
2025-09-17 00:45:46,604 - WARNING - n/a - new_structure - GET / - Overriding configured redis RATELIMIT_STORAGE_URL with memory:// due to earlier fallback
2025-09-17 00:45:46,625 - WARNING - n/a - new_structure - GET / - Limiter initialization failed; continuing without limits: In-memory rate limiting backend is not allowed in production. Set RATE_LIMIT_STORAGE_URI to a Redis URI or ALLOW_IN_MEMORY_LIMITS=1 for a temporary override.
2025-09-17 00:45:46,625 - WARNING - n/a - new_structure - GET / - Limiter initialization failed; continuing without limits: In-memory rate limiting backend is not allowed in production. Set RATE_LIMIT_STORAGE_URI to a Redis URI or ALLOW_IN_MEMORY_LIMITS=1 for a temporary override.
2025-09-17 00:45:46,625 - WARNING - n/a - new_structure - GET / - Limiter initialization failed; continuing without limits: In-memory rate limiting backend is not allowed in production. Set RATE_LIMIT_STORAGE_URI to a Redis URI or ALLOW_IN_MEMORY_LIMITS=1 for a temporary override.
2025-09-17 00:45:46,628 - ERROR - n/a - new_structure - GET / - Database engine binding eager-check failed: A 'SQLAlchemy' instance has already been registered on this Flask app. Import and use that instance instead.
2025-09-17 00:45:46,628 - ERROR - n/a - new_structure - GET / - Database engine binding eager-check failed: A 'SQLAlchemy' instance has already been registered on this Flask app. Import and use that instance instead.
2025-09-17 00:45:46,628 - ERROR - n/a - new_structure - GET / - Database engine binding eager-check failed: A 'SQLAlchemy' instance has already been registered on this Flask app. Import and use that instance instead.
2025-09-17 00:45:46,671 - ERROR - n/a - new_structure - GET / - Database binding on appcontext push failed: A 'SQLAlchemy' instance has already been registered on this Flask app. Import and use that instance instead.
2025-09-17 00:45:46,671 - ERROR - n/a - new_structure - GET / - Database binding on appcontext push failed: A 'SQLAlchemy' instance has already been registered on this Flask app. Import and use that instance instead.
2025-09-17 00:45:46,671 - ERROR - n/a - new_structure - GET / - Database binding on appcontext push failed: A 'SQLAlchemy' instance has already been registered on this Flask app. Import and use that instance instead.
2025-09-17 00:45:46,684 - INFO - n/a - new_structure.utils.database_init - GET / - ? Starting database initialization (MySQL mode)
2025-09-17 00:45:46,684 - INFO - n/a - new_structure.utils.database_init - GET / - ? Starting database initialization (MySQL mode)
2025-09-17 00:45:46,684 - INFO - n/a - new_structure.utils.database_init - GET / - ? Starting database initialization (MySQL mode)
2025-09-17 00:45:46,775 - INFO - n/a - new_structure.utils.database_init - GET / - ? Tables ensured (SQLAlchemy metadata create_all)
2025-09-17 00:45:46,775 - INFO - n/a - new_structure.utils.database_init - GET / - ? Tables ensured (SQLAlchemy metadata create_all)
2025-09-17 00:45:46,775 - INFO - n/a - new_structure.utils.database_init - GET / - ? Tables ensured (SQLAlchemy metadata create_all)
2025-09-17 00:45:55,421 - INFO - n/a - new_structure.utils.database_init - GET / - ? Default users added
2025-09-17 00:45:55,421 - INFO - n/a - new_structure.utils.database_init - GET / - ? Default users added
2025-09-17 00:45:55,421 - INFO - n/a - new_structure.utils.database_init - GET / - ? Default users added
2025-09-17 00:45:55,430 - INFO - n/a - new_structure.utils.database_init - GET / - ?? Academic structure seeded
2025-09-17 00:45:55,430 - INFO - n/a - new_structure.utils.database_init - GET / - ?? Academic structure seeded
2025-09-17 00:45:55,430 - INFO - n/a - new_structure.utils.database_init - GET / - ?? Academic structure seeded
2025-09-17 00:45:55,433 - INFO - n/a - new_structure.utils.database_init - GET / - ? Subjects seeded
2025-09-17 00:45:55,433 - INFO - n/a - new_structure.utils.database_init - GET / - ? Subjects seeded
2025-09-17 00:45:55,433 - INFO - n/a - new_structure.utils.database_init - GET / - ? Subjects seeded
2025-09-17 00:45:55,434 - INFO - n/a - new_structure.utils.database_init - GET / - ? School configuration created
2025-09-17 00:45:55,434 - INFO - n/a - new_structure.utils.database_init - GET / - ? School configuration created
2025-09-17 00:45:55,434 - INFO - n/a - new_structure.utils.database_init - GET / - ? School configuration created
2025-09-17 00:45:55,453 - INFO - n/a - new_structure.utils.database_init - GET / - ? Default data seeded successfully
2025-09-17 00:45:55,453 - INFO - n/a - new_structure.utils.database_init - GET / - ? Default data seeded successfully
2025-09-17 00:45:55,453 - INFO - n/a - new_structure.utils.database_init - GET / - ? Default data seeded successfully
2025-09-17 00:45:55,744 - INFO - n/a - mark_validation - GET / - Mark sanitizer middleware initialized
2025-09-17 00:45:55,744 - INFO - n/a - mark_validation - GET / - Mark sanitizer middleware initialized
2025-09-17 00:45:55,744 - INFO - n/a - mark_validation - GET / - Mark sanitizer middleware initialized
2025-09-17 00:45:55,746 - WARNING - n/a - root - GET / - SECURITY VALIDATION: Weak SECRET_KEY detected
2025-09-17 00:45:55,746 - WARNING - n/a - root - GET / - SECURITY VALIDATION: Weak SECRET_KEY detected
2025-09-17 00:45:55,746 - WARNING - n/a - root - GET / - SECURITY VALIDATION: Weak SECRET_KEY detected
2025-09-17 00:45:55,748 - WARNING - n/a - root - GET / - SECURITY VALIDATION: In-memory rate limit storage in production
2025-09-17 00:45:55,748 - WARNING - n/a - root - GET / - SECURITY VALIDATION: In-memory rate limit storage in production
2025-09-17 00:45:55,748 - WARNING - n/a - root - GET / - SECURITY VALIDATION: In-memory rate limit storage in production
2025-09-17 00:45:55,751 - WARNING - n/a - root - GET / - Security validation completed with issues: 2
2025-09-17 00:45:55,751 - WARNING - n/a - root - GET / - Security validation completed with issues: 2
2025-09-17 00:45:55,751 - WARNING - n/a - root - GET / - Security validation completed with issues: 2
2025-09-17 00:47:59,289 - INFO - n/a - new_structure - GET / - Rate limiter storage active: memory://
2025-09-17 00:47:59,290 - ERROR - n/a - new_structure - GET / - Database engine binding eager-check failed: A 'SQLAlchemy' instance has already been registered on this Flask app. Import and use that instance instead.
2025-09-17 00:47:59,293 - ERROR - n/a - new_structure - GET / - Database binding on appcontext push failed: A 'SQLAlchemy' instance has already been registered on this Flask app. Import and use that instance instead.
2025-09-17 00:47:59,641 - INFO - n/a - mark_validation - GET / - Mark sanitizer middleware initialized
2025-09-17 00:48:00,212 - WARNING - n/a - new_structure - GET / - Overriding configured redis RATELIMIT_STORAGE_URL with memory:// due to earlier fallback
2025-09-17 00:48:00,212 - WARNING - n/a - new_structure - GET / - Overriding configured redis RATELIMIT_STORAGE_URL with memory:// due to earlier fallback
2025-09-17 00:48:00,215 - WARNING - n/a - new_structure - GET / - Limiter initialization failed; continuing without limits: In-memory rate limiting backend is not allowed in production. Set RATE_LIMIT_STORAGE_URI to a Redis URI or ALLOW_IN_MEMORY_LIMITS=1 for a temporary override.
2025-09-17 00:48:00,215 - WARNING - n/a - new_structure - GET / - Limiter initialization failed; continuing without limits: In-memory rate limiting backend is not allowed in production. Set RATE_LIMIT_STORAGE_URI to a Redis URI or ALLOW_IN_MEMORY_LIMITS=1 for a temporary override.
2025-09-17 00:48:00,217 - ERROR - n/a - new_structure - GET / - Database engine binding eager-check failed: A 'SQLAlchemy' instance has already been registered on this Flask app. Import and use that instance instead.
2025-09-17 00:48:00,217 - ERROR - n/a - new_structure - GET / - Database engine binding eager-check failed: A 'SQLAlchemy' instance has already been registered on this Flask app. Import and use that instance instead.
2025-09-17 00:48:00,220 - ERROR - n/a - new_structure - GET / - Database binding on appcontext push failed: A 'SQLAlchemy' instance has already been registered on this Flask app. Import and use that instance instead.
2025-09-17 00:48:00,220 - ERROR - n/a - new_structure - GET / - Database binding on appcontext push failed: A 'SQLAlchemy' instance has already been registered on this Flask app. Import and use that instance instead.
2025-09-17 00:48:01,065 - INFO - n/a - mark_validation - GET / - Mark sanitizer middleware initialized
2025-09-17 00:48:01,065 - INFO - n/a - mark_validation - GET / - Mark sanitizer middleware initialized
2025-09-17 00:48:01,067 - WARNING - n/a - root - GET / - SECURITY VALIDATION: In-memory rate limit storage in production
2025-09-17 00:48:01,067 - WARNING - n/a - root - GET / - SECURITY VALIDATION: In-memory rate limit storage in production
2025-09-17 00:48:01,069 - WARNING - n/a - root - GET / - Security validation completed with issues: 1
2025-09-17 00:48:01,069 - WARNING - n/a - root - GET / - Security validation completed with issues: 1
2025-09-17 00:48:01,338 - WARNING - n/a - new_structure - GET / - Overriding configured redis RATELIMIT_STORAGE_URL with memory:// due to earlier fallback
2025-09-17 00:48:01,338 - WARNING - n/a - new_structure - GET / - Overriding configured redis RATELIMIT_STORAGE_URL with memory:// due to earlier fallback
2025-09-17 00:48:01,338 - WARNING - n/a - new_structure - GET / - Overriding configured redis RATELIMIT_STORAGE_URL with memory:// due to earlier fallback
2025-09-17 00:48:01,343 - INFO - n/a - new_structure - GET / - Rate limiter storage active: memory://
2025-09-17 00:48:01,343 - INFO - n/a - new_structure - GET / - Rate limiter storage active: memory://
2025-09-17 00:48:01,343 - INFO - n/a - new_structure - GET / - Rate limiter storage active: memory://
2025-09-17 00:48:01,345 - ERROR - n/a - new_structure - GET / - Database engine binding eager-check failed: A 'SQLAlchemy' instance has already been registered on this Flask app. Import and use that instance instead.
2025-09-17 00:48:01,345 - ERROR - n/a - new_structure - GET / - Database engine binding eager-check failed: A 'SQLAlchemy' instance has already been registered on this Flask app. Import and use that instance instead.
2025-09-17 00:48:01,345 - ERROR - n/a - new_structure - GET / - Database engine binding eager-check failed: A 'SQLAlchemy' instance has already been registered on this Flask app. Import and use that instance instead.
2025-09-17 00:48:01,349 - ERROR - n/a - new_structure - GET / - Database binding on appcontext push failed: A 'SQLAlchemy' instance has already been registered on this Flask app. Import and use that instance instead.
2025-09-17 00:48:01,349 - ERROR - n/a - new_structure - GET / - Database binding on appcontext push failed: A 'SQLAlchemy' instance has already been registered on this Flask app. Import and use that instance instead.
2025-09-17 00:48:01,349 - ERROR - n/a - new_structure - GET / - Database binding on appcontext push failed: A 'SQLAlchemy' instance has already been registered on this Flask app. Import and use that instance instead.
2025-09-17 00:48:02,015 - INFO - n/a - mark_validation - GET / - Mark sanitizer middleware initialized
2025-09-17 00:48:02,015 - INFO - n/a - mark_validation - GET / - Mark sanitizer middleware initialized
2025-09-17 00:48:02,015 - INFO - n/a - mark_validation - GET / - Mark sanitizer middleware initialized
2025-09-17 00:48:02,033 - INFO - n/a - new_structure -   - Generated strong development SECRET_KEY (persisted).
2025-09-17 00:48:02,033 - INFO - n/a - new_structure -   - Generated strong development SECRET_KEY (persisted).
2025-09-17 00:48:02,033 - INFO - n/a - new_structure -   - Generated strong development SECRET_KEY (persisted).
2025-09-17 00:48:06,419 - INFO - n/a - new_structure - GET / - Rate limiter storage active: memory://
2025-09-17 00:48:06,420 - ERROR - n/a - new_structure - GET / - Database engine binding eager-check failed: A 'SQLAlchemy' instance has already been registered on this Flask app. Import and use that instance instead.
2025-09-17 00:48:06,421 - ERROR - n/a - new_structure - GET / - Database binding on appcontext push failed: A 'SQLAlchemy' instance has already been registered on this Flask app. Import and use that instance instead.
2025-09-17 00:48:06,424 - INFO - n/a - new_structure.utils.database_init - GET / - ? Starting database initialization (MySQL mode)
2025-09-17 00:48:06,425 - ERROR - n/a - new_structure.utils.database_init - GET / - Error creating tables: The current Flask app is not registered with this 'SQLAlchemy' instance. Did you forget to call 'init_app', or did you create multiple 'SQLAlchemy' instances?
2025-09-17 00:48:06,692 - INFO - n/a - mark_validation - GET / - Mark sanitizer middleware initialized
2025-09-17 00:48:09,179 - ERROR - 75f6422c845c4f5dad6c11d351bb1080 - new_structure - GET /classteacher/subject_report/2/2/1/1/1 - Database binding failed: A 'SQLAlchemy' instance has already been registered on this Flask app. Import and use that instance instead.
2025-09-17 00:48:09,194 - WARNING - 75f6422c845c4f5dad6c11d351bb1080 - new_structure - GET /classteacher/subject_report/2/2/1/1/1 - subject_report.unauthorized_access
2025-09-17 00:48:09,196 - INFO - 75f6422c845c4f5dad6c11d351bb1080 - new_structure - GET /classteacher/subject_report/2/2/1/1/1 - {'event': 'report.subject.view:completed', 'correlation_id': '45196e37-dc49-4f27-980c-04ea0e6a6142', 'ip': '127.0.0.1', 'method': 'GET', 'path': '/classteacher/subject_report/2/2/1/1/1', 'role': 'teacher', 'teacher_id': 8, 'status': 403}
2025-09-17 00:48:09,230 - ERROR - 03782d47a28b462eb29da5f673fe0e33 - new_structure - GET /classteacher/subject_report/2/2/1/1/1 - Database binding failed: A 'SQLAlchemy' instance has already been registered on this Flask app. Import and use that instance instead.
2025-09-17 00:48:09,257 - INFO - 03782d47a28b462eb29da5f673fe0e33 - new_structure - GET /classteacher/subject_report/2/2/1/1/1 - subject_report.render
2025-09-17 00:48:09,260 - INFO - 03782d47a28b462eb29da5f673fe0e33 - new_structure - GET /classteacher/subject_report/2/2/1/1/1 - {'event': 'report.subject.view:success', 'correlation_id': 'baba83a7-41ee-441b-b0a9-751f23af2e7f', 'ip': '127.0.0.1', 'method': 'GET', 'path': '/classteacher/subject_report/2/2/1/1/1', 'role': 'teacher', 'teacher_id': 7, 'status': 200}
2025-09-17 00:48:09,300 - ERROR - 9e6778fa1c704957acda836cf5f37c23 - new_structure - GET /classteacher/subject_report/2/2/1/999/1 - Database binding failed: A 'SQLAlchemy' instance has already been registered on this Flask app. Import and use that instance instead.
2025-09-17 00:48:09,308 - WARNING - 9e6778fa1c704957acda836cf5f37c23 - new_structure - GET /classteacher/subject_report/2/2/1/999/1 - subject_report.invalid_parameters
2025-09-17 00:48:09,310 - INFO - 9e6778fa1c704957acda836cf5f37c23 - new_structure - GET /classteacher/subject_report/2/2/1/999/1 - {'event': 'report.subject.view:completed', 'correlation_id': 'c9522ed4-010a-4050-949e-331c104180cb', 'ip': '127.0.0.1', 'method': 'GET', 'path': '/classteacher/subject_report/2/2/1/999/1', 'role': 'teacher', 'teacher_id': 7, 'status': 400}
2025-09-17 00:48:10,164 - ERROR - bdd5c59732b3448eb3d596894384168d - new_structure - GET /classteacher/subject_report/2/2/1/1/1 - Database binding failed: A 'SQLAlchemy' instance has already been registered on this Flask app. Import and use that instance instead.
2025-09-17 00:48:10,182 - INFO - bdd5c59732b3448eb3d596894384168d - new_structure - GET /classteacher/subject_report/2/2/1/1/1 - subject_report.render
2025-09-17 00:48:10,183 - INFO - bdd5c59732b3448eb3d596894384168d - new_structure - GET /classteacher/subject_report/2/2/1/1/1 - {'event': 'report.subject.view:success', 'correlation_id': 'b1c2f20c-eabe-4fc8-b1c9-a7d42c7e8784', 'ip': '127.0.0.1', 'method': 'GET', 'path': '/classteacher/subject_report/2/2/1/1/1', 'role': 'headteacher', 'teacher_id': 1, 'status': 200}
2025-09-17 00:48:10,212 - ERROR - e77510f5a231474f928753cf5787828d - new_structure - GET /classteacher/subject_report/2/2/1/1/1 - Database binding failed: A 'SQLAlchemy' instance has already been registered on this Flask app. Import and use that instance instead.
2025-09-17 00:48:10,233 - INFO - e77510f5a231474f928753cf5787828d - new_structure - GET /classteacher/subject_report/2/2/1/1/1 - subject_report.render
2025-09-17 00:48:10,235 - INFO - e77510f5a231474f928753cf5787828d - new_structure - GET /classteacher/subject_report/2/2/1/1/1 - {'event': 'report.subject.view:success', 'correlation_id': '3ca7b04d-da31-41c8-b99f-abe266cdfcb1', 'ip': '127.0.0.1', 'method': 'GET', 'path': '/classteacher/subject_report/2/2/1/1/1', 'role': 'classteacher', 'teacher_id': 9, 'status': 200}
2025-09-17 00:48:10,245 - INFO - n/a - new_structure -   - Generated strong development SECRET_KEY (persisted).
2025-09-17 06:48:47,684 - INFO - n/a - new_structure - GET / - Rate limiter storage active: memory://
2025-09-17 06:48:47,685 - ERROR - n/a - new_structure - GET / - Database engine binding eager-check failed: A 'SQLAlchemy' instance has already been registered on this Flask app. Import and use that instance instead.
2025-09-17 06:48:47,686 - ERROR - n/a - new_structure - GET / - Database binding on appcontext push failed: A 'SQLAlchemy' instance has already been registered on this Flask app. Import and use that instance instead.
2025-09-17 06:48:47,956 - INFO - n/a - mark_validation - GET / - Mark sanitizer middleware initialized
2025-09-17 06:48:48,437 - WARNING - n/a - new_structure - GET / - Overriding configured redis RATELIMIT_STORAGE_URL with memory:// due to earlier fallback
2025-09-17 06:48:48,437 - WARNING - n/a - new_structure - GET / - Overriding configured redis RATELIMIT_STORAGE_URL with memory:// due to earlier fallback
2025-09-17 06:48:48,439 - WARNING - n/a - new_structure - GET / - Limiter initialization failed; continuing without limits: In-memory rate limiting backend is not allowed in production. Set RATE_LIMIT_STORAGE_URI to a Redis URI or ALLOW_IN_MEMORY_LIMITS=1 for a temporary override.
2025-09-17 06:48:48,439 - WARNING - n/a - new_structure - GET / - Limiter initialization failed; continuing without limits: In-memory rate limiting backend is not allowed in production. Set RATE_LIMIT_STORAGE_URI to a Redis URI or ALLOW_IN_MEMORY_LIMITS=1 for a temporary override.
2025-09-17 06:48:48,440 - ERROR - n/a - new_structure - GET / - Database engine binding eager-check failed: A 'SQLAlchemy' instance has already been registered on this Flask app. Import and use that instance instead.
2025-09-17 06:48:48,440 - ERROR - n/a - new_structure - GET / - Database engine binding eager-check failed: A 'SQLAlchemy' instance has already been registered on this Flask app. Import and use that instance instead.
2025-09-17 06:48:48,443 - ERROR - n/a - new_structure - GET / - Database binding on appcontext push failed: A 'SQLAlchemy' instance has already been registered on this Flask app. Import and use that instance instead.
2025-09-17 06:48:48,443 - ERROR - n/a - new_structure - GET / - Database binding on appcontext push failed: A 'SQLAlchemy' instance has already been registered on this Flask app. Import and use that instance instead.
2025-09-17 06:48:49,177 - INFO - n/a - mark_validation - GET / - Mark sanitizer middleware initialized
2025-09-17 06:48:49,177 - INFO - n/a - mark_validation - GET / - Mark sanitizer middleware initialized
2025-09-17 06:48:49,179 - WARNING - n/a - root - GET / - SECURITY VALIDATION: In-memory rate limit storage in production
2025-09-17 06:48:49,179 - WARNING - n/a - root - GET / - SECURITY VALIDATION: In-memory rate limit storage in production
2025-09-17 06:48:49,180 - WARNING - n/a - root - GET / - Security validation completed with issues: 1
2025-09-17 06:48:49,180 - WARNING - n/a - root - GET / - Security validation completed with issues: 1
2025-09-17 06:48:49,409 - WARNING - n/a - new_structure - GET / - Overriding configured redis RATELIMIT_STORAGE_URL with memory:// due to earlier fallback
2025-09-17 06:48:49,409 - WARNING - n/a - new_structure - GET / - Overriding configured redis RATELIMIT_STORAGE_URL with memory:// due to earlier fallback
2025-09-17 06:48:49,409 - WARNING - n/a - new_structure - GET / - Overriding configured redis RATELIMIT_STORAGE_URL with memory:// due to earlier fallback
2025-09-17 06:48:49,412 - INFO - n/a - new_structure - GET / - Rate limiter storage active: memory://
2025-09-17 06:48:49,412 - INFO - n/a - new_structure - GET / - Rate limiter storage active: memory://
2025-09-17 06:48:49,412 - INFO - n/a - new_structure - GET / - Rate limiter storage active: memory://
2025-09-17 06:48:49,413 - ERROR - n/a - new_structure - GET / - Database engine binding eager-check failed: A 'SQLAlchemy' instance has already been registered on this Flask app. Import and use that instance instead.
2025-09-17 06:48:49,413 - ERROR - n/a - new_structure - GET / - Database engine binding eager-check failed: A 'SQLAlchemy' instance has already been registered on this Flask app. Import and use that instance instead.
2025-09-17 06:48:49,413 - ERROR - n/a - new_structure - GET / - Database engine binding eager-check failed: A 'SQLAlchemy' instance has already been registered on this Flask app. Import and use that instance instead.
2025-09-17 06:48:49,415 - ERROR - n/a - new_structure - GET / - Database binding on appcontext push failed: A 'SQLAlchemy' instance has already been registered on this Flask app. Import and use that instance instead.
2025-09-17 06:48:49,415 - ERROR - n/a - new_structure - GET / - Database binding on appcontext push failed: A 'SQLAlchemy' instance has already been registered on this Flask app. Import and use that instance instead.
2025-09-17 06:48:49,415 - ERROR - n/a - new_structure - GET / - Database binding on appcontext push failed: A 'SQLAlchemy' instance has already been registered on this Flask app. Import and use that instance instead.
2025-09-17 06:48:49,965 - INFO - n/a - mark_validation - GET / - Mark sanitizer middleware initialized
2025-09-17 06:48:49,965 - INFO - n/a - mark_validation - GET / - Mark sanitizer middleware initialized
2025-09-17 06:48:49,965 - INFO - n/a - mark_validation - GET / - Mark sanitizer middleware initialized
2025-09-17 06:48:49,977 - INFO - n/a - new_structure -   - Generated strong development SECRET_KEY (persisted).
2025-09-17 06:48:49,977 - INFO - n/a - new_structure -   - Generated strong development SECRET_KEY (persisted).
2025-09-17 06:48:49,977 - INFO - n/a - new_structure -   - Generated strong development SECRET_KEY (persisted).
2025-09-17 06:48:54,433 - INFO - n/a - new_structure - GET / - Rate limiter storage active: memory://
2025-09-17 06:48:54,434 - ERROR - n/a - new_structure - GET / - Database engine binding eager-check failed: A 'SQLAlchemy' instance has already been registered on this Flask app. Import and use that instance instead.
2025-09-17 06:48:54,435 - ERROR - n/a - new_structure - GET / - Database binding on appcontext push failed: A 'SQLAlchemy' instance has already been registered on this Flask app. Import and use that instance instead.
2025-09-17 06:48:54,437 - INFO - n/a - new_structure.utils.database_init - GET / - ? Starting database initialization (MySQL mode)
2025-09-17 06:48:54,437 - ERROR - n/a - new_structure.utils.database_init - GET / - Error creating tables: The current Flask app is not registered with this 'SQLAlchemy' instance. Did you forget to call 'init_app', or did you create multiple 'SQLAlchemy' instances?
2025-09-17 06:48:54,739 - INFO - n/a - mark_validation - GET / - Mark sanitizer middleware initialized
2025-09-17 06:48:57,002 - ERROR - 5e160cedda7f4784bd484fb4e869dc11 - new_structure - GET /classteacher/subject_report/2/2/1/1/1 - Database binding failed: A 'SQLAlchemy' instance has already been registered on this Flask app. Import and use that instance instead.
2025-09-17 06:48:57,019 - WARNING - 5e160cedda7f4784bd484fb4e869dc11 - new_structure - GET /classteacher/subject_report/2/2/1/1/1 - subject_report.unauthorized_access
2025-09-17 06:48:57,020 - INFO - 5e160cedda7f4784bd484fb4e869dc11 - new_structure - GET /classteacher/subject_report/2/2/1/1/1 - {'event': 'report.subject.view:completed', 'correlation_id': 'e3dcc444-590e-48ae-9c0f-9ffefc693879', 'ip': '127.0.0.1', 'method': 'GET', 'path': '/classteacher/subject_report/2/2/1/1/1', 'role': 'teacher', 'teacher_id': 8, 'status': 403}
2025-09-17 06:48:57,053 - ERROR - 4dc72bda841f4eb8ace358202d9d7556 - new_structure - GET /classteacher/subject_report/2/2/1/1/1 - Database binding failed: A 'SQLAlchemy' instance has already been registered on this Flask app. Import and use that instance instead.
2025-09-17 06:48:57,079 - INFO - 4dc72bda841f4eb8ace358202d9d7556 - new_structure - GET /classteacher/subject_report/2/2/1/1/1 - subject_report.render
2025-09-17 06:48:57,081 - INFO - 4dc72bda841f4eb8ace358202d9d7556 - new_structure - GET /classteacher/subject_report/2/2/1/1/1 - {'event': 'report.subject.view:success', 'correlation_id': '593290ad-7f83-4a04-a567-5f654cf993da', 'ip': '127.0.0.1', 'method': 'GET', 'path': '/classteacher/subject_report/2/2/1/1/1', 'role': 'teacher', 'teacher_id': 7, 'status': 200}
2025-09-17 06:48:57,115 - ERROR - 6607ead255064fd4b67f66380c9b5a32 - new_structure - GET /classteacher/subject_report/2/2/1/999/1 - Database binding failed: A 'SQLAlchemy' instance has already been registered on this Flask app. Import and use that instance instead.
2025-09-17 06:48:57,121 - WARNING - 6607ead255064fd4b67f66380c9b5a32 - new_structure - GET /classteacher/subject_report/2/2/1/999/1 - subject_report.invalid_parameters
2025-09-17 06:48:57,122 - INFO - 6607ead255064fd4b67f66380c9b5a32 - new_structure - GET /classteacher/subject_report/2/2/1/999/1 - {'event': 'report.subject.view:completed', 'correlation_id': 'c9f4b772-a753-44c9-83f1-6fcea1de836f', 'ip': '127.0.0.1', 'method': 'GET', 'path': '/classteacher/subject_report/2/2/1/999/1', 'role': 'teacher', 'teacher_id': 7, 'status': 400}
2025-09-17 06:48:57,962 - ERROR - 9046838097e8412b8e05b5a8678ddb5f - new_structure - GET /classteacher/subject_report/2/2/1/1/1 - Database binding failed: A 'SQLAlchemy' instance has already been registered on this Flask app. Import and use that instance instead.
2025-09-17 06:48:57,978 - INFO - 9046838097e8412b8e05b5a8678ddb5f - new_structure - GET /classteacher/subject_report/2/2/1/1/1 - subject_report.render
2025-09-17 06:48:57,980 - INFO - 9046838097e8412b8e05b5a8678ddb5f - new_structure - GET /classteacher/subject_report/2/2/1/1/1 - {'event': 'report.subject.view:success', 'correlation_id': 'f0c9875c-4cc5-[REDACTED-PHONE]1768da2a16f7', 'ip': '127.0.0.1', 'method': 'GET', 'path': '/classteacher/subject_report/2/2/1/1/1', 'role': 'headteacher', 'teacher_id': 1, 'status': 200}
2025-09-17 06:48:58,011 - ERROR - 9b26bae40abe42679de2707d8f5507d0 - new_structure - GET /classteacher/subject_report/2/2/1/1/1 - Database binding failed: A 'SQLAlchemy' instance has already been registered on this Flask app. Import and use that instance instead.
2025-09-17 06:48:58,027 - INFO - 9b26bae40abe42679de2707d8f5507d0 - new_structure - GET /classteacher/subject_report/2/2/1/1/1 - subject_report.render
2025-09-17 06:48:58,029 - INFO - 9b26bae40abe42679de2707d8f5507d0 - new_structure - GET /classteacher/subject_report/2/2/1/1/1 - {'event': 'report.subject.view:success', 'correlation_id': '9eada943-[REDACTED-PHONE]84b2-776b39996ffe', 'ip': '127.0.0.1', 'method': 'GET', 'path': '/classteacher/subject_report/2/2/1/1/1', 'role': 'classteacher', 'teacher_id': 9, 'status': 200}
2025-09-17 06:48:58,038 - INFO - n/a - new_structure -   - Generated strong development SECRET_KEY (persisted).
2025-09-17 07:10:43,778 - WARNING - n/a - new_structure - GET / - Overriding configured redis RATELIMIT_STORAGE_URL with memory:// due to earlier fallback
2025-09-17 07:10:43,791 - WARNING - n/a - new_structure - GET / - Limiter initialization failed; continuing without limits: In-memory rate limiting backend is not allowed in production. Set RATE_LIMIT_STORAGE_URI to a Redis URI or ALLOW_IN_MEMORY_LIMITS=1 for a temporary override.
2025-09-17 07:10:43,794 - ERROR - n/a - new_structure - GET / - Database engine binding eager-check failed: A 'SQLAlchemy' instance has already been registered on this Flask app. Import and use that instance instead.
2025-09-17 07:10:43,796 - ERROR - n/a - new_structure - GET / - Database binding on appcontext push failed: A 'SQLAlchemy' instance has already been registered on this Flask app. Import and use that instance instead.
2025-09-17 07:10:43,837 - INFO - n/a - new_structure.utils.database_init - GET / - ? Starting database initialization (MySQL mode)
2025-09-17 07:10:43,883 - INFO - n/a - new_structure.utils.database_init - GET / - ? Tables ensured (SQLAlchemy metadata create_all)
2025-09-17 07:10:49,531 - INFO - n/a - new_structure.utils.database_init - GET / - ? Default users added
2025-09-17 07:10:49,544 - INFO - n/a - new_structure.utils.database_init - GET / - ?? Academic structure seeded
2025-09-17 07:10:49,546 - INFO - n/a - new_structure.utils.database_init - GET / - ? Subjects seeded
2025-09-17 07:10:49,546 - INFO - n/a - new_structure.utils.database_init - GET / - ? School configuration created
2025-09-17 07:10:49,567 - INFO - n/a - new_structure.utils.database_init - GET / - ? Default data seeded successfully
2025-09-17 07:10:49,966 - INFO - n/a - mark_validation - GET / - Mark sanitizer middleware initialized
2025-09-17 07:10:49,966 - WARNING - n/a - root - GET / - SECURITY VALIDATION: In-memory rate limit storage in production
2025-09-17 07:10:49,968 - WARNING - n/a - root - GET / - Security validation completed with issues: 1
2025-09-17 07:10:49,968 - WARNING - n/a - new_structure - GET / - Proceeding with in-memory rate limiter under allowed test override (ephemeral sqlite).
2025-09-17 07:10:50,062 - INFO - n/a - new_structure - GET / - Generated strong development SECRET_KEY (persisted).
2025-09-17 07:10:51,902 - WARNING - n/a - new_structure - GET / - Overriding configured redis RATELIMIT_STORAGE_URL with memory:// due to earlier fallback
2025-09-17 07:10:51,904 - WARNING - n/a - new_structure - GET / - Limiter initialization failed; continuing without limits: In-memory rate limiting backend is not allowed in production. Set RATE_LIMIT_STORAGE_URI to a Redis URI or ALLOW_IN_MEMORY_LIMITS=1 for a temporary override.
2025-09-17 07:10:51,908 - ERROR - n/a - new_structure - GET / - Database engine binding eager-check failed: A 'SQLAlchemy' instance has already been registered on this Flask app. Import and use that instance instead.
2025-09-17 07:10:51,909 - ERROR - n/a - new_structure - GET / - Database binding on appcontext push failed: A 'SQLAlchemy' instance has already been registered on this Flask app. Import and use that instance instead.
2025-09-17 07:10:51,919 - INFO - n/a - new_structure.utils.database_init - GET / - ? Starting database initialization (MySQL mode)
2025-09-17 07:10:51,947 - INFO - n/a - new_structure.utils.database_init - GET / - ? Tables ensured (SQLAlchemy metadata create_all)
2025-09-17 07:10:57,188 - INFO - n/a - new_structure.utils.database_init - GET / - ? Default users added
2025-09-17 07:10:57,199 - INFO - n/a - new_structure.utils.database_init - GET / - ?? Academic structure seeded
2025-09-17 07:10:57,201 - INFO - n/a - new_structure.utils.database_init - GET / - ? Subjects seeded
2025-09-17 07:10:57,202 - INFO - n/a - new_structure.utils.database_init - GET / - ? School configuration created
2025-09-17 07:10:57,215 - INFO - n/a - new_structure.utils.database_init - GET / - ? Default data seeded successfully
2025-09-17 07:10:57,518 - INFO - n/a - mark_validation - GET / - Mark sanitizer middleware initialized
2025-09-17 07:10:57,520 - WARNING - n/a - root - GET / - SECURITY VALIDATION: In-memory rate limit storage in production
2025-09-17 07:10:57,520 - WARNING - n/a - root - GET / - Security validation completed with issues: 1
2025-09-17 07:10:57,521 - WARNING - n/a - new_structure - GET / - Proceeding with in-memory rate limiter under allowed test override (ephemeral sqlite).
2025-09-17 07:10:57,600 - WARNING - n/a - new_structure - GET / - Insecure SECRET_KEY detected in production configuration (placeholder detected)
2025-09-17 07:10:57,682 - INFO - n/a - new_structure - GET / - Generated strong development SECRET_KEY (persisted).
2025-09-17 07:10:57,686 - INFO - n/a - new_structure - GET / - Rate limiter storage active: memory://
2025-09-17 07:10:57,686 - INFO - n/a - new_structure - GET / - Rate limiter storage active: memory://
2025-09-17 07:10:57,687 - ERROR - n/a - new_structure - GET / - Database engine binding eager-check failed: A 'SQLAlchemy' instance has already been registered on this Flask app. Import and use that instance instead.
2025-09-17 07:10:57,687 - ERROR - n/a - new_structure - GET / - Database engine binding eager-check failed: A 'SQLAlchemy' instance has already been registered on this Flask app. Import and use that instance instead.
2025-09-17 07:10:57,690 - ERROR - n/a - new_structure - GET / - Database binding on appcontext push failed: A 'SQLAlchemy' instance has already been registered on this Flask app. Import and use that instance instead.
2025-09-17 07:10:57,690 - ERROR - n/a - new_structure - GET / - Database binding on appcontext push failed: A 'SQLAlchemy' instance has already been registered on this Flask app. Import and use that instance instead.
2025-09-17 07:10:57,698 - INFO - n/a - new_structure.utils.database_init - GET / - ? Starting database initialization (MySQL mode)
2025-09-17 07:10:57,698 - INFO - n/a - new_structure.utils.database_init - GET / - ? Starting database initialization (MySQL mode)
2025-09-17 07:10:57,726 - INFO - n/a - new_structure.utils.database_init - GET / - ? Tables ensured (SQLAlchemy metadata create_all)
2025-09-17 07:10:57,726 - INFO - n/a - new_structure.utils.database_init - GET / - ? Tables ensured (SQLAlchemy metadata create_all)
2025-09-17 07:11:02,599 - INFO - n/a - new_structure.utils.database_init - GET / - ? Default users added
2025-09-17 07:11:02,599 - INFO - n/a - new_structure.utils.database_init - GET / - ? Default users added
2025-09-17 07:11:02,610 - INFO - n/a - new_structure.utils.database_init - GET / - ?? Academic structure seeded
2025-09-17 07:11:02,610 - INFO - n/a - new_structure.utils.database_init - GET / - ?? Academic structure seeded
2025-09-17 07:11:02,613 - INFO - n/a - new_structure.utils.database_init - GET / - ? Subjects seeded
2025-09-17 07:11:02,613 - INFO - n/a - new_structure.utils.database_init - GET / - ? Subjects seeded
2025-09-17 07:11:02,615 - INFO - n/a - new_structure.utils.database_init - GET / - ? School configuration created
2025-09-17 07:11:02,615 - INFO - n/a - new_structure.utils.database_init - GET / - ? School configuration created
2025-09-17 07:11:02,636 - INFO - n/a - new_structure.utils.database_init - GET / - ? Default data seeded successfully
2025-09-17 07:11:02,636 - INFO - n/a - new_structure.utils.database_init - GET / - ? Default data seeded successfully
2025-09-17 07:11:02,969 - INFO - n/a - mark_validation - GET / - Mark sanitizer middleware initialized
2025-09-17 07:11:02,969 - INFO - n/a - mark_validation - GET / - Mark sanitizer middleware initialized
2025-09-17 07:12:16,633 - INFO - n/a - new_structure - GET / - Rate limiter storage active: memory://
2025-09-17 07:12:16,634 - ERROR - n/a - new_structure - GET / - Database engine binding eager-check failed: A 'SQLAlchemy' instance has already been registered on this Flask app. Import and use that instance instead.
2025-09-17 07:12:16,636 - ERROR - n/a - new_structure - GET / - Database binding on appcontext push failed: A 'SQLAlchemy' instance has already been registered on this Flask app. Import and use that instance instead.
2025-09-17 07:12:17,010 - INFO - n/a - mark_validation - GET / - Mark sanitizer middleware initialized
2025-09-17 07:12:17,639 - WARNING - n/a - new_structure - GET / - Overriding configured redis RATELIMIT_STORAGE_URL with memory:// due to earlier fallback
2025-09-17 07:12:17,639 - WARNING - n/a - new_structure - GET / - Overriding configured redis RATELIMIT_STORAGE_URL with memory:// due to earlier fallback
2025-09-17 07:12:17,641 - WARNING - n/a - new_structure - GET / - Limiter initialization failed; continuing without limits: In-memory rate limiting backend is not allowed in production. Set RATE_LIMIT_STORAGE_URI to a Redis URI or ALLOW_IN_MEMORY_LIMITS=1 for a temporary override.
2025-09-17 07:12:17,641 - WARNING - n/a - new_structure - GET / - Limiter initialization failed; continuing without limits: In-memory rate limiting backend is not allowed in production. Set RATE_LIMIT_STORAGE_URI to a Redis URI or ALLOW_IN_MEMORY_LIMITS=1 for a temporary override.
2025-09-17 07:12:17,642 - ERROR - n/a - new_structure - GET / - Database engine binding eager-check failed: A 'SQLAlchemy' instance has already been registered on this Flask app. Import and use that instance instead.
2025-09-17 07:12:17,642 - ERROR - n/a - new_structure - GET / - Database engine binding eager-check failed: A 'SQLAlchemy' instance has already been registered on this Flask app. Import and use that instance instead.
2025-09-17 07:12:17,645 - ERROR - n/a - new_structure - GET / - Database binding on appcontext push failed: A 'SQLAlchemy' instance has already been registered on this Flask app. Import and use that instance instead.
2025-09-17 07:12:17,645 - ERROR - n/a - new_structure - GET / - Database binding on appcontext push failed: A 'SQLAlchemy' instance has already been registered on this Flask app. Import and use that instance instead.
2025-09-17 07:12:18,598 - INFO - n/a - mark_validation - GET / - Mark sanitizer middleware initialized
2025-09-17 07:12:18,598 - INFO - n/a - mark_validation - GET / - Mark sanitizer middleware initialized
2025-09-17 07:12:18,601 - WARNING - n/a - root - GET / - SECURITY VALIDATION: In-memory rate limit storage in production
2025-09-17 07:12:18,601 - WARNING - n/a - root - GET / - SECURITY VALIDATION: In-memory rate limit storage in production
2025-09-17 07:12:18,602 - WARNING - n/a - root - GET / - Security validation completed with issues: 1
2025-09-17 07:12:18,602 - WARNING - n/a - root - GET / - Security validation completed with issues: 1
2025-09-17 07:12:18,937 - WARNING - n/a - new_structure - GET / - Overriding configured redis RATELIMIT_STORAGE_URL with memory:// due to earlier fallback
2025-09-17 07:12:18,937 - WARNING - n/a - new_structure - GET / - Overriding configured redis RATELIMIT_STORAGE_URL with memory:// due to earlier fallback
2025-09-17 07:12:18,937 - WARNING - n/a - new_structure - GET / - Overriding configured redis RATELIMIT_STORAGE_URL with memory:// due to earlier fallback
2025-09-17 07:12:18,941 - INFO - n/a - new_structure - GET / - Rate limiter storage active: memory://
2025-09-17 07:12:18,941 - INFO - n/a - new_structure - GET / - Rate limiter storage active: memory://
2025-09-17 07:12:18,941 - INFO - n/a - new_structure - GET / - Rate limiter storage active: memory://
2025-09-17 07:12:18,944 - ERROR - n/a - new_structure - GET / - Database engine binding eager-check failed: A 'SQLAlchemy' instance has already been registered on this Flask app. Import and use that instance instead.
2025-09-17 07:12:18,944 - ERROR - n/a - new_structure - GET / - Database engine binding eager-check failed: A 'SQLAlchemy' instance has already been registered on this Flask app. Import and use that instance instead.
2025-09-17 07:12:18,944 - ERROR - n/a - new_structure - GET / - Database engine binding eager-check failed: A 'SQLAlchemy' instance has already been registered on this Flask app. Import and use that instance instead.
2025-09-17 07:12:18,946 - ERROR - n/a - new_structure - GET / - Database binding on appcontext push failed: A 'SQLAlchemy' instance has already been registered on this Flask app. Import and use that instance instead.
2025-09-17 07:12:18,946 - ERROR - n/a - new_structure - GET / - Database binding on appcontext push failed: A 'SQLAlchemy' instance has already been registered on this Flask app. Import and use that instance instead.
2025-09-17 07:12:18,946 - ERROR - n/a - new_structure - GET / - Database binding on appcontext push failed: A 'SQLAlchemy' instance has already been registered on this Flask app. Import and use that instance instead.
2025-09-17 07:12:19,707 - INFO - n/a - mark_validation - GET / - Mark sanitizer middleware initialized
2025-09-17 07:12:19,707 - INFO - n/a - mark_validation - GET / - Mark sanitizer middleware initialized
2025-09-17 07:12:19,707 - INFO - n/a - mark_validation - GET / - Mark sanitizer middleware initialized
2025-09-17 07:12:19,721 - INFO - n/a - new_structure -   - Generated strong development SECRET_KEY (persisted).
2025-09-17 07:12:19,721 - INFO - n/a - new_structure -   - Generated strong development SECRET_KEY (persisted).
2025-09-17 07:12:19,721 - INFO - n/a - new_structure -   - Generated strong development SECRET_KEY (persisted).
2025-09-17 07:12:25,278 - INFO - n/a - new_structure - GET / - Rate limiter storage active: memory://
2025-09-17 07:12:25,279 - ERROR - n/a - new_structure - GET / - Database engine binding eager-check failed: A 'SQLAlchemy' instance has already been registered on this Flask app. Import and use that instance instead.
2025-09-17 07:12:25,281 - ERROR - n/a - new_structure - GET / - Database binding on appcontext push failed: A 'SQLAlchemy' instance has already been registered on this Flask app. Import and use that instance instead.
2025-09-17 07:12:25,283 - INFO - n/a - new_structure.utils.database_init - GET / - ? Starting database initialization (MySQL mode)
2025-09-17 07:12:25,284 - ERROR - n/a - new_structure.utils.database_init - GET / - Error creating tables: The current Flask app is not registered with this 'SQLAlchemy' instance. Did you forget to call 'init_app', or did you create multiple 'SQLAlchemy' instances?
2025-09-17 07:12:25,631 - INFO - n/a - mark_validation - GET / - Mark sanitizer middleware initialized
2025-09-17 07:12:27,888 - ERROR - 69967394d66a49839df8d374157a8a4d - new_structure - GET /classteacher/subject_report/2/2/1/1/1 - Database binding failed: A 'SQLAlchemy' instance has already been registered on this Flask app. Import and use that instance instead.
2025-09-17 07:12:27,898 - WARNING - 69967394d66a49839df8d374157a8a4d - new_structure - GET /classteacher/subject_report/2/2/1/1/1 - subject_report.unauthorized_access
2025-09-17 07:12:27,899 - INFO - 69967394d66a49839df8d374157a8a4d - new_structure - GET /classteacher/subject_report/2/2/1/1/1 - {'event': 'report.subject.view:completed', 'correlation_id': 'e27556ad-baf9-495a-ad81-5d8be1a2ff4a', 'ip': '127.0.0.1', 'method': 'GET', 'path': '/classteacher/subject_report/2/2/1/1/1', 'role': 'teacher', 'teacher_id': 8, 'status': 403}
2025-09-17 07:12:27,928 - ERROR - eb025b6d296e427ab143490674f4af2f - new_structure - GET /classteacher/subject_report/2/2/1/1/1 - Database binding failed: A 'SQLAlchemy' instance has already been registered on this Flask app. Import and use that instance instead.
2025-09-17 07:12:27,959 - INFO - eb025b6d296e427ab143490674f4af2f - new_structure - GET /classteacher/subject_report/2/2/1/1/1 - subject_report.render
2025-09-17 07:12:27,961 - INFO - eb025b6d296e427ab143490674f4af2f - new_structure - GET /classteacher/subject_report/2/2/1/1/1 - {'event': 'report.subject.view:success', 'correlation_id': '2291ea25-35ee-4628-898d-b82bc15549be', 'ip': '127.0.0.1', 'method': 'GET', 'path': '/classteacher/subject_report/2/2/1/1/1', 'role': 'teacher', 'teacher_id': 7, 'status': 200}
2025-09-17 07:12:27,995 - ERROR - efc14526804c4906876808477cb67b71 - new_structure - GET /classteacher/subject_report/2/2/1/999/1 - Database binding failed: A 'SQLAlchemy' instance has already been registered on this Flask app. Import and use that instance instead.
2025-09-17 07:12:28,002 - WARNING - efc14526804c4906876808477cb67b71 - new_structure - GET /classteacher/subject_report/2/2/1/999/1 - subject_report.invalid_parameters
2025-09-17 07:12:28,004 - INFO - efc14526804c4906876808477cb67b71 - new_structure - GET /classteacher/subject_report/2/2/1/999/1 - {'event': 'report.subject.view:completed', 'correlation_id': '88203a17-c997-4c6e-8527-a9acc5a669bb', 'ip': '127.0.0.1', 'method': 'GET', 'path': '/classteacher/subject_report/2/2/1/999/1', 'role': 'teacher', 'teacher_id': 7, 'status': 400}
2025-09-17 07:12:28,851 - ERROR - f1f15d441a314641ade1d77ed3190e90 - new_structure - GET /classteacher/subject_report/2/2/1/1/1 - Database binding failed: A 'SQLAlchemy' instance has already been registered on this Flask app. Import and use that instance instead.
2025-09-17 07:12:28,866 - INFO - f1f15d441a314641ade1d77ed3190e90 - new_structure - GET /classteacher/subject_report/2/2/1/1/1 - subject_report.render
2025-09-17 07:12:28,868 - INFO - f1f15d441a314641ade1d77ed3190e90 - new_structure - GET /classteacher/subject_report/2/2/1/1/1 - {'event': 'report.subject.view:success', 'correlation_id': '36554ed1-3767-4ea1-9baa-fa2ebbebba94', 'ip': '127.0.0.1', 'method': 'GET', 'path': '/classteacher/subject_report/2/2/1/1/1', 'role': 'headteacher', 'teacher_id': 1, 'status': 200}
2025-09-17 07:12:28,893 - ERROR - d55b66a189cb4705b9c2994f7df8f79f - new_structure - GET /classteacher/subject_report/2/2/1/1/1 - Database binding failed: A 'SQLAlchemy' instance has already been registered on this Flask app. Import and use that instance instead.
2025-09-17 07:12:28,909 - INFO - d55b66a189cb4705b9c2994f7df8f79f - new_structure - GET /classteacher/subject_report/2/2/1/1/1 - subject_report.render
2025-09-17 07:12:28,910 - INFO - d55b66a189cb4705b9c2994f7df8f79f - new_structure - GET /classteacher/subject_report/2/2/1/1/1 - {'event': 'report.subject.view:success', 'correlation_id': '9f8b5bc1-f167-455f-80e5-ca1c4d87b17e', 'ip': '127.0.0.1', 'method': 'GET', 'path': '/classteacher/subject_report/2/2/1/1/1', 'role': 'classteacher', 'teacher_id': 9, 'status': 200}
2025-09-17 07:12:28,916 - INFO - n/a - new_structure -   - Generated strong development SECRET_KEY (persisted).
2025-09-17 07:20:21,103 - WARNING - n/a - new_structure - GET / - Overriding configured redis RATELIMIT_STORAGE_URL with memory:// due to earlier fallback
2025-09-17 07:20:21,121 - WARNING - n/a - new_structure - GET / - Limiter initialization failed; continuing without limits: In-memory rate limiting backend is not allowed in production. Set RATE_LIMIT_STORAGE_URI to a Redis URI or ALLOW_IN_MEMORY_LIMITS=1 for a temporary override.
2025-09-17 07:20:21,130 - ERROR - n/a - new_structure - GET / - Database engine binding eager-check failed: A 'SQLAlchemy' instance has already been registered on this Flask app. Import and use that instance instead.
2025-09-17 07:20:21,139 - ERROR - n/a - new_structure - GET / - Database binding on appcontext push failed: A 'SQLAlchemy' instance has already been registered on this Flask app. Import and use that instance instead.
2025-09-17 07:20:21,198 - INFO - n/a - new_structure.utils.database_init - GET / - ? Starting database initialization (MySQL mode)
2025-09-17 07:20:21,269 - INFO - n/a - new_structure.utils.database_init - GET / - ? Tables ensured (SQLAlchemy metadata create_all)
2025-09-17 07:20:28,584 - INFO - n/a - new_structure.utils.database_init - GET / - ? Default users added
2025-09-17 07:20:28,599 - INFO - n/a - new_structure.utils.database_init - GET / - ?? Academic structure seeded
2025-09-17 07:20:28,601 - INFO - n/a - new_structure.utils.database_init - GET / - ? Subjects seeded
2025-09-17 07:20:28,602 - INFO - n/a - new_structure.utils.database_init - GET / - ? School configuration created
2025-09-17 07:20:28,630 - INFO - n/a - new_structure.utils.database_init - GET / - ? Default data seeded successfully
2025-09-17 07:20:29,030 - INFO - n/a - mark_validation - GET / - Mark sanitizer middleware initialized
2025-09-17 07:20:29,032 - WARNING - n/a - root - GET / - SECURITY VALIDATION: In-memory rate limit storage in production
2025-09-17 07:20:29,033 - WARNING - n/a - root - GET / - Security validation completed with issues: 1
2025-09-17 07:20:29,034 - WARNING - n/a - new_structure - GET / - Proceeding with in-memory rate limiter under allowed test override (ephemeral sqlite).
2025-09-17 07:20:29,169 - WARNING - n/a - new_structure - GET / - Overriding configured redis RATELIMIT_STORAGE_URL with memory:// due to earlier fallback
2025-09-17 07:20:29,169 - WARNING - n/a - new_structure - GET / - Overriding configured redis RATELIMIT_STORAGE_URL with memory:// due to earlier fallback
2025-09-17 07:20:29,172 - WARNING - n/a - new_structure - GET / - Limiter initialization failed; continuing without limits: In-memory rate limiting backend is not allowed in production. Set RATE_LIMIT_STORAGE_URI to a Redis URI or ALLOW_IN_MEMORY_LIMITS=1 for a temporary override.
2025-09-17 07:20:29,172 - WARNING - n/a - new_structure - GET / - Limiter initialization failed; continuing without limits: In-memory rate limiting backend is not allowed in production. Set RATE_LIMIT_STORAGE_URI to a Redis URI or ALLOW_IN_MEMORY_LIMITS=1 for a temporary override.
2025-09-17 07:20:29,175 - ERROR - n/a - new_structure - GET / - Database engine binding eager-check failed: A 'SQLAlchemy' instance has already been registered on this Flask app. Import and use that instance instead.
2025-09-17 07:20:29,175 - ERROR - n/a - new_structure - GET / - Database engine binding eager-check failed: A 'SQLAlchemy' instance has already been registered on this Flask app. Import and use that instance instead.
2025-09-17 07:20:29,179 - ERROR - n/a - new_structure - GET / - Database binding on appcontext push failed: A 'SQLAlchemy' instance has already been registered on this Flask app. Import and use that instance instead.
2025-09-17 07:20:29,179 - ERROR - n/a - new_structure - GET / - Database binding on appcontext push failed: A 'SQLAlchemy' instance has already been registered on this Flask app. Import and use that instance instead.
2025-09-17 07:20:29,191 - INFO - n/a - new_structure.utils.database_init - GET / - ? Starting database initialization (MySQL mode)
2025-09-17 07:20:29,191 - INFO - n/a - new_structure.utils.database_init - GET / - ? Starting database initialization (MySQL mode)
2025-09-17 07:20:29,235 - INFO - n/a - new_structure.utils.database_init - GET / - ? Tables ensured (SQLAlchemy metadata create_all)
2025-09-17 07:20:29,235 - INFO - n/a - new_structure.utils.database_init - GET / - ? Tables ensured (SQLAlchemy metadata create_all)
2025-09-17 07:20:34,804 - INFO - n/a - new_structure.utils.database_init - GET / - ? Default users added
2025-09-17 07:20:34,804 - INFO - n/a - new_structure.utils.database_init - GET / - ? Default users added
2025-09-17 07:20:34,815 - INFO - n/a - new_structure.utils.database_init - GET / - ?? Academic structure seeded
2025-09-17 07:20:34,815 - INFO - n/a - new_structure.utils.database_init - GET / - ?? Academic structure seeded
2025-09-17 07:20:34,818 - INFO - n/a - new_structure.utils.database_init - GET / - ? Subjects seeded
2025-09-17 07:20:34,818 - INFO - n/a - new_structure.utils.database_init - GET / - ? Subjects seeded
2025-09-17 07:20:34,820 - INFO - n/a - new_structure.utils.database_init - GET / - ? School configuration created
2025-09-17 07:20:34,820 - INFO - n/a - new_structure.utils.database_init - GET / - ? School configuration created
2025-09-17 07:20:34,837 - INFO - n/a - new_structure.utils.database_init - GET / - ? Default data seeded successfully
2025-09-17 07:20:34,837 - INFO - n/a - new_structure.utils.database_init - GET / - ? Default data seeded successfully
2025-09-17 07:20:35,151 - INFO - n/a - mark_validation - GET / - Mark sanitizer middleware initialized
2025-09-17 07:20:35,151 - INFO - n/a - mark_validation - GET / - Mark sanitizer middleware initialized
2025-09-17 07:20:35,155 - WARNING - n/a - root - GET / - SECURITY VALIDATION: In-memory rate limit storage in production
2025-09-17 07:20:35,155 - WARNING - n/a - root - GET / - SECURITY VALIDATION: In-memory rate limit storage in production
2025-09-17 07:20:35,156 - WARNING - n/a - root - GET / - Security validation completed with issues: 1
2025-09-17 07:20:35,156 - WARNING - n/a - root - GET / - Security validation completed with issues: 1
2025-09-17 07:20:35,159 - WARNING - n/a - new_structure - GET / - Proceeding with in-memory rate limiter under allowed test override (ephemeral sqlite).
2025-09-17 07:20:35,159 - WARNING - n/a - new_structure - GET / - Proceeding with in-memory rate limiter under allowed test override (ephemeral sqlite).
2025-09-17 07:21:45,248 - INFO - n/a - new_structure - GET / - Rate limiter storage active: memory://
2025-09-17 07:21:45,250 - ERROR - n/a - new_structure - GET / - Database engine binding eager-check failed: A 'SQLAlchemy' instance has already been registered on this Flask app. Import and use that instance instead.
2025-09-17 07:21:45,252 - ERROR - n/a - new_structure - GET / - Database binding on appcontext push failed: A 'SQLAlchemy' instance has already been registered on this Flask app. Import and use that instance instead.
2025-09-17 07:21:45,654 - INFO - n/a - mark_validation - GET / - Mark sanitizer middleware initialized
2025-09-17 07:21:46,265 - WARNING - n/a - new_structure - GET / - Overriding configured redis RATELIMIT_STORAGE_URL with memory:// due to earlier fallback
2025-09-17 07:21:46,265 - WARNING - n/a - new_structure - GET / - Overriding configured redis RATELIMIT_STORAGE_URL with memory:// due to earlier fallback
2025-09-17 07:21:46,267 - WARNING - n/a - new_structure - GET / - Limiter initialization failed; continuing without limits: In-memory rate limiting backend is not allowed in production. Set RATE_LIMIT_STORAGE_URI to a Redis URI or ALLOW_IN_MEMORY_LIMITS=1 for a temporary override.
2025-09-17 07:21:46,267 - WARNING - n/a - new_structure - GET / - Limiter initialization failed; continuing without limits: In-memory rate limiting backend is not allowed in production. Set RATE_LIMIT_STORAGE_URI to a Redis URI or ALLOW_IN_MEMORY_LIMITS=1 for a temporary override.
2025-09-17 07:21:46,270 - ERROR - n/a - new_structure - GET / - Database engine binding eager-check failed: A 'SQLAlchemy' instance has already been registered on this Flask app. Import and use that instance instead.
2025-09-17 07:21:46,270 - ERROR - n/a - new_structure - GET / - Database engine binding eager-check failed: A 'SQLAlchemy' instance has already been registered on this Flask app. Import and use that instance instead.
2025-09-17 07:21:46,272 - ERROR - n/a - new_structure - GET / - Database binding on appcontext push failed: A 'SQLAlchemy' instance has already been registered on this Flask app. Import and use that instance instead.
2025-09-17 07:21:46,272 - ERROR - n/a - new_structure - GET / - Database binding on appcontext push failed: A 'SQLAlchemy' instance has already been registered on this Flask app. Import and use that instance instead.
2025-09-17 07:21:47,413 - INFO - n/a - mark_validation - GET / - Mark sanitizer middleware initialized
2025-09-17 07:21:47,413 - INFO - n/a - mark_validation - GET / - Mark sanitizer middleware initialized
2025-09-17 07:21:47,417 - WARNING - n/a - root - GET / - SECURITY VALIDATION: In-memory rate limit storage in production
2025-09-17 07:21:47,417 - WARNING - n/a - root - GET / - SECURITY VALIDATION: In-memory rate limit storage in production
2025-09-17 07:21:47,419 - WARNING - n/a - root - GET / - Security validation completed with issues: 1
2025-09-17 07:21:47,419 - WARNING - n/a - root - GET / - Security validation completed with issues: 1
2025-09-17 07:21:47,427 - ERROR - n/a - new_structure -   - Database binding on appcontext push failed: A 'SQLAlchemy' instance has already been registered on this Flask app. Import and use that instance instead.
2025-09-17 07:21:47,427 - ERROR - n/a - new_structure -   - Database binding on appcontext push failed: A 'SQLAlchemy' instance has already been registered on this Flask app. Import and use that instance instead.
2025-09-17 07:21:47,746 - WARNING - n/a - new_structure - GET / - Overriding configured redis RATELIMIT_STORAGE_URL with memory:// due to earlier fallback
2025-09-17 07:21:47,746 - WARNING - n/a - new_structure - GET / - Overriding configured redis RATELIMIT_STORAGE_URL with memory:// due to earlier fallback
2025-09-17 07:21:47,746 - WARNING - n/a - new_structure - GET / - Overriding configured redis RATELIMIT_STORAGE_URL with memory:// due to earlier fallback
2025-09-17 07:21:47,752 - INFO - n/a - new_structure - GET / - Rate limiter storage active: memory://
2025-09-17 07:21:47,752 - INFO - n/a - new_structure - GET / - Rate limiter storage active: memory://
2025-09-17 07:21:47,752 - INFO - n/a - new_structure - GET / - Rate limiter storage active: memory://
2025-09-17 07:21:47,754 - ERROR - n/a - new_structure - GET / - Database binding on appcontext push failed: A 'SQLAlchemy' instance has already been registered on this Flask app. Import and use that instance instead.
2025-09-17 07:21:47,754 - ERROR - n/a - new_structure - GET / - Database binding on appcontext push failed: A 'SQLAlchemy' instance has already been registered on this Flask app. Import and use that instance instead.
2025-09-17 07:21:47,754 - ERROR - n/a - new_structure - GET / - Database binding on appcontext push failed: A 'SQLAlchemy' instance has already been registered on this Flask app. Import and use that instance instead.
2025-09-17 07:21:47,757 - ERROR - n/a - new_structure - GET / - Database engine binding eager-check failed: A 'SQLAlchemy' instance has already been registered on this Flask app. Import and use that instance instead.
2025-09-17 07:21:47,757 - ERROR - n/a - new_structure - GET / - Database engine binding eager-check failed: A 'SQLAlchemy' instance has already been registered on this Flask app. Import and use that instance instead.
2025-09-17 07:21:47,757 - ERROR - n/a - new_structure - GET / - Database engine binding eager-check failed: A 'SQLAlchemy' instance has already been registered on this Flask app. Import and use that instance instead.
2025-09-17 07:21:47,762 - ERROR - n/a - new_structure - GET / - Database binding on appcontext push failed: A 'SQLAlchemy' instance has already been registered on this Flask app. Import and use that instance instead.
2025-09-17 07:21:47,762 - ERROR - n/a - new_structure - GET / - Database binding on appcontext push failed: A 'SQLAlchemy' instance has already been registered on this Flask app. Import and use that instance instead.
2025-09-17 07:21:47,762 - ERROR - n/a - new_structure - GET / - Database binding on appcontext push failed: A 'SQLAlchemy' instance has already been registered on this Flask app. Import and use that instance instead.
2025-09-17 07:21:47,767 - ERROR - n/a - new_structure - GET / - Database binding on appcontext push failed: A 'SQLAlchemy' instance has already been registered on this Flask app. Import and use that instance instead.
2025-09-17 07:21:47,767 - ERROR - n/a - new_structure - GET / - Database binding on appcontext push failed: A 'SQLAlchemy' instance has already been registered on this Flask app. Import and use that instance instead.
2025-09-17 07:21:47,767 - ERROR - n/a - new_structure - GET / - Database binding on appcontext push failed: A 'SQLAlchemy' instance has already been registered on this Flask app. Import and use that instance instead.
2025-09-17 07:21:48,689 - INFO - n/a - mark_validation - GET / - Mark sanitizer middleware initialized
2025-09-17 07:21:48,689 - INFO - n/a - mark_validation - GET / - Mark sanitizer middleware initialized
2025-09-17 07:21:48,689 - INFO - n/a - mark_validation - GET / - Mark sanitizer middleware initialized
2025-09-17 07:21:48,714 - INFO - n/a - new_structure -   - Generated strong development SECRET_KEY (persisted).
2025-09-17 07:21:48,714 - INFO - n/a - new_structure -   - Generated strong development SECRET_KEY (persisted).
2025-09-17 07:21:48,714 - INFO - n/a - new_structure -   - Generated strong development SECRET_KEY (persisted).
2025-09-17 07:21:54,694 - INFO - n/a - new_structure - GET / - Rate limiter storage active: memory://
2025-09-17 07:21:54,696 - ERROR - n/a - new_structure - GET / - Database engine binding eager-check failed: A 'SQLAlchemy' instance has already been registered on this Flask app. Import and use that instance instead.
2025-09-17 07:21:54,699 - ERROR - n/a - new_structure - GET / - Database binding on appcontext push failed: A 'SQLAlchemy' instance has already been registered on this Flask app. Import and use that instance instead.
2025-09-17 07:21:54,699 - INFO - n/a - new_structure.utils.database_init - GET / - ? Starting database initialization (MySQL mode)
2025-09-17 07:21:54,701 - ERROR - n/a - new_structure.utils.database_init - GET / - Error creating tables: The current Flask app is not registered with this 'SQLAlchemy' instance. Did you forget to call 'init_app', or did you create multiple 'SQLAlchemy' instances?
2025-09-17 07:21:55,500 - INFO - n/a - mark_validation - GET / - Mark sanitizer middleware initialized
2025-09-17 07:21:57,984 - ERROR - c0866cf66f9a4fb3bb330dd6f872df20 - new_structure - GET /classteacher/subject_report/2/2/1/1/1 - Database binding failed: A 'SQLAlchemy' instance has already been registered on this Flask app. Import and use that instance instead.
2025-09-17 07:21:57,999 - WARNING - c0866cf66f9a4fb3bb330dd6f872df20 - new_structure - GET /classteacher/subject_report/2/2/1/1/1 - subject_report.unauthorized_access
2025-09-17 07:21:58,002 - INFO - c0866cf66f9a4fb3bb330dd6f872df20 - new_structure - GET /classteacher/subject_report/2/2/1/1/1 - {'event': 'report.subject.view:completed', 'correlation_id': 'd78698a2-b428-4105-b3e4-0ddc6a49fc6b', 'ip': '127.0.0.1', 'method': 'GET', 'path': '/classteacher/subject_report/2/2/1/1/1', 'role': 'teacher', 'teacher_id': 8, 'status': 403}
2025-09-17 07:21:58,044 - ERROR - cdb44c86ec9240fe90d893a0da6125b6 - new_structure - GET /classteacher/subject_report/2/2/1/1/1 - Database binding failed: A 'SQLAlchemy' instance has already been registered on this Flask app. Import and use that instance instead.
2025-09-17 07:21:58,082 - INFO - cdb44c86ec9240fe90d893a0da6125b6 - new_structure - GET /classteacher/subject_report/2/2/1/1/1 - subject_report.render
2025-09-17 07:21:58,084 - INFO - cdb44c86ec9240fe90d893a0da6125b6 - new_structure - GET /classteacher/subject_report/2/2/1/1/1 - {'event': 'report.subject.view:success', 'correlation_id': 'ea303503-037e-4898-b286-2bf064be3bc8', 'ip': '127.0.0.1', 'method': 'GET', 'path': '/classteacher/subject_report/2/2/1/1/1', 'role': 'teacher', 'teacher_id': 7, 'status': 200}
2025-09-17 07:21:58,123 - ERROR - 609b06da58d94a59b27ff340534ae0a3 - new_structure - GET /classteacher/subject_report/2/2/1/999/1 - Database binding failed: A 'SQLAlchemy' instance has already been registered on this Flask app. Import and use that instance instead.
2025-09-17 07:21:58,130 - WARNING - 609b06da58d94a59b27ff340534ae0a3 - new_structure - GET /classteacher/subject_report/2/2/1/999/1 - subject_report.invalid_parameters
2025-09-17 07:21:58,132 - INFO - 609b06da58d94a59b27ff340534ae0a3 - new_structure - GET /classteacher/subject_report/2/2/1/999/1 - {'event': 'report.subject.view:completed', 'correlation_id': '5ac3f2a5-2f44-4851-973a-f3d2e2652749', 'ip': '127.0.0.1', 'method': 'GET', 'path': '/classteacher/subject_report/2/2/1/999/1', 'role': 'teacher', 'teacher_id': 7, 'status': 400}
2025-09-17 07:21:59,359 - ERROR - 51188d14a1aa40b5853b410ad2957e6c - new_structure - GET /classteacher/subject_report/2/2/1/1/1 - Database binding failed: A 'SQLAlchemy' instance has already been registered on this Flask app. Import and use that instance instead.
2025-09-17 07:21:59,380 - INFO - 51188d14a1aa40b5853b410ad2957e6c - new_structure - GET /classteacher/subject_report/2/2/1/1/1 - subject_report.render
2025-09-17 07:21:59,382 - INFO - 51188d14a1aa40b5853b410ad2957e6c - new_structure - GET /classteacher/subject_report/2/2/1/1/1 - {'event': 'report.subject.view:success', 'correlation_id': 'e02992a4-18c2-46eb-a756-cb47e77a17de', 'ip': '127.0.0.1', 'method': 'GET', 'path': '/classteacher/subject_report/2/2/1/1/1', 'role': 'headteacher', 'teacher_id': 1, 'status': 200}
2025-09-17 07:21:59,424 - ERROR - b787da0e3f18413fb0a9cc7004b49ac3 - new_structure - GET /classteacher/subject_report/2/2/1/1/1 - Database binding failed: A 'SQLAlchemy' instance has already been registered on this Flask app. Import and use that instance instead.
2025-09-17 07:21:59,443 - INFO - b787da0e3f18413fb0a9cc7004b49ac3 - new_structure - GET /classteacher/subject_report/2/2/1/1/1 - subject_report.render
2025-09-17 07:21:59,445 - INFO - b787da0e3f18413fb0a9cc7004b49ac3 - new_structure - GET /classteacher/subject_report/2/2/1/1/1 - {'event': 'report.subject.view:success', 'correlation_id': 'f6b386a4-4c4e-4a2f-b1a7-93c94a3a484e', 'ip': '127.0.0.1', 'method': 'GET', 'path': '/classteacher/subject_report/2/2/1/1/1', 'role': 'classteacher', 'teacher_id': 9, 'status': 200}
2025-09-17 07:21:59,453 - INFO - n/a - new_structure -   - Generated strong development SECRET_KEY (persisted).
2025-09-17 07:42:13,153 - INFO - n/a - new_structure - GET / - Rate limiter storage active: memory://
2025-09-17 07:42:13,586 - INFO - n/a - mark_validation - GET / - Mark sanitizer middleware initialized
2025-09-17 07:42:14,797 - WARNING - n/a - new_structure - GET / - Overriding configured redis RATELIMIT_STORAGE_URL with memory:// due to earlier fallback
2025-09-17 07:42:14,797 - WARNING - n/a - new_structure - GET / - Overriding configured redis RATELIMIT_STORAGE_URL with memory:// due to earlier fallback
2025-09-17 07:42:14,804 - WARNING - n/a - new_structure - GET / - Limiter initialization failed; continuing without limits: In-memory rate limiting backend is not allowed in production. Set RATE_LIMIT_STORAGE_URI to a Redis URI or ALLOW_IN_MEMORY_LIMITS=1 for a temporary override.
2025-09-17 07:42:14,804 - WARNING - n/a - new_structure - GET / - Limiter initialization failed; continuing without limits: In-memory rate limiting backend is not allowed in production. Set RATE_LIMIT_STORAGE_URI to a Redis URI or ALLOW_IN_MEMORY_LIMITS=1 for a temporary override.
2025-09-17 07:42:14,806 - ERROR - n/a - new_structure - GET / - Database binding on appcontext push failed: The current Flask app is not registered with this 'SQLAlchemy' instance. Did you forget to call 'init_app', or did you create multiple 'SQLAlchemy' instances?
2025-09-17 07:42:14,806 - ERROR - n/a - new_structure - GET / - Database binding on appcontext push failed: The current Flask app is not registered with this 'SQLAlchemy' instance. Did you forget to call 'init_app', or did you create multiple 'SQLAlchemy' instances?
2025-09-17 07:42:14,809 - ERROR - n/a - new_structure - GET / - Database binding on appcontext push failed: The current Flask app is not registered with this 'SQLAlchemy' instance. Did you forget to call 'init_app', or did you create multiple 'SQLAlchemy' instances?
2025-09-17 07:42:14,809 - ERROR - n/a - new_structure - GET / - Database binding on appcontext push failed: The current Flask app is not registered with this 'SQLAlchemy' instance. Did you forget to call 'init_app', or did you create multiple 'SQLAlchemy' instances?
2025-09-17 07:42:14,818 - ERROR - n/a - new_structure - GET / - Database binding on appcontext push failed: The current Flask app is not registered with this 'SQLAlchemy' instance. Did you forget to call 'init_app', or did you create multiple 'SQLAlchemy' instances?
2025-09-17 07:42:14,818 - ERROR - n/a - new_structure - GET / - Database binding on appcontext push failed: The current Flask app is not registered with this 'SQLAlchemy' instance. Did you forget to call 'init_app', or did you create multiple 'SQLAlchemy' instances?
2025-09-17 07:42:14,825 - ERROR - n/a - new_structure - GET / - Database binding on appcontext push failed: The current Flask app is not registered with this 'SQLAlchemy' instance. Did you forget to call 'init_app', or did you create multiple 'SQLAlchemy' instances?
2025-09-17 07:42:14,825 - ERROR - n/a - new_structure - GET / - Database binding on appcontext push failed: The current Flask app is not registered with this 'SQLAlchemy' instance. Did you forget to call 'init_app', or did you create multiple 'SQLAlchemy' instances?
2025-09-17 07:42:14,832 - ERROR - n/a - new_structure - GET / - Database binding on appcontext push failed: The current Flask app is not registered with this 'SQLAlchemy' instance. Did you forget to call 'init_app', or did you create multiple 'SQLAlchemy' instances?
2025-09-17 07:42:14,832 - ERROR - n/a - new_structure - GET / - Database binding on appcontext push failed: The current Flask app is not registered with this 'SQLAlchemy' instance. Did you forget to call 'init_app', or did you create multiple 'SQLAlchemy' instances?
2025-09-17 07:42:14,836 - ERROR - n/a - new_structure - GET / - Database binding on appcontext push failed: The current Flask app is not registered with this 'SQLAlchemy' instance. Did you forget to call 'init_app', or did you create multiple 'SQLAlchemy' instances?
2025-09-17 07:42:14,836 - ERROR - n/a - new_structure - GET / - Database binding on appcontext push failed: The current Flask app is not registered with this 'SQLAlchemy' instance. Did you forget to call 'init_app', or did you create multiple 'SQLAlchemy' instances?
2025-09-17 07:42:14,847 - ERROR - n/a - new_structure - GET / - Database binding on appcontext push failed: The current Flask app is not registered with this 'SQLAlchemy' instance. Did you forget to call 'init_app', or did you create multiple 'SQLAlchemy' instances?
2025-09-17 07:42:14,847 - ERROR - n/a - new_structure - GET / - Database binding on appcontext push failed: The current Flask app is not registered with this 'SQLAlchemy' instance. Did you forget to call 'init_app', or did you create multiple 'SQLAlchemy' instances?
2025-09-17 07:42:14,850 - ERROR - n/a - new_structure - GET / - Database binding on appcontext push failed: The current Flask app is not registered with this 'SQLAlchemy' instance. Did you forget to call 'init_app', or did you create multiple 'SQLAlchemy' instances?
2025-09-17 07:42:14,850 - ERROR - n/a - new_structure - GET / - Database binding on appcontext push failed: The current Flask app is not registered with this 'SQLAlchemy' instance. Did you forget to call 'init_app', or did you create multiple 'SQLAlchemy' instances?
2025-09-17 07:42:14,854 - ERROR - n/a - new_structure - GET / - Database binding on appcontext push failed: The current Flask app is not registered with this 'SQLAlchemy' instance. Did you forget to call 'init_app', or did you create multiple 'SQLAlchemy' instances?
2025-09-17 07:42:14,854 - ERROR - n/a - new_structure - GET / - Database binding on appcontext push failed: The current Flask app is not registered with this 'SQLAlchemy' instance. Did you forget to call 'init_app', or did you create multiple 'SQLAlchemy' instances?
2025-09-17 07:42:14,859 - ERROR - n/a - new_structure - GET / - Database binding on appcontext push failed: The current Flask app is not registered with this 'SQLAlchemy' instance. Did you forget to call 'init_app', or did you create multiple 'SQLAlchemy' instances?
2025-09-17 07:42:14,859 - ERROR - n/a - new_structure - GET / - Database binding on appcontext push failed: The current Flask app is not registered with this 'SQLAlchemy' instance. Did you forget to call 'init_app', or did you create multiple 'SQLAlchemy' instances?
2025-09-17 07:42:14,862 - ERROR - n/a - new_structure - GET / - Database binding on appcontext push failed: The current Flask app is not registered with this 'SQLAlchemy' instance. Did you forget to call 'init_app', or did you create multiple 'SQLAlchemy' instances?
2025-09-17 07:42:14,862 - ERROR - n/a - new_structure - GET / - Database binding on appcontext push failed: The current Flask app is not registered with this 'SQLAlchemy' instance. Did you forget to call 'init_app', or did you create multiple 'SQLAlchemy' instances?
2025-09-17 07:42:14,864 - ERROR - n/a - new_structure - GET / - Database binding on appcontext push failed: The current Flask app is not registered with this 'SQLAlchemy' instance. Did you forget to call 'init_app', or did you create multiple 'SQLAlchemy' instances?
2025-09-17 07:42:14,864 - ERROR - n/a - new_structure - GET / - Database binding on appcontext push failed: The current Flask app is not registered with this 'SQLAlchemy' instance. Did you forget to call 'init_app', or did you create multiple 'SQLAlchemy' instances?
2025-09-17 07:42:14,867 - ERROR - n/a - new_structure - GET / - Database binding on appcontext push failed: The current Flask app is not registered with this 'SQLAlchemy' instance. Did you forget to call 'init_app', or did you create multiple 'SQLAlchemy' instances?
2025-09-17 07:42:14,867 - ERROR - n/a - new_structure - GET / - Database binding on appcontext push failed: The current Flask app is not registered with this 'SQLAlchemy' instance. Did you forget to call 'init_app', or did you create multiple 'SQLAlchemy' instances?
2025-09-17 07:42:14,869 - ERROR - n/a - new_structure - GET / - Database binding on appcontext push failed: The current Flask app is not registered with this 'SQLAlchemy' instance. Did you forget to call 'init_app', or did you create multiple 'SQLAlchemy' instances?
2025-09-17 07:42:14,869 - ERROR - n/a - new_structure - GET / - Database binding on appcontext push failed: The current Flask app is not registered with this 'SQLAlchemy' instance. Did you forget to call 'init_app', or did you create multiple 'SQLAlchemy' instances?
2025-09-17 07:42:14,872 - ERROR - n/a - new_structure - GET / - Database binding on appcontext push failed: The current Flask app is not registered with this 'SQLAlchemy' instance. Did you forget to call 'init_app', or did you create multiple 'SQLAlchemy' instances?
2025-09-17 07:42:14,872 - ERROR - n/a - new_structure - GET / - Database binding on appcontext push failed: The current Flask app is not registered with this 'SQLAlchemy' instance. Did you forget to call 'init_app', or did you create multiple 'SQLAlchemy' instances?
2025-09-17 07:42:14,875 - ERROR - n/a - new_structure - GET / - Database binding on appcontext push failed: The current Flask app is not registered with this 'SQLAlchemy' instance. Did you forget to call 'init_app', or did you create multiple 'SQLAlchemy' instances?
2025-09-17 07:42:14,875 - ERROR - n/a - new_structure - GET / - Database binding on appcontext push failed: The current Flask app is not registered with this 'SQLAlchemy' instance. Did you forget to call 'init_app', or did you create multiple 'SQLAlchemy' instances?
2025-09-17 07:42:14,878 - ERROR - n/a - new_structure - GET / - Database binding on appcontext push failed: The current Flask app is not registered with this 'SQLAlchemy' instance. Did you forget to call 'init_app', or did you create multiple 'SQLAlchemy' instances?
2025-09-17 07:42:14,878 - ERROR - n/a - new_structure - GET / - Database binding on appcontext push failed: The current Flask app is not registered with this 'SQLAlchemy' instance. Did you forget to call 'init_app', or did you create multiple 'SQLAlchemy' instances?
2025-09-17 07:42:14,881 - ERROR - n/a - new_structure - GET / - Database binding on appcontext push failed: The current Flask app is not registered with this 'SQLAlchemy' instance. Did you forget to call 'init_app', or did you create multiple 'SQLAlchemy' instances?
2025-09-17 07:42:14,881 - ERROR - n/a - new_structure - GET / - Database binding on appcontext push failed: The current Flask app is not registered with this 'SQLAlchemy' instance. Did you forget to call 'init_app', or did you create multiple 'SQLAlchemy' instances?
2025-09-17 07:42:14,883 - ERROR - n/a - new_structure - GET / - Database binding on appcontext push failed: The current Flask app is not registered with this 'SQLAlchemy' instance. Did you forget to call 'init_app', or did you create multiple 'SQLAlchemy' instances?
2025-09-17 07:42:14,883 - ERROR - n/a - new_structure - GET / - Database binding on appcontext push failed: The current Flask app is not registered with this 'SQLAlchemy' instance. Did you forget to call 'init_app', or did you create multiple 'SQLAlchemy' instances?
2025-09-17 07:42:14,885 - ERROR - n/a - new_structure - GET / - Database binding on appcontext push failed: The current Flask app is not registered with this 'SQLAlchemy' instance. Did you forget to call 'init_app', or did you create multiple 'SQLAlchemy' instances?
2025-09-17 07:42:14,885 - ERROR - n/a - new_structure - GET / - Database binding on appcontext push failed: The current Flask app is not registered with this 'SQLAlchemy' instance. Did you forget to call 'init_app', or did you create multiple 'SQLAlchemy' instances?
2025-09-17 07:42:14,888 - ERROR - n/a - new_structure - GET / - Database binding on appcontext push failed: The current Flask app is not registered with this 'SQLAlchemy' instance. Did you forget to call 'init_app', or did you create multiple 'SQLAlchemy' instances?
2025-09-17 07:42:14,888 - ERROR - n/a - new_structure - GET / - Database binding on appcontext push failed: The current Flask app is not registered with this 'SQLAlchemy' instance. Did you forget to call 'init_app', or did you create multiple 'SQLAlchemy' instances?
2025-09-17 07:42:14,891 - ERROR - n/a - new_structure - GET / - Database binding on appcontext push failed: The current Flask app is not registered with this 'SQLAlchemy' instance. Did you forget to call 'init_app', or did you create multiple 'SQLAlchemy' instances?
2025-09-17 07:42:14,891 - ERROR - n/a - new_structure - GET / - Database binding on appcontext push failed: The current Flask app is not registered with this 'SQLAlchemy' instance. Did you forget to call 'init_app', or did you create multiple 'SQLAlchemy' instances?
2025-09-17 07:42:14,900 - ERROR - n/a - new_structure - GET / - Database binding on appcontext push failed: The current Flask app is not registered with this 'SQLAlchemy' instance. Did you forget to call 'init_app', or did you create multiple 'SQLAlchemy' instances?
2025-09-17 07:42:14,900 - ERROR - n/a - new_structure - GET / - Database binding on appcontext push failed: The current Flask app is not registered with this 'SQLAlchemy' instance. Did you forget to call 'init_app', or did you create multiple 'SQLAlchemy' instances?
2025-09-17 07:42:14,903 - ERROR - n/a - new_structure - GET / - Database binding on appcontext push failed: The current Flask app is not registered with this 'SQLAlchemy' instance. Did you forget to call 'init_app', or did you create multiple 'SQLAlchemy' instances?
2025-09-17 07:42:14,903 - ERROR - n/a - new_structure - GET / - Database binding on appcontext push failed: The current Flask app is not registered with this 'SQLAlchemy' instance. Did you forget to call 'init_app', or did you create multiple 'SQLAlchemy' instances?
2025-09-17 07:42:14,905 - ERROR - n/a - new_structure - GET / - Database binding on appcontext push failed: The current Flask app is not registered with this 'SQLAlchemy' instance. Did you forget to call 'init_app', or did you create multiple 'SQLAlchemy' instances?
2025-09-17 07:42:14,905 - ERROR - n/a - new_structure - GET / - Database binding on appcontext push failed: The current Flask app is not registered with this 'SQLAlchemy' instance. Did you forget to call 'init_app', or did you create multiple 'SQLAlchemy' instances?
2025-09-17 07:42:14,908 - ERROR - n/a - new_structure - GET / - Database binding on appcontext push failed: The current Flask app is not registered with this 'SQLAlchemy' instance. Did you forget to call 'init_app', or did you create multiple 'SQLAlchemy' instances?
2025-09-17 07:42:14,908 - ERROR - n/a - new_structure - GET / - Database binding on appcontext push failed: The current Flask app is not registered with this 'SQLAlchemy' instance. Did you forget to call 'init_app', or did you create multiple 'SQLAlchemy' instances?
2025-09-17 07:42:14,910 - ERROR - n/a - new_structure - GET / - Database binding on appcontext push failed: The current Flask app is not registered with this 'SQLAlchemy' instance. Did you forget to call 'init_app', or did you create multiple 'SQLAlchemy' instances?
2025-09-17 07:42:14,910 - ERROR - n/a - new_structure - GET / - Database binding on appcontext push failed: The current Flask app is not registered with this 'SQLAlchemy' instance. Did you forget to call 'init_app', or did you create multiple 'SQLAlchemy' instances?
2025-09-17 07:42:14,912 - ERROR - n/a - new_structure - GET / - Database binding on appcontext push failed: The current Flask app is not registered with this 'SQLAlchemy' instance. Did you forget to call 'init_app', or did you create multiple 'SQLAlchemy' instances?
2025-09-17 07:42:14,912 - ERROR - n/a - new_structure - GET / - Database binding on appcontext push failed: The current Flask app is not registered with this 'SQLAlchemy' instance. Did you forget to call 'init_app', or did you create multiple 'SQLAlchemy' instances?
2025-09-17 07:42:14,916 - ERROR - n/a - new_structure - GET / - Database binding on appcontext push failed: The current Flask app is not registered with this 'SQLAlchemy' instance. Did you forget to call 'init_app', or did you create multiple 'SQLAlchemy' instances?
2025-09-17 07:42:14,916 - ERROR - n/a - new_structure - GET / - Database binding on appcontext push failed: The current Flask app is not registered with this 'SQLAlchemy' instance. Did you forget to call 'init_app', or did you create multiple 'SQLAlchemy' instances?
2025-09-17 07:42:14,920 - ERROR - n/a - new_structure - GET / - Database binding on appcontext push failed: The current Flask app is not registered with this 'SQLAlchemy' instance. Did you forget to call 'init_app', or did you create multiple 'SQLAlchemy' instances?
2025-09-17 07:42:14,920 - ERROR - n/a - new_structure - GET / - Database binding on appcontext push failed: The current Flask app is not registered with this 'SQLAlchemy' instance. Did you forget to call 'init_app', or did you create multiple 'SQLAlchemy' instances?
2025-09-17 07:42:14,923 - ERROR - n/a - new_structure - GET / - Database binding on appcontext push failed: The current Flask app is not registered with this 'SQLAlchemy' instance. Did you forget to call 'init_app', or did you create multiple 'SQLAlchemy' instances?
2025-09-17 07:42:14,923 - ERROR - n/a - new_structure - GET / - Database binding on appcontext push failed: The current Flask app is not registered with this 'SQLAlchemy' instance. Did you forget to call 'init_app', or did you create multiple 'SQLAlchemy' instances?
2025-09-17 07:42:14,927 - ERROR - n/a - new_structure - GET / - Database binding on appcontext push failed: The current Flask app is not registered with this 'SQLAlchemy' instance. Did you forget to call 'init_app', or did you create multiple 'SQLAlchemy' instances?
2025-09-17 07:42:14,927 - ERROR - n/a - new_structure - GET / - Database binding on appcontext push failed: The current Flask app is not registered with this 'SQLAlchemy' instance. Did you forget to call 'init_app', or did you create multiple 'SQLAlchemy' instances?
2025-09-17 07:42:14,929 - ERROR - n/a - new_structure - GET / - Database binding on appcontext push failed: The current Flask app is not registered with this 'SQLAlchemy' instance. Did you forget to call 'init_app', or did you create multiple 'SQLAlchemy' instances?
2025-09-17 07:42:14,929 - ERROR - n/a - new_structure - GET / - Database binding on appcontext push failed: The current Flask app is not registered with this 'SQLAlchemy' instance. Did you forget to call 'init_app', or did you create multiple 'SQLAlchemy' instances?
2025-09-17 07:42:14,931 - ERROR - n/a - new_structure - GET / - Database binding on appcontext push failed: The current Flask app is not registered with this 'SQLAlchemy' instance. Did you forget to call 'init_app', or did you create multiple 'SQLAlchemy' instances?
2025-09-17 07:42:14,931 - ERROR - n/a - new_structure - GET / - Database binding on appcontext push failed: The current Flask app is not registered with this 'SQLAlchemy' instance. Did you forget to call 'init_app', or did you create multiple 'SQLAlchemy' instances?
2025-09-17 07:42:14,934 - ERROR - n/a - new_structure - GET / - Database binding on appcontext push failed: The current Flask app is not registered with this 'SQLAlchemy' instance. Did you forget to call 'init_app', or did you create multiple 'SQLAlchemy' instances?
2025-09-17 07:42:14,934 - ERROR - n/a - new_structure - GET / - Database binding on appcontext push failed: The current Flask app is not registered with this 'SQLAlchemy' instance. Did you forget to call 'init_app', or did you create multiple 'SQLAlchemy' instances?
2025-09-17 07:42:14,936 - ERROR - n/a - new_structure - GET / - Database binding on appcontext push failed: The current Flask app is not registered with this 'SQLAlchemy' instance. Did you forget to call 'init_app', or did you create multiple 'SQLAlchemy' instances?
2025-09-17 07:42:14,936 - ERROR - n/a - new_structure - GET / - Database binding on appcontext push failed: The current Flask app is not registered with this 'SQLAlchemy' instance. Did you forget to call 'init_app', or did you create multiple 'SQLAlchemy' instances?
2025-09-17 07:42:14,943 - ERROR - n/a - new_structure - GET / - Database binding on appcontext push failed: The current Flask app is not registered with this 'SQLAlchemy' instance. Did you forget to call 'init_app', or did you create multiple 'SQLAlchemy' instances?
2025-09-17 07:42:14,943 - ERROR - n/a - new_structure - GET / - Database binding on appcontext push failed: The current Flask app is not registered with this 'SQLAlchemy' instance. Did you forget to call 'init_app', or did you create multiple 'SQLAlchemy' instances?
2025-09-17 07:42:14,946 - ERROR - n/a - new_structure - GET / - Database binding on appcontext push failed: The current Flask app is not registered with this 'SQLAlchemy' instance. Did you forget to call 'init_app', or did you create multiple 'SQLAlchemy' instances?
2025-09-17 07:42:14,946 - ERROR - n/a - new_structure - GET / - Database binding on appcontext push failed: The current Flask app is not registered with this 'SQLAlchemy' instance. Did you forget to call 'init_app', or did you create multiple 'SQLAlchemy' instances?
2025-09-17 07:42:14,948 - ERROR - n/a - new_structure - GET / - Database binding on appcontext push failed: The current Flask app is not registered with this 'SQLAlchemy' instance. Did you forget to call 'init_app', or did you create multiple 'SQLAlchemy' instances?
2025-09-17 07:42:14,948 - ERROR - n/a - new_structure - GET / - Database binding on appcontext push failed: The current Flask app is not registered with this 'SQLAlchemy' instance. Did you forget to call 'init_app', or did you create multiple 'SQLAlchemy' instances?
2025-09-17 07:42:14,951 - ERROR - n/a - new_structure - GET / - Database binding on appcontext push failed: The current Flask app is not registered with this 'SQLAlchemy' instance. Did you forget to call 'init_app', or did you create multiple 'SQLAlchemy' instances?
2025-09-17 07:42:14,951 - ERROR - n/a - new_structure - GET / - Database binding on appcontext push failed: The current Flask app is not registered with this 'SQLAlchemy' instance. Did you forget to call 'init_app', or did you create multiple 'SQLAlchemy' instances?
2025-09-17 07:42:14,953 - ERROR - n/a - new_structure - GET / - Database binding on appcontext push failed: The current Flask app is not registered with this 'SQLAlchemy' instance. Did you forget to call 'init_app', or did you create multiple 'SQLAlchemy' instances?
2025-09-17 07:42:14,953 - ERROR - n/a - new_structure - GET / - Database binding on appcontext push failed: The current Flask app is not registered with this 'SQLAlchemy' instance. Did you forget to call 'init_app', or did you create multiple 'SQLAlchemy' instances?
2025-09-17 07:42:14,954 - ERROR - n/a - new_structure - GET / - Database binding on appcontext push failed: The current Flask app is not registered with this 'SQLAlchemy' instance. Did you forget to call 'init_app', or did you create multiple 'SQLAlchemy' instances?
2025-09-17 07:42:14,954 - ERROR - n/a - new_structure - GET / - Database binding on appcontext push failed: The current Flask app is not registered with this 'SQLAlchemy' instance. Did you forget to call 'init_app', or did you create multiple 'SQLAlchemy' instances?
2025-09-17 07:42:14,957 - ERROR - n/a - new_structure - GET / - Database binding on appcontext push failed: The current Flask app is not registered with this 'SQLAlchemy' instance. Did you forget to call 'init_app', or did you create multiple 'SQLAlchemy' instances?
2025-09-17 07:42:14,957 - ERROR - n/a - new_structure - GET / - Database binding on appcontext push failed: The current Flask app is not registered with this 'SQLAlchemy' instance. Did you forget to call 'init_app', or did you create multiple 'SQLAlchemy' instances?
2025-09-17 07:42:14,959 - ERROR - n/a - new_structure - GET / - Database binding on appcontext push failed: The current Flask app is not registered with this 'SQLAlchemy' instance. Did you forget to call 'init_app', or did you create multiple 'SQLAlchemy' instances?
2025-09-17 07:42:14,959 - ERROR - n/a - new_structure - GET / - Database binding on appcontext push failed: The current Flask app is not registered with this 'SQLAlchemy' instance. Did you forget to call 'init_app', or did you create multiple 'SQLAlchemy' instances?
2025-09-17 07:42:15,999 - INFO - n/a - mark_validation - GET / - Mark sanitizer middleware initialized
2025-09-17 07:42:15,999 - INFO - n/a - mark_validation - GET / - Mark sanitizer middleware initialized
2025-09-17 07:42:16,002 - WARNING - n/a - root - GET / - SECURITY VALIDATION: In-memory rate limit storage in production
2025-09-17 07:42:16,002 - WARNING - n/a - root - GET / - SECURITY VALIDATION: In-memory rate limit storage in production
2025-09-17 07:42:16,004 - WARNING - n/a - root - GET / - Security validation completed with issues: 1
2025-09-17 07:42:16,004 - WARNING - n/a - root - GET / - Security validation completed with issues: 1
2025-09-17 07:42:16,012 - ERROR - n/a - new_structure -   - Database binding on appcontext push failed: The current Flask app is not registered with this 'SQLAlchemy' instance. Did you forget to call 'init_app', or did you create multiple 'SQLAlchemy' instances?
2025-09-17 07:42:16,012 - ERROR - n/a - new_structure -   - Database binding on appcontext push failed: The current Flask app is not registered with this 'SQLAlchemy' instance. Did you forget to call 'init_app', or did you create multiple 'SQLAlchemy' instances?
2025-09-17 07:42:16,383 - WARNING - n/a - new_structure - GET / - Overriding configured redis RATELIMIT_STORAGE_URL with memory:// due to earlier fallback
2025-09-17 07:42:16,383 - WARNING - n/a - new_structure - GET / - Overriding configured redis RATELIMIT_STORAGE_URL with memory:// due to earlier fallback
2025-09-17 07:42:16,383 - WARNING - n/a - new_structure - GET / - Overriding configured redis RATELIMIT_STORAGE_URL with memory:// due to earlier fallback
2025-09-17 07:42:16,386 - INFO - n/a - new_structure - GET / - Rate limiter storage active: memory://
2025-09-17 07:42:16,386 - INFO - n/a - new_structure - GET / - Rate limiter storage active: memory://
2025-09-17 07:42:16,386 - INFO - n/a - new_structure - GET / - Rate limiter storage active: memory://
2025-09-17 07:42:16,389 - ERROR - n/a - new_structure - GET / - Database binding on appcontext push failed: The current Flask app is not registered with this 'SQLAlchemy' instance. Did you forget to call 'init_app', or did you create multiple 'SQLAlchemy' instances?
2025-09-17 07:42:16,389 - ERROR - n/a - new_structure - GET / - Database binding on appcontext push failed: The current Flask app is not registered with this 'SQLAlchemy' instance. Did you forget to call 'init_app', or did you create multiple 'SQLAlchemy' instances?
2025-09-17 07:42:16,389 - ERROR - n/a - new_structure - GET / - Database binding on appcontext push failed: The current Flask app is not registered with this 'SQLAlchemy' instance. Did you forget to call 'init_app', or did you create multiple 'SQLAlchemy' instances?
2025-09-17 07:42:16,392 - ERROR - n/a - new_structure - GET / - Database binding on appcontext push failed: The current Flask app is not registered with this 'SQLAlchemy' instance. Did you forget to call 'init_app', or did you create multiple 'SQLAlchemy' instances?
2025-09-17 07:42:16,392 - ERROR - n/a - new_structure - GET / - Database binding on appcontext push failed: The current Flask app is not registered with this 'SQLAlchemy' instance. Did you forget to call 'init_app', or did you create multiple 'SQLAlchemy' instances?
2025-09-17 07:42:16,392 - ERROR - n/a - new_structure - GET / - Database binding on appcontext push failed: The current Flask app is not registered with this 'SQLAlchemy' instance. Did you forget to call 'init_app', or did you create multiple 'SQLAlchemy' instances?
2025-09-17 07:42:16,395 - ERROR - n/a - new_structure - GET / - Database binding on appcontext push failed: The current Flask app is not registered with this 'SQLAlchemy' instance. Did you forget to call 'init_app', or did you create multiple 'SQLAlchemy' instances?
2025-09-17 07:42:16,395 - ERROR - n/a - new_structure - GET / - Database binding on appcontext push failed: The current Flask app is not registered with this 'SQLAlchemy' instance. Did you forget to call 'init_app', or did you create multiple 'SQLAlchemy' instances?
2025-09-17 07:42:16,395 - ERROR - n/a - new_structure - GET / - Database binding on appcontext push failed: The current Flask app is not registered with this 'SQLAlchemy' instance. Did you forget to call 'init_app', or did you create multiple 'SQLAlchemy' instances?
2025-09-17 07:42:16,399 - ERROR - n/a - new_structure - GET / - Database binding on appcontext push failed: The current Flask app is not registered with this 'SQLAlchemy' instance. Did you forget to call 'init_app', or did you create multiple 'SQLAlchemy' instances?
2025-09-17 07:42:16,399 - ERROR - n/a - new_structure - GET / - Database binding on appcontext push failed: The current Flask app is not registered with this 'SQLAlchemy' instance. Did you forget to call 'init_app', or did you create multiple 'SQLAlchemy' instances?
2025-09-17 07:42:16,399 - ERROR - n/a - new_structure - GET / - Database binding on appcontext push failed: The current Flask app is not registered with this 'SQLAlchemy' instance. Did you forget to call 'init_app', or did you create multiple 'SQLAlchemy' instances?
2025-09-17 07:42:16,405 - ERROR - n/a - new_structure - GET / - Database binding on appcontext push failed: The current Flask app is not registered with this 'SQLAlchemy' instance. Did you forget to call 'init_app', or did you create multiple 'SQLAlchemy' instances?
2025-09-17 07:42:16,405 - ERROR - n/a - new_structure - GET / - Database binding on appcontext push failed: The current Flask app is not registered with this 'SQLAlchemy' instance. Did you forget to call 'init_app', or did you create multiple 'SQLAlchemy' instances?
2025-09-17 07:42:16,405 - ERROR - n/a - new_structure - GET / - Database binding on appcontext push failed: The current Flask app is not registered with this 'SQLAlchemy' instance. Did you forget to call 'init_app', or did you create multiple 'SQLAlchemy' instances?
2025-09-17 07:42:16,408 - ERROR - n/a - new_structure - GET / - Database binding on appcontext push failed: The current Flask app is not registered with this 'SQLAlchemy' instance. Did you forget to call 'init_app', or did you create multiple 'SQLAlchemy' instances?
2025-09-17 07:42:16,408 - ERROR - n/a - new_structure - GET / - Database binding on appcontext push failed: The current Flask app is not registered with this 'SQLAlchemy' instance. Did you forget to call 'init_app', or did you create multiple 'SQLAlchemy' instances?
2025-09-17 07:42:16,408 - ERROR - n/a - new_structure - GET / - Database binding on appcontext push failed: The current Flask app is not registered with this 'SQLAlchemy' instance. Did you forget to call 'init_app', or did you create multiple 'SQLAlchemy' instances?
2025-09-17 07:42:16,414 - ERROR - n/a - new_structure - GET / - Database binding on appcontext push failed: The current Flask app is not registered with this 'SQLAlchemy' instance. Did you forget to call 'init_app', or did you create multiple 'SQLAlchemy' instances?
2025-09-17 07:42:16,414 - ERROR - n/a - new_structure - GET / - Database binding on appcontext push failed: The current Flask app is not registered with this 'SQLAlchemy' instance. Did you forget to call 'init_app', or did you create multiple 'SQLAlchemy' instances?
2025-09-17 07:42:16,414 - ERROR - n/a - new_structure - GET / - Database binding on appcontext push failed: The current Flask app is not registered with this 'SQLAlchemy' instance. Did you forget to call 'init_app', or did you create multiple 'SQLAlchemy' instances?
2025-09-17 07:42:16,419 - ERROR - n/a - new_structure - GET / - Database binding on appcontext push failed: The current Flask app is not registered with this 'SQLAlchemy' instance. Did you forget to call 'init_app', or did you create multiple 'SQLAlchemy' instances?
2025-09-17 07:42:16,419 - ERROR - n/a - new_structure - GET / - Database binding on appcontext push failed: The current Flask app is not registered with this 'SQLAlchemy' instance. Did you forget to call 'init_app', or did you create multiple 'SQLAlchemy' instances?
2025-09-17 07:42:16,419 - ERROR - n/a - new_structure - GET / - Database binding on appcontext push failed: The current Flask app is not registered with this 'SQLAlchemy' instance. Did you forget to call 'init_app', or did you create multiple 'SQLAlchemy' instances?
2025-09-17 07:42:16,423 - ERROR - n/a - new_structure - GET / - Database binding on appcontext push failed: The current Flask app is not registered with this 'SQLAlchemy' instance. Did you forget to call 'init_app', or did you create multiple 'SQLAlchemy' instances?
2025-09-17 07:42:16,423 - ERROR - n/a - new_structure - GET / - Database binding on appcontext push failed: The current Flask app is not registered with this 'SQLAlchemy' instance. Did you forget to call 'init_app', or did you create multiple 'SQLAlchemy' instances?
2025-09-17 07:42:16,423 - ERROR - n/a - new_structure - GET / - Database binding on appcontext push failed: The current Flask app is not registered with this 'SQLAlchemy' instance. Did you forget to call 'init_app', or did you create multiple 'SQLAlchemy' instances?
2025-09-17 07:42:16,426 - ERROR - n/a - new_structure - GET / - Database binding on appcontext push failed: The current Flask app is not registered with this 'SQLAlchemy' instance. Did you forget to call 'init_app', or did you create multiple 'SQLAlchemy' instances?
2025-09-17 07:42:16,426 - ERROR - n/a - new_structure - GET / - Database binding on appcontext push failed: The current Flask app is not registered with this 'SQLAlchemy' instance. Did you forget to call 'init_app', or did you create multiple 'SQLAlchemy' instances?
2025-09-17 07:42:16,426 - ERROR - n/a - new_structure - GET / - Database binding on appcontext push failed: The current Flask app is not registered with this 'SQLAlchemy' instance. Did you forget to call 'init_app', or did you create multiple 'SQLAlchemy' instances?
2025-09-17 07:42:16,429 - ERROR - n/a - new_structure - GET / - Database binding on appcontext push failed: The current Flask app is not registered with this 'SQLAlchemy' instance. Did you forget to call 'init_app', or did you create multiple 'SQLAlchemy' instances?
2025-09-17 07:42:16,429 - ERROR - n/a - new_structure - GET / - Database binding on appcontext push failed: The current Flask app is not registered with this 'SQLAlchemy' instance. Did you forget to call 'init_app', or did you create multiple 'SQLAlchemy' instances?
2025-09-17 07:42:16,429 - ERROR - n/a - new_structure - GET / - Database binding on appcontext push failed: The current Flask app is not registered with this 'SQLAlchemy' instance. Did you forget to call 'init_app', or did you create multiple 'SQLAlchemy' instances?
2025-09-17 07:42:16,432 - ERROR - n/a - new_structure - GET / - Database binding on appcontext push failed: The current Flask app is not registered with this 'SQLAlchemy' instance. Did you forget to call 'init_app', or did you create multiple 'SQLAlchemy' instances?
2025-09-17 07:42:16,432 - ERROR - n/a - new_structure - GET / - Database binding on appcontext push failed: The current Flask app is not registered with this 'SQLAlchemy' instance. Did you forget to call 'init_app', or did you create multiple 'SQLAlchemy' instances?
2025-09-17 07:42:16,432 - ERROR - n/a - new_structure - GET / - Database binding on appcontext push failed: The current Flask app is not registered with this 'SQLAlchemy' instance. Did you forget to call 'init_app', or did you create multiple 'SQLAlchemy' instances?
2025-09-17 07:42:16,434 - ERROR - n/a - new_structure - GET / - Database binding on appcontext push failed: The current Flask app is not registered with this 'SQLAlchemy' instance. Did you forget to call 'init_app', or did you create multiple 'SQLAlchemy' instances?
2025-09-17 07:42:16,434 - ERROR - n/a - new_structure - GET / - Database binding on appcontext push failed: The current Flask app is not registered with this 'SQLAlchemy' instance. Did you forget to call 'init_app', or did you create multiple 'SQLAlchemy' instances?
2025-09-17 07:42:16,434 - ERROR - n/a - new_structure - GET / - Database binding on appcontext push failed: The current Flask app is not registered with this 'SQLAlchemy' instance. Did you forget to call 'init_app', or did you create multiple 'SQLAlchemy' instances?
2025-09-17 07:42:16,437 - ERROR - n/a - new_structure - GET / - Database binding on appcontext push failed: The current Flask app is not registered with this 'SQLAlchemy' instance. Did you forget to call 'init_app', or did you create multiple 'SQLAlchemy' instances?
2025-09-17 07:42:16,437 - ERROR - n/a - new_structure - GET / - Database binding on appcontext push failed: The current Flask app is not registered with this 'SQLAlchemy' instance. Did you forget to call 'init_app', or did you create multiple 'SQLAlchemy' instances?
2025-09-17 07:42:16,437 - ERROR - n/a - new_structure - GET / - Database binding on appcontext push failed: The current Flask app is not registered with this 'SQLAlchemy' instance. Did you forget to call 'init_app', or did you create multiple 'SQLAlchemy' instances?
2025-09-17 07:42:16,442 - ERROR - n/a - new_structure - GET / - Database binding on appcontext push failed: The current Flask app is not registered with this 'SQLAlchemy' instance. Did you forget to call 'init_app', or did you create multiple 'SQLAlchemy' instances?
2025-09-17 07:42:16,442 - ERROR - n/a - new_structure - GET / - Database binding on appcontext push failed: The current Flask app is not registered with this 'SQLAlchemy' instance. Did you forget to call 'init_app', or did you create multiple 'SQLAlchemy' instances?
2025-09-17 07:42:16,442 - ERROR - n/a - new_structure - GET / - Database binding on appcontext push failed: The current Flask app is not registered with this 'SQLAlchemy' instance. Did you forget to call 'init_app', or did you create multiple 'SQLAlchemy' instances?
2025-09-17 07:42:16,446 - ERROR - n/a - new_structure - GET / - Database binding on appcontext push failed: The current Flask app is not registered with this 'SQLAlchemy' instance. Did you forget to call 'init_app', or did you create multiple 'SQLAlchemy' instances?
2025-09-17 07:42:16,446 - ERROR - n/a - new_structure - GET / - Database binding on appcontext push failed: The current Flask app is not registered with this 'SQLAlchemy' instance. Did you forget to call 'init_app', or did you create multiple 'SQLAlchemy' instances?
2025-09-17 07:42:16,446 - ERROR - n/a - new_structure - GET / - Database binding on appcontext push failed: The current Flask app is not registered with this 'SQLAlchemy' instance. Did you forget to call 'init_app', or did you create multiple 'SQLAlchemy' instances?
2025-09-17 07:42:16,449 - ERROR - n/a - new_structure - GET / - Database binding on appcontext push failed: The current Flask app is not registered with this 'SQLAlchemy' instance. Did you forget to call 'init_app', or did you create multiple 'SQLAlchemy' instances?
2025-09-17 07:42:16,449 - ERROR - n/a - new_structure - GET / - Database binding on appcontext push failed: The current Flask app is not registered with this 'SQLAlchemy' instance. Did you forget to call 'init_app', or did you create multiple 'SQLAlchemy' instances?
2025-09-17 07:42:16,449 - ERROR - n/a - new_structure - GET / - Database binding on appcontext push failed: The current Flask app is not registered with this 'SQLAlchemy' instance. Did you forget to call 'init_app', or did you create multiple 'SQLAlchemy' instances?
2025-09-17 07:42:16,451 - ERROR - n/a - new_structure - GET / - Database binding on appcontext push failed: The current Flask app is not registered with this 'SQLAlchemy' instance. Did you forget to call 'init_app', or did you create multiple 'SQLAlchemy' instances?
2025-09-17 07:42:16,451 - ERROR - n/a - new_structure - GET / - Database binding on appcontext push failed: The current Flask app is not registered with this 'SQLAlchemy' instance. Did you forget to call 'init_app', or did you create multiple 'SQLAlchemy' instances?
2025-09-17 07:42:16,451 - ERROR - n/a - new_structure - GET / - Database binding on appcontext push failed: The current Flask app is not registered with this 'SQLAlchemy' instance. Did you forget to call 'init_app', or did you create multiple 'SQLAlchemy' instances?
2025-09-17 07:42:16,454 - ERROR - n/a - new_structure - GET / - Database binding on appcontext push failed: The current Flask app is not registered with this 'SQLAlchemy' instance. Did you forget to call 'init_app', or did you create multiple 'SQLAlchemy' instances?
2025-09-17 07:42:16,454 - ERROR - n/a - new_structure - GET / - Database binding on appcontext push failed: The current Flask app is not registered with this 'SQLAlchemy' instance. Did you forget to call 'init_app', or did you create multiple 'SQLAlchemy' instances?
2025-09-17 07:42:16,454 - ERROR - n/a - new_structure - GET / - Database binding on appcontext push failed: The current Flask app is not registered with this 'SQLAlchemy' instance. Did you forget to call 'init_app', or did you create multiple 'SQLAlchemy' instances?
2025-09-17 07:42:16,456 - ERROR - n/a - new_structure - GET / - Database binding on appcontext push failed: The current Flask app is not registered with this 'SQLAlchemy' instance. Did you forget to call 'init_app', or did you create multiple 'SQLAlchemy' instances?
2025-09-17 07:42:16,456 - ERROR - n/a - new_structure - GET / - Database binding on appcontext push failed: The current Flask app is not registered with this 'SQLAlchemy' instance. Did you forget to call 'init_app', or did you create multiple 'SQLAlchemy' instances?
2025-09-17 07:42:16,456 - ERROR - n/a - new_structure - GET / - Database binding on appcontext push failed: The current Flask app is not registered with this 'SQLAlchemy' instance. Did you forget to call 'init_app', or did you create multiple 'SQLAlchemy' instances?
2025-09-17 07:42:16,459 - ERROR - n/a - new_structure - GET / - Database binding on appcontext push failed: The current Flask app is not registered with this 'SQLAlchemy' instance. Did you forget to call 'init_app', or did you create multiple 'SQLAlchemy' instances?
2025-09-17 07:42:16,459 - ERROR - n/a - new_structure - GET / - Database binding on appcontext push failed: The current Flask app is not registered with this 'SQLAlchemy' instance. Did you forget to call 'init_app', or did you create multiple 'SQLAlchemy' instances?
2025-09-17 07:42:16,459 - ERROR - n/a - new_structure - GET / - Database binding on appcontext push failed: The current Flask app is not registered with this 'SQLAlchemy' instance. Did you forget to call 'init_app', or did you create multiple 'SQLAlchemy' instances?
2025-09-17 07:42:16,462 - ERROR - n/a - new_structure - GET / - Database binding on appcontext push failed: The current Flask app is not registered with this 'SQLAlchemy' instance. Did you forget to call 'init_app', or did you create multiple 'SQLAlchemy' instances?
2025-09-17 07:42:16,462 - ERROR - n/a - new_structure - GET / - Database binding on appcontext push failed: The current Flask app is not registered with this 'SQLAlchemy' instance. Did you forget to call 'init_app', or did you create multiple 'SQLAlchemy' instances?
2025-09-17 07:42:16,462 - ERROR - n/a - new_structure - GET / - Database binding on appcontext push failed: The current Flask app is not registered with this 'SQLAlchemy' instance. Did you forget to call 'init_app', or did you create multiple 'SQLAlchemy' instances?
2025-09-17 07:42:16,466 - ERROR - n/a - new_structure - GET / - Database binding on appcontext push failed: The current Flask app is not registered with this 'SQLAlchemy' instance. Did you forget to call 'init_app', or did you create multiple 'SQLAlchemy' instances?
2025-09-17 07:42:16,466 - ERROR - n/a - new_structure - GET / - Database binding on appcontext push failed: The current Flask app is not registered with this 'SQLAlchemy' instance. Did you forget to call 'init_app', or did you create multiple 'SQLAlchemy' instances?
2025-09-17 07:42:16,466 - ERROR - n/a - new_structure - GET / - Database binding on appcontext push failed: The current Flask app is not registered with this 'SQLAlchemy' instance. Did you forget to call 'init_app', or did you create multiple 'SQLAlchemy' instances?
2025-09-17 07:42:16,470 - ERROR - n/a - new_structure - GET / - Database binding on appcontext push failed: The current Flask app is not registered with this 'SQLAlchemy' instance. Did you forget to call 'init_app', or did you create multiple 'SQLAlchemy' instances?
2025-09-17 07:42:16,470 - ERROR - n/a - new_structure - GET / - Database binding on appcontext push failed: The current Flask app is not registered with this 'SQLAlchemy' instance. Did you forget to call 'init_app', or did you create multiple 'SQLAlchemy' instances?
2025-09-17 07:42:16,470 - ERROR - n/a - new_structure - GET / - Database binding on appcontext push failed: The current Flask app is not registered with this 'SQLAlchemy' instance. Did you forget to call 'init_app', or did you create multiple 'SQLAlchemy' instances?
2025-09-17 07:42:16,472 - ERROR - n/a - new_structure - GET / - Database binding on appcontext push failed: The current Flask app is not registered with this 'SQLAlchemy' instance. Did you forget to call 'init_app', or did you create multiple 'SQLAlchemy' instances?
2025-09-17 07:42:16,472 - ERROR - n/a - new_structure - GET / - Database binding on appcontext push failed: The current Flask app is not registered with this 'SQLAlchemy' instance. Did you forget to call 'init_app', or did you create multiple 'SQLAlchemy' instances?
2025-09-17 07:42:16,472 - ERROR - n/a - new_structure - GET / - Database binding on appcontext push failed: The current Flask app is not registered with this 'SQLAlchemy' instance. Did you forget to call 'init_app', or did you create multiple 'SQLAlchemy' instances?
2025-09-17 07:42:16,476 - ERROR - n/a - new_structure - GET / - Database binding on appcontext push failed: The current Flask app is not registered with this 'SQLAlchemy' instance. Did you forget to call 'init_app', or did you create multiple 'SQLAlchemy' instances?
2025-09-17 07:42:16,476 - ERROR - n/a - new_structure - GET / - Database binding on appcontext push failed: The current Flask app is not registered with this 'SQLAlchemy' instance. Did you forget to call 'init_app', or did you create multiple 'SQLAlchemy' instances?
2025-09-17 07:42:16,476 - ERROR - n/a - new_structure - GET / - Database binding on appcontext push failed: The current Flask app is not registered with this 'SQLAlchemy' instance. Did you forget to call 'init_app', or did you create multiple 'SQLAlchemy' instances?
2025-09-17 07:42:16,478 - ERROR - n/a - new_structure - GET / - Database binding on appcontext push failed: The current Flask app is not registered with this 'SQLAlchemy' instance. Did you forget to call 'init_app', or did you create multiple 'SQLAlchemy' instances?
2025-09-17 07:42:16,478 - ERROR - n/a - new_structure - GET / - Database binding on appcontext push failed: The current Flask app is not registered with this 'SQLAlchemy' instance. Did you forget to call 'init_app', or did you create multiple 'SQLAlchemy' instances?
2025-09-17 07:42:16,478 - ERROR - n/a - new_structure - GET / - Database binding on appcontext push failed: The current Flask app is not registered with this 'SQLAlchemy' instance. Did you forget to call 'init_app', or did you create multiple 'SQLAlchemy' instances?
2025-09-17 07:42:16,481 - ERROR - n/a - new_structure - GET / - Database binding on appcontext push failed: The current Flask app is not registered with this 'SQLAlchemy' instance. Did you forget to call 'init_app', or did you create multiple 'SQLAlchemy' instances?
2025-09-17 07:42:16,481 - ERROR - n/a - new_structure - GET / - Database binding on appcontext push failed: The current Flask app is not registered with this 'SQLAlchemy' instance. Did you forget to call 'init_app', or did you create multiple 'SQLAlchemy' instances?
2025-09-17 07:42:16,481 - ERROR - n/a - new_structure - GET / - Database binding on appcontext push failed: The current Flask app is not registered with this 'SQLAlchemy' instance. Did you forget to call 'init_app', or did you create multiple 'SQLAlchemy' instances?
2025-09-17 07:42:16,484 - ERROR - n/a - new_structure - GET / - Database binding on appcontext push failed: The current Flask app is not registered with this 'SQLAlchemy' instance. Did you forget to call 'init_app', or did you create multiple 'SQLAlchemy' instances?
2025-09-17 07:42:16,484 - ERROR - n/a - new_structure - GET / - Database binding on appcontext push failed: The current Flask app is not registered with this 'SQLAlchemy' instance. Did you forget to call 'init_app', or did you create multiple 'SQLAlchemy' instances?
2025-09-17 07:42:16,484 - ERROR - n/a - new_structure - GET / - Database binding on appcontext push failed: The current Flask app is not registered with this 'SQLAlchemy' instance. Did you forget to call 'init_app', or did you create multiple 'SQLAlchemy' instances?
2025-09-17 07:42:16,490 - ERROR - n/a - new_structure - GET / - Database binding on appcontext push failed: The current Flask app is not registered with this 'SQLAlchemy' instance. Did you forget to call 'init_app', or did you create multiple 'SQLAlchemy' instances?
2025-09-17 07:42:16,490 - ERROR - n/a - new_structure - GET / - Database binding on appcontext push failed: The current Flask app is not registered with this 'SQLAlchemy' instance. Did you forget to call 'init_app', or did you create multiple 'SQLAlchemy' instances?
2025-09-17 07:42:16,490 - ERROR - n/a - new_structure - GET / - Database binding on appcontext push failed: The current Flask app is not registered with this 'SQLAlchemy' instance. Did you forget to call 'init_app', or did you create multiple 'SQLAlchemy' instances?
2025-09-17 07:42:16,492 - ERROR - n/a - new_structure - GET / - Database binding on appcontext push failed: The current Flask app is not registered with this 'SQLAlchemy' instance. Did you forget to call 'init_app', or did you create multiple 'SQLAlchemy' instances?
2025-09-17 07:42:16,492 - ERROR - n/a - new_structure - GET / - Database binding on appcontext push failed: The current Flask app is not registered with this 'SQLAlchemy' instance. Did you forget to call 'init_app', or did you create multiple 'SQLAlchemy' instances?
2025-09-17 07:42:16,492 - ERROR - n/a - new_structure - GET / - Database binding on appcontext push failed: The current Flask app is not registered with this 'SQLAlchemy' instance. Did you forget to call 'init_app', or did you create multiple 'SQLAlchemy' instances?
2025-09-17 07:42:16,495 - ERROR - n/a - new_structure - GET / - Database binding on appcontext push failed: The current Flask app is not registered with this 'SQLAlchemy' instance. Did you forget to call 'init_app', or did you create multiple 'SQLAlchemy' instances?
2025-09-17 07:42:16,495 - ERROR - n/a - new_structure - GET / - Database binding on appcontext push failed: The current Flask app is not registered with this 'SQLAlchemy' instance. Did you forget to call 'init_app', or did you create multiple 'SQLAlchemy' instances?
2025-09-17 07:42:16,495 - ERROR - n/a - new_structure - GET / - Database binding on appcontext push failed: The current Flask app is not registered with this 'SQLAlchemy' instance. Did you forget to call 'init_app', or did you create multiple 'SQLAlchemy' instances?
2025-09-17 07:42:16,498 - ERROR - n/a - new_structure - GET / - Database binding on appcontext push failed: The current Flask app is not registered with this 'SQLAlchemy' instance. Did you forget to call 'init_app', or did you create multiple 'SQLAlchemy' instances?
2025-09-17 07:42:16,498 - ERROR - n/a - new_structure - GET / - Database binding on appcontext push failed: The current Flask app is not registered with this 'SQLAlchemy' instance. Did you forget to call 'init_app', or did you create multiple 'SQLAlchemy' instances?
2025-09-17 07:42:16,498 - ERROR - n/a - new_structure - GET / - Database binding on appcontext push failed: The current Flask app is not registered with this 'SQLAlchemy' instance. Did you forget to call 'init_app', or did you create multiple 'SQLAlchemy' instances?
2025-09-17 07:42:16,500 - ERROR - n/a - new_structure - GET / - Database binding on appcontext push failed: The current Flask app is not registered with this 'SQLAlchemy' instance. Did you forget to call 'init_app', or did you create multiple 'SQLAlchemy' instances?
2025-09-17 07:42:16,500 - ERROR - n/a - new_structure - GET / - Database binding on appcontext push failed: The current Flask app is not registered with this 'SQLAlchemy' instance. Did you forget to call 'init_app', or did you create multiple 'SQLAlchemy' instances?
2025-09-17 07:42:16,500 - ERROR - n/a - new_structure - GET / - Database binding on appcontext push failed: The current Flask app is not registered with this 'SQLAlchemy' instance. Did you forget to call 'init_app', or did you create multiple 'SQLAlchemy' instances?
2025-09-17 07:42:16,506 - ERROR - n/a - new_structure - GET / - Database binding on appcontext push failed: The current Flask app is not registered with this 'SQLAlchemy' instance. Did you forget to call 'init_app', or did you create multiple 'SQLAlchemy' instances?
2025-09-17 07:42:16,506 - ERROR - n/a - new_structure - GET / - Database binding on appcontext push failed: The current Flask app is not registered with this 'SQLAlchemy' instance. Did you forget to call 'init_app', or did you create multiple 'SQLAlchemy' instances?
2025-09-17 07:42:16,506 - ERROR - n/a - new_structure - GET / - Database binding on appcontext push failed: The current Flask app is not registered with this 'SQLAlchemy' instance. Did you forget to call 'init_app', or did you create multiple 'SQLAlchemy' instances?
2025-09-17 07:42:16,510 - ERROR - n/a - new_structure - GET / - Database binding on appcontext push failed: The current Flask app is not registered with this 'SQLAlchemy' instance. Did you forget to call 'init_app', or did you create multiple 'SQLAlchemy' instances?
2025-09-17 07:42:16,510 - ERROR - n/a - new_structure - GET / - Database binding on appcontext push failed: The current Flask app is not registered with this 'SQLAlchemy' instance. Did you forget to call 'init_app', or did you create multiple 'SQLAlchemy' instances?
2025-09-17 07:42:16,510 - ERROR - n/a - new_structure - GET / - Database binding on appcontext push failed: The current Flask app is not registered with this 'SQLAlchemy' instance. Did you forget to call 'init_app', or did you create multiple 'SQLAlchemy' instances?
2025-09-17 07:42:16,514 - ERROR - n/a - new_structure - GET / - Database binding on appcontext push failed: The current Flask app is not registered with this 'SQLAlchemy' instance. Did you forget to call 'init_app', or did you create multiple 'SQLAlchemy' instances?
2025-09-17 07:42:16,514 - ERROR - n/a - new_structure - GET / - Database binding on appcontext push failed: The current Flask app is not registered with this 'SQLAlchemy' instance. Did you forget to call 'init_app', or did you create multiple 'SQLAlchemy' instances?
2025-09-17 07:42:16,514 - ERROR - n/a - new_structure - GET / - Database binding on appcontext push failed: The current Flask app is not registered with this 'SQLAlchemy' instance. Did you forget to call 'init_app', or did you create multiple 'SQLAlchemy' instances?
2025-09-17 07:42:16,518 - ERROR - n/a - new_structure - GET / - Database binding on appcontext push failed: The current Flask app is not registered with this 'SQLAlchemy' instance. Did you forget to call 'init_app', or did you create multiple 'SQLAlchemy' instances?
2025-09-17 07:42:16,518 - ERROR - n/a - new_structure - GET / - Database binding on appcontext push failed: The current Flask app is not registered with this 'SQLAlchemy' instance. Did you forget to call 'init_app', or did you create multiple 'SQLAlchemy' instances?
2025-09-17 07:42:16,518 - ERROR - n/a - new_structure - GET / - Database binding on appcontext push failed: The current Flask app is not registered with this 'SQLAlchemy' instance. Did you forget to call 'init_app', or did you create multiple 'SQLAlchemy' instances?
2025-09-17 07:42:16,521 - ERROR - n/a - new_structure - GET / - Database binding on appcontext push failed: The current Flask app is not registered with this 'SQLAlchemy' instance. Did you forget to call 'init_app', or did you create multiple 'SQLAlchemy' instances?
2025-09-17 07:42:16,521 - ERROR - n/a - new_structure - GET / - Database binding on appcontext push failed: The current Flask app is not registered with this 'SQLAlchemy' instance. Did you forget to call 'init_app', or did you create multiple 'SQLAlchemy' instances?
2025-09-17 07:42:16,521 - ERROR - n/a - new_structure - GET / - Database binding on appcontext push failed: The current Flask app is not registered with this 'SQLAlchemy' instance. Did you forget to call 'init_app', or did you create multiple 'SQLAlchemy' instances?
2025-09-17 07:42:16,524 - ERROR - n/a - new_structure - GET / - Database binding on appcontext push failed: The current Flask app is not registered with this 'SQLAlchemy' instance. Did you forget to call 'init_app', or did you create multiple 'SQLAlchemy' instances?
2025-09-17 07:42:16,524 - ERROR - n/a - new_structure - GET / - Database binding on appcontext push failed: The current Flask app is not registered with this 'SQLAlchemy' instance. Did you forget to call 'init_app', or did you create multiple 'SQLAlchemy' instances?
2025-09-17 07:42:16,524 - ERROR - n/a - new_structure - GET / - Database binding on appcontext push failed: The current Flask app is not registered with this 'SQLAlchemy' instance. Did you forget to call 'init_app', or did you create multiple 'SQLAlchemy' instances?
2025-09-17 07:42:16,527 - ERROR - n/a - new_structure - GET / - Database binding on appcontext push failed: The current Flask app is not registered with this 'SQLAlchemy' instance. Did you forget to call 'init_app', or did you create multiple 'SQLAlchemy' instances?
2025-09-17 07:42:16,527 - ERROR - n/a - new_structure - GET / - Database binding on appcontext push failed: The current Flask app is not registered with this 'SQLAlchemy' instance. Did you forget to call 'init_app', or did you create multiple 'SQLAlchemy' instances?
2025-09-17 07:42:16,527 - ERROR - n/a - new_structure - GET / - Database binding on appcontext push failed: The current Flask app is not registered with this 'SQLAlchemy' instance. Did you forget to call 'init_app', or did you create multiple 'SQLAlchemy' instances?
2025-09-17 07:42:16,530 - ERROR - n/a - new_structure - GET / - Database binding on appcontext push failed: The current Flask app is not registered with this 'SQLAlchemy' instance. Did you forget to call 'init_app', or did you create multiple 'SQLAlchemy' instances?
2025-09-17 07:42:16,530 - ERROR - n/a - new_structure - GET / - Database binding on appcontext push failed: The current Flask app is not registered with this 'SQLAlchemy' instance. Did you forget to call 'init_app', or did you create multiple 'SQLAlchemy' instances?
2025-09-17 07:42:16,530 - ERROR - n/a - new_structure - GET / - Database binding on appcontext push failed: The current Flask app is not registered with this 'SQLAlchemy' instance. Did you forget to call 'init_app', or did you create multiple 'SQLAlchemy' instances?
2025-09-17 07:42:16,532 - ERROR - n/a - new_structure - GET / - Database binding on appcontext push failed: The current Flask app is not registered with this 'SQLAlchemy' instance. Did you forget to call 'init_app', or did you create multiple 'SQLAlchemy' instances?
2025-09-17 07:42:16,532 - ERROR - n/a - new_structure - GET / - Database binding on appcontext push failed: The current Flask app is not registered with this 'SQLAlchemy' instance. Did you forget to call 'init_app', or did you create multiple 'SQLAlchemy' instances?
2025-09-17 07:42:16,532 - ERROR - n/a - new_structure - GET / - Database binding on appcontext push failed: The current Flask app is not registered with this 'SQLAlchemy' instance. Did you forget to call 'init_app', or did you create multiple 'SQLAlchemy' instances?
2025-09-17 07:42:16,536 - ERROR - n/a - new_structure - GET / - Database binding on appcontext push failed: The current Flask app is not registered with this 'SQLAlchemy' instance. Did you forget to call 'init_app', or did you create multiple 'SQLAlchemy' instances?
2025-09-17 07:42:16,536 - ERROR - n/a - new_structure - GET / - Database binding on appcontext push failed: The current Flask app is not registered with this 'SQLAlchemy' instance. Did you forget to call 'init_app', or did you create multiple 'SQLAlchemy' instances?
2025-09-17 07:42:16,536 - ERROR - n/a - new_structure - GET / - Database binding on appcontext push failed: The current Flask app is not registered with this 'SQLAlchemy' instance. Did you forget to call 'init_app', or did you create multiple 'SQLAlchemy' instances?
2025-09-17 07:42:16,538 - ERROR - n/a - new_structure - GET / - Database binding on appcontext push failed: The current Flask app is not registered with this 'SQLAlchemy' instance. Did you forget to call 'init_app', or did you create multiple 'SQLAlchemy' instances?
2025-09-17 07:42:16,538 - ERROR - n/a - new_structure - GET / - Database binding on appcontext push failed: The current Flask app is not registered with this 'SQLAlchemy' instance. Did you forget to call 'init_app', or did you create multiple 'SQLAlchemy' instances?
2025-09-17 07:42:16,538 - ERROR - n/a - new_structure - GET / - Database binding on appcontext push failed: The current Flask app is not registered with this 'SQLAlchemy' instance. Did you forget to call 'init_app', or did you create multiple 'SQLAlchemy' instances?
2025-09-17 07:42:16,541 - ERROR - n/a - new_structure - GET / - Database binding on appcontext push failed: The current Flask app is not registered with this 'SQLAlchemy' instance. Did you forget to call 'init_app', or did you create multiple 'SQLAlchemy' instances?
2025-09-17 07:42:16,541 - ERROR - n/a - new_structure - GET / - Database binding on appcontext push failed: The current Flask app is not registered with this 'SQLAlchemy' instance. Did you forget to call 'init_app', or did you create multiple 'SQLAlchemy' instances?
2025-09-17 07:42:16,541 - ERROR - n/a - new_structure - GET / - Database binding on appcontext push failed: The current Flask app is not registered with this 'SQLAlchemy' instance. Did you forget to call 'init_app', or did you create multiple 'SQLAlchemy' instances?
2025-09-17 07:42:17,516 - INFO - n/a - mark_validation - GET / - Mark sanitizer middleware initialized
2025-09-17 07:42:17,516 - INFO - n/a - mark_validation - GET / - Mark sanitizer middleware initialized
2025-09-17 07:42:17,516 - INFO - n/a - mark_validation - GET / - Mark sanitizer middleware initialized
2025-09-17 07:42:17,539 - INFO - n/a - new_structure -   - Generated strong development SECRET_KEY (persisted).
2025-09-17 07:42:17,539 - INFO - n/a - new_structure -   - Generated strong development SECRET_KEY (persisted).
2025-09-17 07:42:17,539 - INFO - n/a - new_structure -   - Generated strong development SECRET_KEY (persisted).
2025-09-17 07:42:24,045 - INFO - n/a - new_structure - GET / - Rate limiter storage active: memory://
2025-09-17 07:42:24,047 - ERROR - n/a - new_structure - GET / - Database binding on appcontext push failed: The current Flask app is not registered with this 'SQLAlchemy' instance. Did you forget to call 'init_app', or did you create multiple 'SQLAlchemy' instances?
2025-09-17 07:42:24,049 - ERROR - n/a - new_structure - GET / - Database binding on appcontext push failed: The current Flask app is not registered with this 'SQLAlchemy' instance. Did you forget to call 'init_app', or did you create multiple 'SQLAlchemy' instances?
2025-09-17 07:42:24,053 - ERROR - n/a - new_structure - GET / - Database binding on appcontext push failed: The current Flask app is not registered with this 'SQLAlchemy' instance. Did you forget to call 'init_app', or did you create multiple 'SQLAlchemy' instances?
2025-09-17 07:42:24,055 - ERROR - n/a - new_structure - GET / - Database binding on appcontext push failed: The current Flask app is not registered with this 'SQLAlchemy' instance. Did you forget to call 'init_app', or did you create multiple 'SQLAlchemy' instances?
2025-09-17 07:42:24,057 - INFO - n/a - new_structure.utils.database_init - GET / - ? Starting database initialization (MySQL mode)
2025-09-17 07:42:24,058 - ERROR - n/a - new_structure.utils.database_init - GET / - Error creating tables: The current Flask app is not registered with this 'SQLAlchemy' instance. Did you forget to call 'init_app', or did you create multiple 'SQLAlchemy' instances?
2025-09-17 07:42:24,406 - INFO - n/a - mark_validation - GET / - Mark sanitizer middleware initialized
2025-09-17 07:42:24,446 - ERROR - n/a - new_structure -   - Database binding on appcontext push failed: The current Flask app is not registered with this 'SQLAlchemy' instance. Did you forget to call 'init_app', or did you create multiple 'SQLAlchemy' instances?
2025-09-17 07:42:24,447 - ERROR - n/a - new_structure -   - Database binding on appcontext push failed: The current Flask app is not registered with this 'SQLAlchemy' instance. Did you forget to call 'init_app', or did you create multiple 'SQLAlchemy' instances?
2025-09-17 07:42:24,448 - ERROR - n/a - new_structure - GET / - Database binding on appcontext push failed: The current Flask app is not registered with this 'SQLAlchemy' instance. Did you forget to call 'init_app', or did you create multiple 'SQLAlchemy' instances?
2025-09-17 07:42:24,449 - ERROR - n/a - new_structure - GET / - Database binding on appcontext push failed: The current Flask app is not registered with this 'SQLAlchemy' instance. Did you forget to call 'init_app', or did you create multiple 'SQLAlchemy' instances?
2025-09-17 07:42:24,450 - ERROR - n/a - new_structure - GET / - Database binding on appcontext push failed: The current Flask app is not registered with this 'SQLAlchemy' instance. Did you forget to call 'init_app', or did you create multiple 'SQLAlchemy' instances?
2025-09-17 07:42:24,452 - ERROR - n/a - new_structure - GET / - Database binding on appcontext push failed: The current Flask app is not registered with this 'SQLAlchemy' instance. Did you forget to call 'init_app', or did you create multiple 'SQLAlchemy' instances?
2025-09-17 07:42:24,454 - ERROR - n/a - new_structure - GET / - Database binding on appcontext push failed: The current Flask app is not registered with this 'SQLAlchemy' instance. Did you forget to call 'init_app', or did you create multiple 'SQLAlchemy' instances?
2025-09-17 07:42:24,454 - ERROR - n/a - new_structure - GET / - Database binding on appcontext push failed: The current Flask app is not registered with this 'SQLAlchemy' instance. Did you forget to call 'init_app', or did you create multiple 'SQLAlchemy' instances?
2025-09-17 07:42:24,457 - ERROR - n/a - new_structure - GET / - Database binding on appcontext push failed: The current Flask app is not registered with this 'SQLAlchemy' instance. Did you forget to call 'init_app', or did you create multiple 'SQLAlchemy' instances?
2025-09-17 07:42:24,459 - ERROR - n/a - new_structure - GET / - Database binding on appcontext push failed: The current Flask app is not registered with this 'SQLAlchemy' instance. Did you forget to call 'init_app', or did you create multiple 'SQLAlchemy' instances?
2025-09-17 07:42:24,468 - ERROR - n/a - new_structure -   - Database binding on appcontext push failed: The current Flask app is not registered with this 'SQLAlchemy' instance. Did you forget to call 'init_app', or did you create multiple 'SQLAlchemy' instances?
2025-09-17 07:42:24,469 - ERROR - n/a - new_structure -   - Database binding on appcontext push failed: The current Flask app is not registered with this 'SQLAlchemy' instance. Did you forget to call 'init_app', or did you create multiple 'SQLAlchemy' instances?
2025-09-17 07:42:24,471 - ERROR - n/a - new_structure - GET / - Database binding on appcontext push failed: The current Flask app is not registered with this 'SQLAlchemy' instance. Did you forget to call 'init_app', or did you create multiple 'SQLAlchemy' instances?
2025-09-17 07:42:24,472 - ERROR - n/a - new_structure - GET / - Database binding on appcontext push failed: The current Flask app is not registered with this 'SQLAlchemy' instance. Did you forget to call 'init_app', or did you create multiple 'SQLAlchemy' instances?
2025-09-17 07:42:24,475 - ERROR - n/a - new_structure - GET / - Database binding on appcontext push failed: The current Flask app is not registered with this 'SQLAlchemy' instance. Did you forget to call 'init_app', or did you create multiple 'SQLAlchemy' instances?
2025-09-17 07:42:24,476 - ERROR - n/a - new_structure - GET / - Database binding on appcontext push failed: The current Flask app is not registered with this 'SQLAlchemy' instance. Did you forget to call 'init_app', or did you create multiple 'SQLAlchemy' instances?
2025-09-17 07:42:24,479 - ERROR - n/a - new_structure - GET / - Database binding on appcontext push failed: The current Flask app is not registered with this 'SQLAlchemy' instance. Did you forget to call 'init_app', or did you create multiple 'SQLAlchemy' instances?
2025-09-17 07:42:24,479 - ERROR - n/a - new_structure - GET / - Database binding on appcontext push failed: The current Flask app is not registered with this 'SQLAlchemy' instance. Did you forget to call 'init_app', or did you create multiple 'SQLAlchemy' instances?
2025-09-17 07:42:24,484 - ERROR - n/a - new_structure - GET / - Database binding on appcontext push failed: The current Flask app is not registered with this 'SQLAlchemy' instance. Did you forget to call 'init_app', or did you create multiple 'SQLAlchemy' instances?
2025-09-17 07:42:24,486 - ERROR - n/a - new_structure - GET / - Database binding on appcontext push failed: The current Flask app is not registered with this 'SQLAlchemy' instance. Did you forget to call 'init_app', or did you create multiple 'SQLAlchemy' instances?
2025-09-17 07:42:24,493 - ERROR - n/a - new_structure -   - Database binding on appcontext push failed: The current Flask app is not registered with this 'SQLAlchemy' instance. Did you forget to call 'init_app', or did you create multiple 'SQLAlchemy' instances?
2025-09-17 07:42:24,494 - ERROR - n/a - new_structure -   - Database binding on appcontext push failed: The current Flask app is not registered with this 'SQLAlchemy' instance. Did you forget to call 'init_app', or did you create multiple 'SQLAlchemy' instances?
2025-09-17 07:42:24,496 - ERROR - n/a - new_structure - GET / - Database binding on appcontext push failed: The current Flask app is not registered with this 'SQLAlchemy' instance. Did you forget to call 'init_app', or did you create multiple 'SQLAlchemy' instances?
2025-09-17 07:42:24,498 - ERROR - n/a - new_structure - GET / - Database binding on appcontext push failed: The current Flask app is not registered with this 'SQLAlchemy' instance. Did you forget to call 'init_app', or did you create multiple 'SQLAlchemy' instances?
2025-09-17 07:42:24,499 - ERROR - n/a - new_structure - GET / - Database binding on appcontext push failed: The current Flask app is not registered with this 'SQLAlchemy' instance. Did you forget to call 'init_app', or did you create multiple 'SQLAlchemy' instances?
2025-09-17 07:42:24,501 - ERROR - n/a - new_structure - GET / - Database binding on appcontext push failed: The current Flask app is not registered with this 'SQLAlchemy' instance. Did you forget to call 'init_app', or did you create multiple 'SQLAlchemy' instances?
2025-09-17 07:42:24,504 - ERROR - n/a - new_structure - GET / - Database binding on appcontext push failed: The current Flask app is not registered with this 'SQLAlchemy' instance. Did you forget to call 'init_app', or did you create multiple 'SQLAlchemy' instances?
2025-09-17 07:42:24,506 - ERROR - n/a - new_structure - GET / - Database binding on appcontext push failed: The current Flask app is not registered with this 'SQLAlchemy' instance. Did you forget to call 'init_app', or did you create multiple 'SQLAlchemy' instances?
2025-09-17 07:42:24,510 - ERROR - n/a - new_structure - GET / - Database binding on appcontext push failed: The current Flask app is not registered with this 'SQLAlchemy' instance. Did you forget to call 'init_app', or did you create multiple 'SQLAlchemy' instances?
2025-09-17 07:42:24,511 - ERROR - n/a - new_structure - GET / - Database binding on appcontext push failed: The current Flask app is not registered with this 'SQLAlchemy' instance. Did you forget to call 'init_app', or did you create multiple 'SQLAlchemy' instances?
2025-09-17 07:42:24,519 - ERROR - n/a - new_structure -   - Database binding on appcontext push failed: The current Flask app is not registered with this 'SQLAlchemy' instance. Did you forget to call 'init_app', or did you create multiple 'SQLAlchemy' instances?
2025-09-17 07:42:24,520 - ERROR - n/a - new_structure -   - Database binding on appcontext push failed: The current Flask app is not registered with this 'SQLAlchemy' instance. Did you forget to call 'init_app', or did you create multiple 'SQLAlchemy' instances?
2025-09-17 07:42:24,522 - ERROR - n/a - new_structure - GET / - Database binding on appcontext push failed: The current Flask app is not registered with this 'SQLAlchemy' instance. Did you forget to call 'init_app', or did you create multiple 'SQLAlchemy' instances?
2025-09-17 07:42:24,526 - ERROR - n/a - new_structure - GET / - Database binding on appcontext push failed: The current Flask app is not registered with this 'SQLAlchemy' instance. Did you forget to call 'init_app', or did you create multiple 'SQLAlchemy' instances?
2025-09-17 07:42:24,528 - ERROR - n/a - new_structure - GET / - Database binding on appcontext push failed: The current Flask app is not registered with this 'SQLAlchemy' instance. Did you forget to call 'init_app', or did you create multiple 'SQLAlchemy' instances?
2025-09-17 07:42:24,529 - ERROR - n/a - new_structure - GET / - Database binding on appcontext push failed: The current Flask app is not registered with this 'SQLAlchemy' instance. Did you forget to call 'init_app', or did you create multiple 'SQLAlchemy' instances?
2025-09-17 07:42:24,530 - ERROR - n/a - new_structure - GET / - Database binding on appcontext push failed: The current Flask app is not registered with this 'SQLAlchemy' instance. Did you forget to call 'init_app', or did you create multiple 'SQLAlchemy' instances?
2025-09-17 07:42:24,531 - ERROR - n/a - new_structure - GET / - Database binding on appcontext push failed: The current Flask app is not registered with this 'SQLAlchemy' instance. Did you forget to call 'init_app', or did you create multiple 'SQLAlchemy' instances?
2025-09-17 07:42:24,533 - ERROR - n/a - new_structure - GET / - Database binding on appcontext push failed: The current Flask app is not registered with this 'SQLAlchemy' instance. Did you forget to call 'init_app', or did you create multiple 'SQLAlchemy' instances?
2025-09-17 07:42:24,535 - ERROR - n/a - new_structure - GET / - Database binding on appcontext push failed: The current Flask app is not registered with this 'SQLAlchemy' instance. Did you forget to call 'init_app', or did you create multiple 'SQLAlchemy' instances?
2025-09-17 07:42:24,546 - ERROR - n/a - new_structure -   - Database binding on appcontext push failed: The current Flask app is not registered with this 'SQLAlchemy' instance. Did you forget to call 'init_app', or did you create multiple 'SQLAlchemy' instances?
2025-09-17 07:42:24,547 - ERROR - n/a - new_structure -   - Database binding on appcontext push failed: The current Flask app is not registered with this 'SQLAlchemy' instance. Did you forget to call 'init_app', or did you create multiple 'SQLAlchemy' instances?
2025-09-17 07:42:24,550 - ERROR - n/a - new_structure - GET / - Database binding on appcontext push failed: The current Flask app is not registered with this 'SQLAlchemy' instance. Did you forget to call 'init_app', or did you create multiple 'SQLAlchemy' instances?
2025-09-17 07:42:24,551 - ERROR - n/a - new_structure - GET / - Database binding on appcontext push failed: The current Flask app is not registered with this 'SQLAlchemy' instance. Did you forget to call 'init_app', or did you create multiple 'SQLAlchemy' instances?
2025-09-17 07:42:24,553 - ERROR - n/a - new_structure - GET / - Database binding on appcontext push failed: The current Flask app is not registered with this 'SQLAlchemy' instance. Did you forget to call 'init_app', or did you create multiple 'SQLAlchemy' instances?
2025-09-17 07:42:24,554 - ERROR - n/a - new_structure - GET / - Database binding on appcontext push failed: The current Flask app is not registered with this 'SQLAlchemy' instance. Did you forget to call 'init_app', or did you create multiple 'SQLAlchemy' instances?
2025-09-17 07:42:24,556 - ERROR - n/a - new_structure - GET / - Database binding on appcontext push failed: The current Flask app is not registered with this 'SQLAlchemy' instance. Did you forget to call 'init_app', or did you create multiple 'SQLAlchemy' instances?
2025-09-17 07:42:24,558 - ERROR - n/a - new_structure - GET / - Database binding on appcontext push failed: The current Flask app is not registered with this 'SQLAlchemy' instance. Did you forget to call 'init_app', or did you create multiple 'SQLAlchemy' instances?
2025-09-17 07:42:24,561 - ERROR - n/a - new_structure - GET / - Database binding on appcontext push failed: The current Flask app is not registered with this 'SQLAlchemy' instance. Did you forget to call 'init_app', or did you create multiple 'SQLAlchemy' instances?
2025-09-17 07:42:24,562 - ERROR - n/a - new_structure - GET / - Database binding on appcontext push failed: The current Flask app is not registered with this 'SQLAlchemy' instance. Did you forget to call 'init_app', or did you create multiple 'SQLAlchemy' instances?
2025-09-17 07:42:25,320 - ERROR - n/a - new_structure -   - Database binding on appcontext push failed: The current Flask app is not registered with this 'SQLAlchemy' instance. Did you forget to call 'init_app', or did you create multiple 'SQLAlchemy' instances?
2025-09-17 07:42:25,321 - ERROR - n/a - new_structure -   - Database binding on appcontext push failed: The current Flask app is not registered with this 'SQLAlchemy' instance. Did you forget to call 'init_app', or did you create multiple 'SQLAlchemy' instances?
2025-09-17 07:42:25,324 - ERROR - n/a - new_structure - GET / - Database binding on appcontext push failed: The current Flask app is not registered with this 'SQLAlchemy' instance. Did you forget to call 'init_app', or did you create multiple 'SQLAlchemy' instances?
2025-09-17 07:42:25,325 - ERROR - n/a - new_structure - GET / - Database binding on appcontext push failed: The current Flask app is not registered with this 'SQLAlchemy' instance. Did you forget to call 'init_app', or did you create multiple 'SQLAlchemy' instances?
2025-09-17 07:42:25,327 - ERROR - n/a - new_structure - GET / - Database binding on appcontext push failed: The current Flask app is not registered with this 'SQLAlchemy' instance. Did you forget to call 'init_app', or did you create multiple 'SQLAlchemy' instances?
2025-09-17 07:42:25,328 - ERROR - n/a - new_structure - GET / - Database binding on appcontext push failed: The current Flask app is not registered with this 'SQLAlchemy' instance. Did you forget to call 'init_app', or did you create multiple 'SQLAlchemy' instances?
2025-09-17 07:42:25,331 - ERROR - n/a - new_structure - GET / - Database binding on appcontext push failed: The current Flask app is not registered with this 'SQLAlchemy' instance. Did you forget to call 'init_app', or did you create multiple 'SQLAlchemy' instances?
2025-09-17 07:42:25,332 - ERROR - n/a - new_structure - GET / - Database binding on appcontext push failed: The current Flask app is not registered with this 'SQLAlchemy' instance. Did you forget to call 'init_app', or did you create multiple 'SQLAlchemy' instances?
2025-09-17 07:42:25,336 - ERROR - n/a - new_structure - GET / - Database binding on appcontext push failed: The current Flask app is not registered with this 'SQLAlchemy' instance. Did you forget to call 'init_app', or did you create multiple 'SQLAlchemy' instances?
2025-09-17 07:42:25,337 - ERROR - n/a - new_structure - GET / - Database binding on appcontext push failed: The current Flask app is not registered with this 'SQLAlchemy' instance. Did you forget to call 'init_app', or did you create multiple 'SQLAlchemy' instances?
2025-09-17 07:42:26,594 - ERROR - n/a - new_structure -   - Database binding on appcontext push failed: The current Flask app is not registered with this 'SQLAlchemy' instance. Did you forget to call 'init_app', or did you create multiple 'SQLAlchemy' instances?
2025-09-17 07:42:26,595 - ERROR - n/a - new_structure -   - Database binding on appcontext push failed: The current Flask app is not registered with this 'SQLAlchemy' instance. Did you forget to call 'init_app', or did you create multiple 'SQLAlchemy' instances?
2025-09-17 07:42:26,598 - ERROR - n/a - new_structure - GET / - Database binding on appcontext push failed: The current Flask app is not registered with this 'SQLAlchemy' instance. Did you forget to call 'init_app', or did you create multiple 'SQLAlchemy' instances?
2025-09-17 07:42:26,599 - ERROR - n/a - new_structure - GET / - Database binding on appcontext push failed: The current Flask app is not registered with this 'SQLAlchemy' instance. Did you forget to call 'init_app', or did you create multiple 'SQLAlchemy' instances?
2025-09-17 07:42:26,602 - ERROR - n/a - new_structure - GET / - Database binding on appcontext push failed: The current Flask app is not registered with this 'SQLAlchemy' instance. Did you forget to call 'init_app', or did you create multiple 'SQLAlchemy' instances?
2025-09-17 07:42:26,603 - ERROR - n/a - new_structure - GET / - Database binding on appcontext push failed: The current Flask app is not registered with this 'SQLAlchemy' instance. Did you forget to call 'init_app', or did you create multiple 'SQLAlchemy' instances?
2025-09-17 07:42:26,606 - ERROR - n/a - new_structure - GET / - Database binding on appcontext push failed: The current Flask app is not registered with this 'SQLAlchemy' instance. Did you forget to call 'init_app', or did you create multiple 'SQLAlchemy' instances?
2025-09-17 07:42:26,608 - ERROR - n/a - new_structure - GET / - Database binding on appcontext push failed: The current Flask app is not registered with this 'SQLAlchemy' instance. Did you forget to call 'init_app', or did you create multiple 'SQLAlchemy' instances?
2025-09-17 07:42:26,614 - ERROR - n/a - new_structure - GET / - Database binding on appcontext push failed: The current Flask app is not registered with this 'SQLAlchemy' instance. Did you forget to call 'init_app', or did you create multiple 'SQLAlchemy' instances?
2025-09-17 07:42:26,616 - ERROR - n/a - new_structure - GET / - Database binding on appcontext push failed: The current Flask app is not registered with this 'SQLAlchemy' instance. Did you forget to call 'init_app', or did you create multiple 'SQLAlchemy' instances?
2025-09-17 07:42:27,423 - ERROR - n/a - new_structure -   - Database binding on appcontext push failed: The current Flask app is not registered with this 'SQLAlchemy' instance. Did you forget to call 'init_app', or did you create multiple 'SQLAlchemy' instances?
2025-09-17 07:42:27,425 - ERROR - n/a - new_structure -   - Database binding on appcontext push failed: The current Flask app is not registered with this 'SQLAlchemy' instance. Did you forget to call 'init_app', or did you create multiple 'SQLAlchemy' instances?
2025-09-17 07:42:27,426 - ERROR - n/a - new_structure - GET / - Database binding on appcontext push failed: The current Flask app is not registered with this 'SQLAlchemy' instance. Did you forget to call 'init_app', or did you create multiple 'SQLAlchemy' instances?
2025-09-17 07:42:27,427 - ERROR - n/a - new_structure - GET / - Database binding on appcontext push failed: The current Flask app is not registered with this 'SQLAlchemy' instance. Did you forget to call 'init_app', or did you create multiple 'SQLAlchemy' instances?
2025-09-17 07:42:27,428 - ERROR - n/a - new_structure - GET / - Database binding on appcontext push failed: The current Flask app is not registered with this 'SQLAlchemy' instance. Did you forget to call 'init_app', or did you create multiple 'SQLAlchemy' instances?
2025-09-17 07:42:27,429 - ERROR - n/a - new_structure - GET / - Database binding on appcontext push failed: The current Flask app is not registered with this 'SQLAlchemy' instance. Did you forget to call 'init_app', or did you create multiple 'SQLAlchemy' instances?
2025-09-17 07:42:27,431 - ERROR - n/a - new_structure - GET / - Database binding on appcontext push failed: The current Flask app is not registered with this 'SQLAlchemy' instance. Did you forget to call 'init_app', or did you create multiple 'SQLAlchemy' instances?
2025-09-17 07:42:27,433 - ERROR - n/a - new_structure - GET / - Database binding on appcontext push failed: The current Flask app is not registered with this 'SQLAlchemy' instance. Did you forget to call 'init_app', or did you create multiple 'SQLAlchemy' instances?
2025-09-17 07:42:27,437 - ERROR - n/a - new_structure - GET / - Database binding on appcontext push failed: The current Flask app is not registered with this 'SQLAlchemy' instance. Did you forget to call 'init_app', or did you create multiple 'SQLAlchemy' instances?
2025-09-17 07:42:27,442 - ERROR - n/a - new_structure - GET / - Database binding on appcontext push failed: The current Flask app is not registered with this 'SQLAlchemy' instance. Did you forget to call 'init_app', or did you create multiple 'SQLAlchemy' instances?
2025-09-17 07:42:27,489 - ERROR - n/a - new_structure - GET / - Database binding on appcontext push failed: The current Flask app is not registered with this 'SQLAlchemy' instance. Did you forget to call 'init_app', or did you create multiple 'SQLAlchemy' instances?
2025-09-17 07:42:27,490 - ERROR - n/a - new_structure - GET / - Database binding on appcontext push failed: The current Flask app is not registered with this 'SQLAlchemy' instance. Did you forget to call 'init_app', or did you create multiple 'SQLAlchemy' instances?
2025-09-17 07:42:27,493 - ERROR - n/a - new_structure - GET / - Database binding on appcontext push failed: The current Flask app is not registered with this 'SQLAlchemy' instance. Did you forget to call 'init_app', or did you create multiple 'SQLAlchemy' instances?
2025-09-17 07:42:27,494 - ERROR - n/a - new_structure - GET / - Database binding on appcontext push failed: The current Flask app is not registered with this 'SQLAlchemy' instance. Did you forget to call 'init_app', or did you create multiple 'SQLAlchemy' instances?
2025-09-17 07:42:27,513 - WARNING - 67c55b066bae4066bcc546b22dc78b57 - new_structure - GET /classteacher/subject_report/2/2/1/1/1 - subject_report.unauthorized_access
2025-09-17 07:42:27,515 - INFO - 67c55b066bae4066bcc546b22dc78b57 - new_structure - GET /classteacher/subject_report/2/2/1/1/1 - {'event': 'report.subject.view:completed', 'correlation_id': '2999cda9-cd68-4de5-80cd-5b89f8bf28e2', 'ip': '127.0.0.1', 'method': 'GET', 'path': '/classteacher/subject_report/2/2/1/1/1', 'role': 'teacher', 'teacher_id': 8, 'status': 403}
2025-09-17 07:42:27,520 - ERROR - n/a - new_structure -   - Database binding on appcontext push failed: The current Flask app is not registered with this 'SQLAlchemy' instance. Did you forget to call 'init_app', or did you create multiple 'SQLAlchemy' instances?
2025-09-17 07:42:27,521 - ERROR - n/a - new_structure -   - Database binding on appcontext push failed: The current Flask app is not registered with this 'SQLAlchemy' instance. Did you forget to call 'init_app', or did you create multiple 'SQLAlchemy' instances?
2025-09-17 07:42:27,523 - ERROR - n/a - new_structure - GET / - Database binding on appcontext push failed: The current Flask app is not registered with this 'SQLAlchemy' instance. Did you forget to call 'init_app', or did you create multiple 'SQLAlchemy' instances?
2025-09-17 07:42:27,524 - ERROR - n/a - new_structure - GET / - Database binding on appcontext push failed: The current Flask app is not registered with this 'SQLAlchemy' instance. Did you forget to call 'init_app', or did you create multiple 'SQLAlchemy' instances?
2025-09-17 07:42:27,526 - ERROR - n/a - new_structure - GET / - Database binding on appcontext push failed: The current Flask app is not registered with this 'SQLAlchemy' instance. Did you forget to call 'init_app', or did you create multiple 'SQLAlchemy' instances?
2025-09-17 07:42:27,527 - ERROR - n/a - new_structure - GET / - Database binding on appcontext push failed: The current Flask app is not registered with this 'SQLAlchemy' instance. Did you forget to call 'init_app', or did you create multiple 'SQLAlchemy' instances?
2025-09-17 07:42:27,528 - ERROR - n/a - new_structure - GET / - Database binding on appcontext push failed: The current Flask app is not registered with this 'SQLAlchemy' instance. Did you forget to call 'init_app', or did you create multiple 'SQLAlchemy' instances?
2025-09-17 07:42:27,530 - ERROR - n/a - new_structure - GET / - Database binding on appcontext push failed: The current Flask app is not registered with this 'SQLAlchemy' instance. Did you forget to call 'init_app', or did you create multiple 'SQLAlchemy' instances?
2025-09-17 07:42:27,533 - ERROR - n/a - new_structure - GET / - Database binding on appcontext push failed: The current Flask app is not registered with this 'SQLAlchemy' instance. Did you forget to call 'init_app', or did you create multiple 'SQLAlchemy' instances?
2025-09-17 07:42:27,534 - ERROR - n/a - new_structure - GET / - Database binding on appcontext push failed: The current Flask app is not registered with this 'SQLAlchemy' instance. Did you forget to call 'init_app', or did you create multiple 'SQLAlchemy' instances?
2025-09-17 07:42:27,554 - ERROR - n/a - new_structure - GET / - Database binding on appcontext push failed: The current Flask app is not registered with this 'SQLAlchemy' instance. Did you forget to call 'init_app', or did you create multiple 'SQLAlchemy' instances?
2025-09-17 07:42:27,555 - ERROR - n/a - new_structure - GET / - Database binding on appcontext push failed: The current Flask app is not registered with this 'SQLAlchemy' instance. Did you forget to call 'init_app', or did you create multiple 'SQLAlchemy' instances?
2025-09-17 07:42:27,560 - ERROR - n/a - new_structure - GET / - Database binding on appcontext push failed: The current Flask app is not registered with this 'SQLAlchemy' instance. Did you forget to call 'init_app', or did you create multiple 'SQLAlchemy' instances?
2025-09-17 07:42:27,561 - ERROR - n/a - new_structure - GET / - Database binding on appcontext push failed: The current Flask app is not registered with this 'SQLAlchemy' instance. Did you forget to call 'init_app', or did you create multiple 'SQLAlchemy' instances?
2025-09-17 07:42:27,586 - ERROR - n/a - new_structure - GET /classteacher/subject_report/2/2/1/1/1 - Database binding on appcontext push failed: The current Flask app is not registered with this 'SQLAlchemy' instance. Did you forget to call 'init_app', or did you create multiple 'SQLAlchemy' instances?
2025-09-17 07:42:27,588 - ERROR - n/a - new_structure - GET /classteacher/subject_report/2/2/1/1/1 - Database binding on appcontext push failed: The current Flask app is not registered with this 'SQLAlchemy' instance. Did you forget to call 'init_app', or did you create multiple 'SQLAlchemy' instances?
2025-09-17 07:42:27,589 - ERROR - n/a - new_structure - GET /classteacher/subject_report/2/2/1/1/1 - Database binding on appcontext push failed: The current Flask app is not registered with this 'SQLAlchemy' instance. Did you forget to call 'init_app', or did you create multiple 'SQLAlchemy' instances?
2025-09-17 07:42:27,590 - ERROR - n/a - new_structure - GET /classteacher/subject_report/2/2/1/1/1 - Database binding on appcontext push failed: The current Flask app is not registered with this 'SQLAlchemy' instance. Did you forget to call 'init_app', or did you create multiple 'SQLAlchemy' instances?
2025-09-17 07:42:27,591 - ERROR - n/a - new_structure - GET /classteacher/subject_report/2/2/1/1/1 - Database binding on appcontext push failed: The current Flask app is not registered with this 'SQLAlchemy' instance. Did you forget to call 'init_app', or did you create multiple 'SQLAlchemy' instances?
2025-09-17 07:42:27,593 - ERROR - n/a - new_structure - GET /classteacher/subject_report/2/2/1/1/1 - Database binding on appcontext push failed: The current Flask app is not registered with this 'SQLAlchemy' instance. Did you forget to call 'init_app', or did you create multiple 'SQLAlchemy' instances?
2025-09-17 07:42:27,594 - ERROR - n/a - new_structure - GET /classteacher/subject_report/2/2/1/1/1 - Database binding on appcontext push failed: The current Flask app is not registered with this 'SQLAlchemy' instance. Did you forget to call 'init_app', or did you create multiple 'SQLAlchemy' instances?
2025-09-17 07:42:27,595 - ERROR - n/a - new_structure - GET /classteacher/subject_report/2/2/1/1/1 - Database binding on appcontext push failed: The current Flask app is not registered with this 'SQLAlchemy' instance. Did you forget to call 'init_app', or did you create multiple 'SQLAlchemy' instances?
2025-09-17 07:42:27,595 - ERROR - n/a - new_structure - GET /classteacher/subject_report/2/2/1/1/1 - Database binding on appcontext push failed: The current Flask app is not registered with this 'SQLAlchemy' instance. Did you forget to call 'init_app', or did you create multiple 'SQLAlchemy' instances?
2025-09-17 07:42:27,597 - ERROR - n/a - new_structure - GET /classteacher/subject_report/2/2/1/1/1 - Database binding on appcontext push failed: The current Flask app is not registered with this 'SQLAlchemy' instance. Did you forget to call 'init_app', or did you create multiple 'SQLAlchemy' instances?
2025-09-17 07:42:27,598 - ERROR - n/a - new_structure - GET /classteacher/subject_report/2/2/1/1/1 - Database binding on appcontext push failed: The current Flask app is not registered with this 'SQLAlchemy' instance. Did you forget to call 'init_app', or did you create multiple 'SQLAlchemy' instances?
2025-09-17 07:42:27,599 - ERROR - n/a - new_structure - GET /classteacher/subject_report/2/2/1/1/1 - Database binding on appcontext push failed: The current Flask app is not registered with this 'SQLAlchemy' instance. Did you forget to call 'init_app', or did you create multiple 'SQLAlchemy' instances?
2025-09-17 07:42:27,600 - ERROR - n/a - new_structure - GET /classteacher/subject_report/2/2/1/1/1 - Database binding on appcontext push failed: The current Flask app is not registered with this 'SQLAlchemy' instance. Did you forget to call 'init_app', or did you create multiple 'SQLAlchemy' instances?
2025-09-17 07:42:27,601 - ERROR - n/a - new_structure - GET /classteacher/subject_report/2/2/1/1/1 - Database binding on appcontext push failed: The current Flask app is not registered with this 'SQLAlchemy' instance. Did you forget to call 'init_app', or did you create multiple 'SQLAlchemy' instances?
2025-09-17 07:42:27,601 - ERROR - n/a - new_structure - GET /classteacher/subject_report/2/2/1/1/1 - Database binding on appcontext push failed: The current Flask app is not registered with this 'SQLAlchemy' instance. Did you forget to call 'init_app', or did you create multiple 'SQLAlchemy' instances?
2025-09-17 07:42:27,602 - ERROR - n/a - new_structure - GET /classteacher/subject_report/2/2/1/1/1 - Database binding on appcontext push failed: The current Flask app is not registered with this 'SQLAlchemy' instance. Did you forget to call 'init_app', or did you create multiple 'SQLAlchemy' instances?
2025-09-17 07:42:27,603 - ERROR - n/a - new_structure - GET /classteacher/subject_report/2/2/1/1/1 - Database binding on appcontext push failed: The current Flask app is not registered with this 'SQLAlchemy' instance. Did you forget to call 'init_app', or did you create multiple 'SQLAlchemy' instances?
2025-09-17 07:42:27,604 - ERROR - n/a - new_structure - GET /classteacher/subject_report/2/2/1/1/1 - Database binding on appcontext push failed: The current Flask app is not registered with this 'SQLAlchemy' instance. Did you forget to call 'init_app', or did you create multiple 'SQLAlchemy' instances?
2025-09-17 07:42:27,605 - ERROR - n/a - new_structure - GET /classteacher/subject_report/2/2/1/1/1 - Database binding on appcontext push failed: The current Flask app is not registered with this 'SQLAlchemy' instance. Did you forget to call 'init_app', or did you create multiple 'SQLAlchemy' instances?
2025-09-17 07:42:27,607 - ERROR - n/a - new_structure - GET /classteacher/subject_report/2/2/1/1/1 - Database binding on appcontext push failed: The current Flask app is not registered with this 'SQLAlchemy' instance. Did you forget to call 'init_app', or did you create multiple 'SQLAlchemy' instances?
2025-09-17 07:42:27,609 - ERROR - n/a - new_structure - GET /classteacher/subject_report/2/2/1/1/1 - Database binding on appcontext push failed: The current Flask app is not registered with this 'SQLAlchemy' instance. Did you forget to call 'init_app', or did you create multiple 'SQLAlchemy' instances?
2025-09-17 07:42:27,610 - ERROR - n/a - new_structure - GET /classteacher/subject_report/2/2/1/1/1 - Database binding on appcontext push failed: The current Flask app is not registered with this 'SQLAlchemy' instance. Did you forget to call 'init_app', or did you create multiple 'SQLAlchemy' instances?
2025-09-17 07:42:27,611 - ERROR - n/a - new_structure - GET /classteacher/subject_report/2/2/1/1/1 - Database binding on appcontext push failed: The current Flask app is not registered with this 'SQLAlchemy' instance. Did you forget to call 'init_app', or did you create multiple 'SQLAlchemy' instances?
2025-09-17 07:42:27,612 - ERROR - n/a - new_structure - GET /classteacher/subject_report/2/2/1/1/1 - Database binding on appcontext push failed: The current Flask app is not registered with this 'SQLAlchemy' instance. Did you forget to call 'init_app', or did you create multiple 'SQLAlchemy' instances?
2025-09-17 07:42:27,612 - ERROR - n/a - new_structure - GET /classteacher/subject_report/2/2/1/1/1 - Database binding on appcontext push failed: The current Flask app is not registered with this 'SQLAlchemy' instance. Did you forget to call 'init_app', or did you create multiple 'SQLAlchemy' instances?
2025-09-17 07:42:27,613 - ERROR - n/a - new_structure - GET /classteacher/subject_report/2/2/1/1/1 - Database binding on appcontext push failed: The current Flask app is not registered with this 'SQLAlchemy' instance. Did you forget to call 'init_app', or did you create multiple 'SQLAlchemy' instances?
2025-09-17 07:42:27,625 - ERROR - n/a - new_structure - GET /classteacher/subject_report/2/2/1/1/1 - Database binding on appcontext push failed: The current Flask app is not registered with this 'SQLAlchemy' instance. Did you forget to call 'init_app', or did you create multiple 'SQLAlchemy' instances?
2025-09-17 07:42:27,626 - ERROR - n/a - new_structure - GET /classteacher/subject_report/2/2/1/1/1 - Database binding on appcontext push failed: The current Flask app is not registered with this 'SQLAlchemy' instance. Did you forget to call 'init_app', or did you create multiple 'SQLAlchemy' instances?
2025-09-17 07:42:27,628 - ERROR - n/a - new_structure - GET /classteacher/subject_report/2/2/1/1/1 - Database binding on appcontext push failed: The current Flask app is not registered with this 'SQLAlchemy' instance. Did you forget to call 'init_app', or did you create multiple 'SQLAlchemy' instances?
2025-09-17 07:42:27,629 - ERROR - n/a - new_structure - GET /classteacher/subject_report/2/2/1/1/1 - Database binding on appcontext push failed: The current Flask app is not registered with this 'SQLAlchemy' instance. Did you forget to call 'init_app', or did you create multiple 'SQLAlchemy' instances?
2025-09-17 07:42:27,631 - ERROR - n/a - new_structure - GET /classteacher/subject_report/2/2/1/1/1 - Database binding on appcontext push failed: The current Flask app is not registered with this 'SQLAlchemy' instance. Did you forget to call 'init_app', or did you create multiple 'SQLAlchemy' instances?
2025-09-17 07:42:27,632 - ERROR - n/a - new_structure - GET /classteacher/subject_report/2/2/1/1/1 - Database binding on appcontext push failed: The current Flask app is not registered with this 'SQLAlchemy' instance. Did you forget to call 'init_app', or did you create multiple 'SQLAlchemy' instances?
2025-09-17 07:42:27,633 - ERROR - n/a - new_structure - GET /classteacher/subject_report/2/2/1/1/1 - Database binding on appcontext push failed: The current Flask app is not registered with this 'SQLAlchemy' instance. Did you forget to call 'init_app', or did you create multiple 'SQLAlchemy' instances?
2025-09-17 07:42:27,634 - ERROR - n/a - new_structure - GET /classteacher/subject_report/2/2/1/1/1 - Database binding on appcontext push failed: The current Flask app is not registered with this 'SQLAlchemy' instance. Did you forget to call 'init_app', or did you create multiple 'SQLAlchemy' instances?
2025-09-17 07:42:27,635 - ERROR - n/a - new_structure - GET /classteacher/subject_report/2/2/1/1/1 - Database binding on appcontext push failed: The current Flask app is not registered with this 'SQLAlchemy' instance. Did you forget to call 'init_app', or did you create multiple 'SQLAlchemy' instances?
2025-09-17 07:42:27,636 - ERROR - n/a - new_structure - GET /classteacher/subject_report/2/2/1/1/1 - Database binding on appcontext push failed: The current Flask app is not registered with this 'SQLAlchemy' instance. Did you forget to call 'init_app', or did you create multiple 'SQLAlchemy' instances?
2025-09-17 07:42:27,637 - ERROR - n/a - new_structure - GET /classteacher/subject_report/2/2/1/1/1 - Database binding on appcontext push failed: The current Flask app is not registered with this 'SQLAlchemy' instance. Did you forget to call 'init_app', or did you create multiple 'SQLAlchemy' instances?
2025-09-17 07:42:27,638 - ERROR - n/a - new_structure - GET /classteacher/subject_report/2/2/1/1/1 - Database binding on appcontext push failed: The current Flask app is not registered with this 'SQLAlchemy' instance. Did you forget to call 'init_app', or did you create multiple 'SQLAlchemy' instances?
2025-09-17 07:42:27,640 - ERROR - n/a - new_structure - GET /classteacher/subject_report/2/2/1/1/1 - Database binding on appcontext push failed: The current Flask app is not registered with this 'SQLAlchemy' instance. Did you forget to call 'init_app', or did you create multiple 'SQLAlchemy' instances?
2025-09-17 07:42:27,641 - ERROR - n/a - new_structure - GET /classteacher/subject_report/2/2/1/1/1 - Database binding on appcontext push failed: The current Flask app is not registered with this 'SQLAlchemy' instance. Did you forget to call 'init_app', or did you create multiple 'SQLAlchemy' instances?
2025-09-17 07:42:27,642 - ERROR - n/a - new_structure - GET /classteacher/subject_report/2/2/1/1/1 - Database binding on appcontext push failed: The current Flask app is not registered with this 'SQLAlchemy' instance. Did you forget to call 'init_app', or did you create multiple 'SQLAlchemy' instances?
2025-09-17 07:42:27,643 - ERROR - n/a - new_structure - GET /classteacher/subject_report/2/2/1/1/1 - Database binding on appcontext push failed: The current Flask app is not registered with this 'SQLAlchemy' instance. Did you forget to call 'init_app', or did you create multiple 'SQLAlchemy' instances?
2025-09-17 07:42:27,644 - ERROR - n/a - new_structure - GET /classteacher/subject_report/2/2/1/1/1 - Database binding on appcontext push failed: The current Flask app is not registered with this 'SQLAlchemy' instance. Did you forget to call 'init_app', or did you create multiple 'SQLAlchemy' instances?
2025-09-17 07:42:27,645 - ERROR - n/a - new_structure - GET /classteacher/subject_report/2/2/1/1/1 - Database binding on appcontext push failed: The current Flask app is not registered with this 'SQLAlchemy' instance. Did you forget to call 'init_app', or did you create multiple 'SQLAlchemy' instances?
2025-09-17 07:42:27,646 - ERROR - n/a - new_structure - GET /classteacher/subject_report/2/2/1/1/1 - Database binding on appcontext push failed: The current Flask app is not registered with this 'SQLAlchemy' instance. Did you forget to call 'init_app', or did you create multiple 'SQLAlchemy' instances?
2025-09-17 07:42:27,648 - ERROR - n/a - new_structure - GET /classteacher/subject_report/2/2/1/1/1 - Database binding on appcontext push failed: The current Flask app is not registered with this 'SQLAlchemy' instance. Did you forget to call 'init_app', or did you create multiple 'SQLAlchemy' instances?
2025-09-17 07:42:27,649 - ERROR - n/a - new_structure - GET /classteacher/subject_report/2/2/1/1/1 - Database binding on appcontext push failed: The current Flask app is not registered with this 'SQLAlchemy' instance. Did you forget to call 'init_app', or did you create multiple 'SQLAlchemy' instances?
2025-09-17 07:42:27,651 - ERROR - n/a - new_structure - GET /classteacher/subject_report/2/2/1/1/1 - Database binding on appcontext push failed: The current Flask app is not registered with this 'SQLAlchemy' instance. Did you forget to call 'init_app', or did you create multiple 'SQLAlchemy' instances?
2025-09-17 07:42:27,652 - ERROR - n/a - new_structure - GET /classteacher/subject_report/2/2/1/1/1 - Database binding on appcontext push failed: The current Flask app is not registered with this 'SQLAlchemy' instance. Did you forget to call 'init_app', or did you create multiple 'SQLAlchemy' instances?
2025-09-17 07:42:27,654 - ERROR - n/a - new_structure - GET /classteacher/subject_report/2/2/1/1/1 - Database binding on appcontext push failed: The current Flask app is not registered with this 'SQLAlchemy' instance. Did you forget to call 'init_app', or did you create multiple 'SQLAlchemy' instances?
2025-09-17 07:42:27,655 - ERROR - n/a - new_structure - GET /classteacher/subject_report/2/2/1/1/1 - Database binding on appcontext push failed: The current Flask app is not registered with this 'SQLAlchemy' instance. Did you forget to call 'init_app', or did you create multiple 'SQLAlchemy' instances?
2025-09-17 07:42:27,657 - ERROR - n/a - new_structure - GET /classteacher/subject_report/2/2/1/1/1 - Database binding on appcontext push failed: The current Flask app is not registered with this 'SQLAlchemy' instance. Did you forget to call 'init_app', or did you create multiple 'SQLAlchemy' instances?
2025-09-17 07:42:27,662 - INFO - e23cd6ed290d49b08b205c1fab6805ee - new_structure - GET /classteacher/subject_report/2/2/1/1/1 - subject_report.render
2025-09-17 07:42:27,663 - INFO - e23cd6ed290d49b08b205c1fab6805ee - new_structure - GET /classteacher/subject_report/2/2/1/1/1 - {'event': 'report.subject.view:success', 'correlation_id': '3b7da3eb-80cb-4392-be1c-52ceeebdded0', 'ip': '127.0.0.1', 'method': 'GET', 'path': '/classteacher/subject_report/2/2/1/1/1', 'role': 'teacher', 'teacher_id': 7, 'status': 200}
2025-09-17 07:42:27,671 - ERROR - n/a - new_structure -   - Database binding on appcontext push failed: The current Flask app is not registered with this 'SQLAlchemy' instance. Did you forget to call 'init_app', or did you create multiple 'SQLAlchemy' instances?
2025-09-17 07:42:27,672 - ERROR - n/a - new_structure -   - Database binding on appcontext push failed: The current Flask app is not registered with this 'SQLAlchemy' instance. Did you forget to call 'init_app', or did you create multiple 'SQLAlchemy' instances?
2025-09-17 07:42:27,674 - ERROR - n/a - new_structure - GET / - Database binding on appcontext push failed: The current Flask app is not registered with this 'SQLAlchemy' instance. Did you forget to call 'init_app', or did you create multiple 'SQLAlchemy' instances?
2025-09-17 07:42:27,675 - ERROR - n/a - new_structure - GET / - Database binding on appcontext push failed: The current Flask app is not registered with this 'SQLAlchemy' instance. Did you forget to call 'init_app', or did you create multiple 'SQLAlchemy' instances?
2025-09-17 07:42:27,676 - ERROR - n/a - new_structure - GET / - Database binding on appcontext push failed: The current Flask app is not registered with this 'SQLAlchemy' instance. Did you forget to call 'init_app', or did you create multiple 'SQLAlchemy' instances?
2025-09-17 07:42:27,677 - ERROR - n/a - new_structure - GET / - Database binding on appcontext push failed: The current Flask app is not registered with this 'SQLAlchemy' instance. Did you forget to call 'init_app', or did you create multiple 'SQLAlchemy' instances?
2025-09-17 07:42:27,680 - ERROR - n/a - new_structure - GET / - Database binding on appcontext push failed: The current Flask app is not registered with this 'SQLAlchemy' instance. Did you forget to call 'init_app', or did you create multiple 'SQLAlchemy' instances?
2025-09-17 07:42:27,680 - ERROR - n/a - new_structure - GET / - Database binding on appcontext push failed: The current Flask app is not registered with this 'SQLAlchemy' instance. Did you forget to call 'init_app', or did you create multiple 'SQLAlchemy' instances?
2025-09-17 07:42:27,683 - ERROR - n/a - new_structure - GET / - Database binding on appcontext push failed: The current Flask app is not registered with this 'SQLAlchemy' instance. Did you forget to call 'init_app', or did you create multiple 'SQLAlchemy' instances?
2025-09-17 07:42:27,684 - ERROR - n/a - new_structure - GET / - Database binding on appcontext push failed: The current Flask app is not registered with this 'SQLAlchemy' instance. Did you forget to call 'init_app', or did you create multiple 'SQLAlchemy' instances?
2025-09-17 07:42:27,702 - ERROR - n/a - new_structure - GET / - Database binding on appcontext push failed: The current Flask app is not registered with this 'SQLAlchemy' instance. Did you forget to call 'init_app', or did you create multiple 'SQLAlchemy' instances?
2025-09-17 07:42:27,703 - ERROR - n/a - new_structure - GET / - Database binding on appcontext push failed: The current Flask app is not registered with this 'SQLAlchemy' instance. Did you forget to call 'init_app', or did you create multiple 'SQLAlchemy' instances?
2025-09-17 07:42:27,706 - ERROR - n/a - new_structure - GET / - Database binding on appcontext push failed: The current Flask app is not registered with this 'SQLAlchemy' instance. Did you forget to call 'init_app', or did you create multiple 'SQLAlchemy' instances?
2025-09-17 07:42:27,707 - ERROR - n/a - new_structure - GET / - Database binding on appcontext push failed: The current Flask app is not registered with this 'SQLAlchemy' instance. Did you forget to call 'init_app', or did you create multiple 'SQLAlchemy' instances?
2025-09-17 07:42:27,720 - WARNING - b8df2daae92a4944acb833720b87cee3 - new_structure - GET /classteacher/subject_report/2/2/1/999/1 - subject_report.invalid_parameters
2025-09-17 07:42:27,721 - INFO - b8df2daae92a4944acb833720b87cee3 - new_structure - GET /classteacher/subject_report/2/2/1/999/1 - {'event': 'report.subject.view:completed', 'correlation_id': '4e765986-2d7f-42d2-b2ec-fd6c14b86569', 'ip': '127.0.0.1', 'method': 'GET', 'path': '/classteacher/subject_report/2/2/1/999/1', 'role': 'teacher', 'teacher_id': 7, 'status': 400}
2025-09-17 07:42:27,727 - ERROR - n/a - new_structure -   - Database binding on appcontext push failed: The current Flask app is not registered with this 'SQLAlchemy' instance. Did you forget to call 'init_app', or did you create multiple 'SQLAlchemy' instances?
2025-09-17 07:42:27,728 - ERROR - n/a - new_structure -   - Database binding on appcontext push failed: The current Flask app is not registered with this 'SQLAlchemy' instance. Did you forget to call 'init_app', or did you create multiple 'SQLAlchemy' instances?
2025-09-17 07:42:27,729 - ERROR - n/a - new_structure - GET / - Database binding on appcontext push failed: The current Flask app is not registered with this 'SQLAlchemy' instance. Did you forget to call 'init_app', or did you create multiple 'SQLAlchemy' instances?
2025-09-17 07:42:27,730 - ERROR - n/a - new_structure - GET / - Database binding on appcontext push failed: The current Flask app is not registered with this 'SQLAlchemy' instance. Did you forget to call 'init_app', or did you create multiple 'SQLAlchemy' instances?
2025-09-17 07:42:27,734 - ERROR - n/a - new_structure - GET / - Database binding on appcontext push failed: The current Flask app is not registered with this 'SQLAlchemy' instance. Did you forget to call 'init_app', or did you create multiple 'SQLAlchemy' instances?
2025-09-17 07:42:27,736 - ERROR - n/a - new_structure - GET / - Database binding on appcontext push failed: The current Flask app is not registered with this 'SQLAlchemy' instance. Did you forget to call 'init_app', or did you create multiple 'SQLAlchemy' instances?
2025-09-17 07:42:27,737 - ERROR - n/a - new_structure - GET / - Database binding on appcontext push failed: The current Flask app is not registered with this 'SQLAlchemy' instance. Did you forget to call 'init_app', or did you create multiple 'SQLAlchemy' instances?
2025-09-17 07:42:27,738 - ERROR - n/a - new_structure - GET / - Database binding on appcontext push failed: The current Flask app is not registered with this 'SQLAlchemy' instance. Did you forget to call 'init_app', or did you create multiple 'SQLAlchemy' instances?
2025-09-17 07:42:27,741 - ERROR - n/a - new_structure - GET / - Database binding on appcontext push failed: The current Flask app is not registered with this 'SQLAlchemy' instance. Did you forget to call 'init_app', or did you create multiple 'SQLAlchemy' instances?
2025-09-17 07:42:27,742 - ERROR - n/a - new_structure - GET / - Database binding on appcontext push failed: The current Flask app is not registered with this 'SQLAlchemy' instance. Did you forget to call 'init_app', or did you create multiple 'SQLAlchemy' instances?
2025-09-17 07:42:27,766 - ERROR - n/a - new_structure - GET / - Database binding on appcontext push failed: The current Flask app is not registered with this 'SQLAlchemy' instance. Did you forget to call 'init_app', or did you create multiple 'SQLAlchemy' instances?
2025-09-17 07:42:27,767 - ERROR - n/a - new_structure - GET / - Database binding on appcontext push failed: The current Flask app is not registered with this 'SQLAlchemy' instance. Did you forget to call 'init_app', or did you create multiple 'SQLAlchemy' instances?
2025-09-17 07:42:27,771 - ERROR - n/a - new_structure - GET / - Database binding on appcontext push failed: The current Flask app is not registered with this 'SQLAlchemy' instance. Did you forget to call 'init_app', or did you create multiple 'SQLAlchemy' instances?
2025-09-17 07:42:27,772 - ERROR - n/a - new_structure - GET / - Database binding on appcontext push failed: The current Flask app is not registered with this 'SQLAlchemy' instance. Did you forget to call 'init_app', or did you create multiple 'SQLAlchemy' instances?
2025-09-17 07:42:28,425 - ERROR - n/a - new_structure -   - Database binding on appcontext push failed: The current Flask app is not registered with this 'SQLAlchemy' instance. Did you forget to call 'init_app', or did you create multiple 'SQLAlchemy' instances?
2025-09-17 07:42:28,426 - ERROR - n/a - new_structure -   - Database binding on appcontext push failed: The current Flask app is not registered with this 'SQLAlchemy' instance. Did you forget to call 'init_app', or did you create multiple 'SQLAlchemy' instances?
2025-09-17 07:42:28,428 - ERROR - n/a - new_structure - GET / - Database binding on appcontext push failed: The current Flask app is not registered with this 'SQLAlchemy' instance. Did you forget to call 'init_app', or did you create multiple 'SQLAlchemy' instances?
2025-09-17 07:42:28,429 - ERROR - n/a - new_structure - GET / - Database binding on appcontext push failed: The current Flask app is not registered with this 'SQLAlchemy' instance. Did you forget to call 'init_app', or did you create multiple 'SQLAlchemy' instances?
2025-09-17 07:42:28,430 - ERROR - n/a - new_structure - GET / - Database binding on appcontext push failed: The current Flask app is not registered with this 'SQLAlchemy' instance. Did you forget to call 'init_app', or did you create multiple 'SQLAlchemy' instances?
2025-09-17 07:42:28,431 - ERROR - n/a - new_structure - GET / - Database binding on appcontext push failed: The current Flask app is not registered with this 'SQLAlchemy' instance. Did you forget to call 'init_app', or did you create multiple 'SQLAlchemy' instances?
2025-09-17 07:42:28,433 - ERROR - n/a - new_structure - GET / - Database binding on appcontext push failed: The current Flask app is not registered with this 'SQLAlchemy' instance. Did you forget to call 'init_app', or did you create multiple 'SQLAlchemy' instances?
2025-09-17 07:42:28,434 - ERROR - n/a - new_structure - GET / - Database binding on appcontext push failed: The current Flask app is not registered with this 'SQLAlchemy' instance. Did you forget to call 'init_app', or did you create multiple 'SQLAlchemy' instances?
2025-09-17 07:42:28,437 - ERROR - n/a - new_structure - GET / - Database binding on appcontext push failed: The current Flask app is not registered with this 'SQLAlchemy' instance. Did you forget to call 'init_app', or did you create multiple 'SQLAlchemy' instances?
2025-09-17 07:42:28,439 - ERROR - n/a - new_structure - GET / - Database binding on appcontext push failed: The current Flask app is not registered with this 'SQLAlchemy' instance. Did you forget to call 'init_app', or did you create multiple 'SQLAlchemy' instances?
2025-09-17 07:42:28,459 - ERROR - n/a - new_structure - GET / - Database binding on appcontext push failed: The current Flask app is not registered with this 'SQLAlchemy' instance. Did you forget to call 'init_app', or did you create multiple 'SQLAlchemy' instances?
2025-09-17 07:42:28,461 - ERROR - n/a - new_structure - GET / - Database binding on appcontext push failed: The current Flask app is not registered with this 'SQLAlchemy' instance. Did you forget to call 'init_app', or did you create multiple 'SQLAlchemy' instances?
2025-09-17 07:42:28,466 - ERROR - n/a - new_structure - GET / - Database binding on appcontext push failed: The current Flask app is not registered with this 'SQLAlchemy' instance. Did you forget to call 'init_app', or did you create multiple 'SQLAlchemy' instances?
2025-09-17 07:42:28,467 - ERROR - n/a - new_structure - GET / - Database binding on appcontext push failed: The current Flask app is not registered with this 'SQLAlchemy' instance. Did you forget to call 'init_app', or did you create multiple 'SQLAlchemy' instances?
2025-09-17 07:42:28,480 - ERROR - n/a - new_structure - GET /classteacher/subject_report/2/2/1/1/1 - Database binding on appcontext push failed: The current Flask app is not registered with this 'SQLAlchemy' instance. Did you forget to call 'init_app', or did you create multiple 'SQLAlchemy' instances?
2025-09-17 07:42:28,482 - ERROR - n/a - new_structure - GET /classteacher/subject_report/2/2/1/1/1 - Database binding on appcontext push failed: The current Flask app is not registered with this 'SQLAlchemy' instance. Did you forget to call 'init_app', or did you create multiple 'SQLAlchemy' instances?
2025-09-17 07:42:28,483 - ERROR - n/a - new_structure - GET /classteacher/subject_report/2/2/1/1/1 - Database binding on appcontext push failed: The current Flask app is not registered with this 'SQLAlchemy' instance. Did you forget to call 'init_app', or did you create multiple 'SQLAlchemy' instances?
2025-09-17 07:42:28,484 - ERROR - n/a - new_structure - GET /classteacher/subject_report/2/2/1/1/1 - Database binding on appcontext push failed: The current Flask app is not registered with this 'SQLAlchemy' instance. Did you forget to call 'init_app', or did you create multiple 'SQLAlchemy' instances?
2025-09-17 07:42:28,486 - ERROR - n/a - new_structure - GET /classteacher/subject_report/2/2/1/1/1 - Database binding on appcontext push failed: The current Flask app is not registered with this 'SQLAlchemy' instance. Did you forget to call 'init_app', or did you create multiple 'SQLAlchemy' instances?
2025-09-17 07:42:28,487 - ERROR - n/a - new_structure - GET /classteacher/subject_report/2/2/1/1/1 - Database binding on appcontext push failed: The current Flask app is not registered with this 'SQLAlchemy' instance. Did you forget to call 'init_app', or did you create multiple 'SQLAlchemy' instances?
2025-09-17 07:42:28,488 - ERROR - n/a - new_structure - GET /classteacher/subject_report/2/2/1/1/1 - Database binding on appcontext push failed: The current Flask app is not registered with this 'SQLAlchemy' instance. Did you forget to call 'init_app', or did you create multiple 'SQLAlchemy' instances?
2025-09-17 07:42:28,489 - ERROR - n/a - new_structure - GET /classteacher/subject_report/2/2/1/1/1 - Database binding on appcontext push failed: The current Flask app is not registered with this 'SQLAlchemy' instance. Did you forget to call 'init_app', or did you create multiple 'SQLAlchemy' instances?
2025-09-17 07:42:28,489 - ERROR - n/a - new_structure - GET /classteacher/subject_report/2/2/1/1/1 - Database binding on appcontext push failed: The current Flask app is not registered with this 'SQLAlchemy' instance. Did you forget to call 'init_app', or did you create multiple 'SQLAlchemy' instances?
2025-09-17 07:42:28,490 - ERROR - n/a - new_structure - GET /classteacher/subject_report/2/2/1/1/1 - Database binding on appcontext push failed: The current Flask app is not registered with this 'SQLAlchemy' instance. Did you forget to call 'init_app', or did you create multiple 'SQLAlchemy' instances?
2025-09-17 07:42:28,491 - ERROR - n/a - new_structure - GET /classteacher/subject_report/2/2/1/1/1 - Database binding on appcontext push failed: The current Flask app is not registered with this 'SQLAlchemy' instance. Did you forget to call 'init_app', or did you create multiple 'SQLAlchemy' instances?
2025-09-17 07:42:28,492 - ERROR - n/a - new_structure - GET /classteacher/subject_report/2/2/1/1/1 - Database binding on appcontext push failed: The current Flask app is not registered with this 'SQLAlchemy' instance. Did you forget to call 'init_app', or did you create multiple 'SQLAlchemy' instances?
2025-09-17 07:42:28,493 - ERROR - n/a - new_structure - GET /classteacher/subject_report/2/2/1/1/1 - Database binding on appcontext push failed: The current Flask app is not registered with this 'SQLAlchemy' instance. Did you forget to call 'init_app', or did you create multiple 'SQLAlchemy' instances?
2025-09-17 07:42:28,494 - ERROR - n/a - new_structure - GET /classteacher/subject_report/2/2/1/1/1 - Database binding on appcontext push failed: The current Flask app is not registered with this 'SQLAlchemy' instance. Did you forget to call 'init_app', or did you create multiple 'SQLAlchemy' instances?
2025-09-17 07:42:28,495 - ERROR - n/a - new_structure - GET /classteacher/subject_report/2/2/1/1/1 - Database binding on appcontext push failed: The current Flask app is not registered with this 'SQLAlchemy' instance. Did you forget to call 'init_app', or did you create multiple 'SQLAlchemy' instances?
2025-09-17 07:42:28,496 - ERROR - n/a - new_structure - GET /classteacher/subject_report/2/2/1/1/1 - Database binding on appcontext push failed: The current Flask app is not registered with this 'SQLAlchemy' instance. Did you forget to call 'init_app', or did you create multiple 'SQLAlchemy' instances?
2025-09-17 07:42:28,498 - ERROR - n/a - new_structure - GET /classteacher/subject_report/2/2/1/1/1 - Database binding on appcontext push failed: The current Flask app is not registered with this 'SQLAlchemy' instance. Did you forget to call 'init_app', or did you create multiple 'SQLAlchemy' instances?
2025-09-17 07:42:28,499 - ERROR - n/a - new_structure - GET /classteacher/subject_report/2/2/1/1/1 - Database binding on appcontext push failed: The current Flask app is not registered with this 'SQLAlchemy' instance. Did you forget to call 'init_app', or did you create multiple 'SQLAlchemy' instances?
2025-09-17 07:42:28,499 - ERROR - n/a - new_structure - GET /classteacher/subject_report/2/2/1/1/1 - Database binding on appcontext push failed: The current Flask app is not registered with this 'SQLAlchemy' instance. Did you forget to call 'init_app', or did you create multiple 'SQLAlchemy' instances?
2025-09-17 07:42:28,501 - ERROR - n/a - new_structure - GET /classteacher/subject_report/2/2/1/1/1 - Database binding on appcontext push failed: The current Flask app is not registered with this 'SQLAlchemy' instance. Did you forget to call 'init_app', or did you create multiple 'SQLAlchemy' instances?
2025-09-17 07:42:28,503 - ERROR - n/a - new_structure - GET /classteacher/subject_report/2/2/1/1/1 - Database binding on appcontext push failed: The current Flask app is not registered with this 'SQLAlchemy' instance. Did you forget to call 'init_app', or did you create multiple 'SQLAlchemy' instances?
2025-09-17 07:42:28,505 - ERROR - n/a - new_structure - GET /classteacher/subject_report/2/2/1/1/1 - Database binding on appcontext push failed: The current Flask app is not registered with this 'SQLAlchemy' instance. Did you forget to call 'init_app', or did you create multiple 'SQLAlchemy' instances?
2025-09-17 07:42:28,506 - ERROR - n/a - new_structure - GET /classteacher/subject_report/2/2/1/1/1 - Database binding on appcontext push failed: The current Flask app is not registered with this 'SQLAlchemy' instance. Did you forget to call 'init_app', or did you create multiple 'SQLAlchemy' instances?
2025-09-17 07:42:28,507 - ERROR - n/a - new_structure - GET /classteacher/subject_report/2/2/1/1/1 - Database binding on appcontext push failed: The current Flask app is not registered with this 'SQLAlchemy' instance. Did you forget to call 'init_app', or did you create multiple 'SQLAlchemy' instances?
2025-09-17 07:42:28,509 - ERROR - n/a - new_structure - GET /classteacher/subject_report/2/2/1/1/1 - Database binding on appcontext push failed: The current Flask app is not registered with this 'SQLAlchemy' instance. Did you forget to call 'init_app', or did you create multiple 'SQLAlchemy' instances?
2025-09-17 07:42:28,511 - ERROR - n/a - new_structure - GET /classteacher/subject_report/2/2/1/1/1 - Database binding on appcontext push failed: The current Flask app is not registered with this 'SQLAlchemy' instance. Did you forget to call 'init_app', or did you create multiple 'SQLAlchemy' instances?
2025-09-17 07:42:28,517 - ERROR - n/a - new_structure - GET /classteacher/subject_report/2/2/1/1/1 - Database binding on appcontext push failed: The current Flask app is not registered with this 'SQLAlchemy' instance. Did you forget to call 'init_app', or did you create multiple 'SQLAlchemy' instances?
2025-09-17 07:42:28,518 - ERROR - n/a - new_structure - GET /classteacher/subject_report/2/2/1/1/1 - Database binding on appcontext push failed: The current Flask app is not registered with this 'SQLAlchemy' instance. Did you forget to call 'init_app', or did you create multiple 'SQLAlchemy' instances?
2025-09-17 07:42:28,519 - ERROR - n/a - new_structure - GET /classteacher/subject_report/2/2/1/1/1 - Database binding on appcontext push failed: The current Flask app is not registered with this 'SQLAlchemy' instance. Did you forget to call 'init_app', or did you create multiple 'SQLAlchemy' instances?
2025-09-17 07:42:28,519 - ERROR - n/a - new_structure - GET /classteacher/subject_report/2/2/1/1/1 - Database binding on appcontext push failed: The current Flask app is not registered with this 'SQLAlchemy' instance. Did you forget to call 'init_app', or did you create multiple 'SQLAlchemy' instances?
2025-09-17 07:42:28,520 - ERROR - n/a - new_structure - GET /classteacher/subject_report/2/2/1/1/1 - Database binding on appcontext push failed: The current Flask app is not registered with this 'SQLAlchemy' instance. Did you forget to call 'init_app', or did you create multiple 'SQLAlchemy' instances?
2025-09-17 07:42:28,521 - ERROR - n/a - new_structure - GET /classteacher/subject_report/2/2/1/1/1 - Database binding on appcontext push failed: The current Flask app is not registered with this 'SQLAlchemy' instance. Did you forget to call 'init_app', or did you create multiple 'SQLAlchemy' instances?
2025-09-17 07:42:28,523 - ERROR - n/a - new_structure - GET /classteacher/subject_report/2/2/1/1/1 - Database binding on appcontext push failed: The current Flask app is not registered with this 'SQLAlchemy' instance. Did you forget to call 'init_app', or did you create multiple 'SQLAlchemy' instances?
2025-09-17 07:42:28,525 - ERROR - n/a - new_structure - GET /classteacher/subject_report/2/2/1/1/1 - Database binding on appcontext push failed: The current Flask app is not registered with this 'SQLAlchemy' instance. Did you forget to call 'init_app', or did you create multiple 'SQLAlchemy' instances?
2025-09-17 07:42:28,526 - ERROR - n/a - new_structure - GET /classteacher/subject_report/2/2/1/1/1 - Database binding on appcontext push failed: The current Flask app is not registered with this 'SQLAlchemy' instance. Did you forget to call 'init_app', or did you create multiple 'SQLAlchemy' instances?
2025-09-17 07:42:28,528 - ERROR - n/a - new_structure - GET /classteacher/subject_report/2/2/1/1/1 - Database binding on appcontext push failed: The current Flask app is not registered with this 'SQLAlchemy' instance. Did you forget to call 'init_app', or did you create multiple 'SQLAlchemy' instances?
2025-09-17 07:42:28,529 - ERROR - n/a - new_structure - GET /classteacher/subject_report/2/2/1/1/1 - Database binding on appcontext push failed: The current Flask app is not registered with this 'SQLAlchemy' instance. Did you forget to call 'init_app', or did you create multiple 'SQLAlchemy' instances?
2025-09-17 07:42:28,530 - ERROR - n/a - new_structure - GET /classteacher/subject_report/2/2/1/1/1 - Database binding on appcontext push failed: The current Flask app is not registered with this 'SQLAlchemy' instance. Did you forget to call 'init_app', or did you create multiple 'SQLAlchemy' instances?
2025-09-17 07:42:28,532 - ERROR - n/a - new_structure - GET /classteacher/subject_report/2/2/1/1/1 - Database binding on appcontext push failed: The current Flask app is not registered with this 'SQLAlchemy' instance. Did you forget to call 'init_app', or did you create multiple 'SQLAlchemy' instances?
2025-09-17 07:42:28,533 - ERROR - n/a - new_structure - GET /classteacher/subject_report/2/2/1/1/1 - Database binding on appcontext push failed: The current Flask app is not registered with this 'SQLAlchemy' instance. Did you forget to call 'init_app', or did you create multiple 'SQLAlchemy' instances?
2025-09-17 07:42:28,534 - ERROR - n/a - new_structure - GET /classteacher/subject_report/2/2/1/1/1 - Database binding on appcontext push failed: The current Flask app is not registered with this 'SQLAlchemy' instance. Did you forget to call 'init_app', or did you create multiple 'SQLAlchemy' instances?
2025-09-17 07:42:28,535 - ERROR - n/a - new_structure - GET /classteacher/subject_report/2/2/1/1/1 - Database binding on appcontext push failed: The current Flask app is not registered with this 'SQLAlchemy' instance. Did you forget to call 'init_app', or did you create multiple 'SQLAlchemy' instances?
2025-09-17 07:42:28,536 - ERROR - n/a - new_structure - GET /classteacher/subject_report/2/2/1/1/1 - Database binding on appcontext push failed: The current Flask app is not registered with this 'SQLAlchemy' instance. Did you forget to call 'init_app', or did you create multiple 'SQLAlchemy' instances?
2025-09-17 07:42:28,538 - ERROR - n/a - new_structure - GET /classteacher/subject_report/2/2/1/1/1 - Database binding on appcontext push failed: The current Flask app is not registered with this 'SQLAlchemy' instance. Did you forget to call 'init_app', or did you create multiple 'SQLAlchemy' instances?
2025-09-17 07:42:28,539 - ERROR - n/a - new_structure - GET /classteacher/subject_report/2/2/1/1/1 - Database binding on appcontext push failed: The current Flask app is not registered with this 'SQLAlchemy' instance. Did you forget to call 'init_app', or did you create multiple 'SQLAlchemy' instances?
2025-09-17 07:42:28,540 - ERROR - n/a - new_structure - GET /classteacher/subject_report/2/2/1/1/1 - Database binding on appcontext push failed: The current Flask app is not registered with this 'SQLAlchemy' instance. Did you forget to call 'init_app', or did you create multiple 'SQLAlchemy' instances?
2025-09-17 07:42:28,541 - ERROR - n/a - new_structure - GET /classteacher/subject_report/2/2/1/1/1 - Database binding on appcontext push failed: The current Flask app is not registered with this 'SQLAlchemy' instance. Did you forget to call 'init_app', or did you create multiple 'SQLAlchemy' instances?
2025-09-17 07:42:28,542 - ERROR - n/a - new_structure - GET /classteacher/subject_report/2/2/1/1/1 - Database binding on appcontext push failed: The current Flask app is not registered with this 'SQLAlchemy' instance. Did you forget to call 'init_app', or did you create multiple 'SQLAlchemy' instances?
2025-09-17 07:42:28,545 - ERROR - n/a - new_structure - GET /classteacher/subject_report/2/2/1/1/1 - Database binding on appcontext push failed: The current Flask app is not registered with this 'SQLAlchemy' instance. Did you forget to call 'init_app', or did you create multiple 'SQLAlchemy' instances?
2025-09-17 07:42:28,546 - ERROR - n/a - new_structure - GET /classteacher/subject_report/2/2/1/1/1 - Database binding on appcontext push failed: The current Flask app is not registered with this 'SQLAlchemy' instance. Did you forget to call 'init_app', or did you create multiple 'SQLAlchemy' instances?
2025-09-17 07:42:28,548 - ERROR - n/a - new_structure - GET /classteacher/subject_report/2/2/1/1/1 - Database binding on appcontext push failed: The current Flask app is not registered with this 'SQLAlchemy' instance. Did you forget to call 'init_app', or did you create multiple 'SQLAlchemy' instances?
2025-09-17 07:42:28,549 - ERROR - n/a - new_structure - GET /classteacher/subject_report/2/2/1/1/1 - Database binding on appcontext push failed: The current Flask app is not registered with this 'SQLAlchemy' instance. Did you forget to call 'init_app', or did you create multiple 'SQLAlchemy' instances?
2025-09-17 07:42:28,555 - INFO - f31b30f836024b408da24cb6a7b44edd - new_structure - GET /classteacher/subject_report/2/2/1/1/1 - subject_report.render
2025-09-17 07:42:28,557 - INFO - f31b30f836024b408da24cb6a7b44edd - new_structure - GET /classteacher/subject_report/2/2/1/1/1 - {'event': 'report.subject.view:success', 'correlation_id': '6f827564-a0c4-483b-a284-66a13087ac7c', 'ip': '127.0.0.1', 'method': 'GET', 'path': '/classteacher/subject_report/2/2/1/1/1', 'role': 'headteacher', 'teacher_id': 1, 'status': 200}
2025-09-17 07:42:28,566 - ERROR - n/a - new_structure -   - Database binding on appcontext push failed: The current Flask app is not registered with this 'SQLAlchemy' instance. Did you forget to call 'init_app', or did you create multiple 'SQLAlchemy' instances?
2025-09-17 07:42:28,567 - ERROR - n/a - new_structure -   - Database binding on appcontext push failed: The current Flask app is not registered with this 'SQLAlchemy' instance. Did you forget to call 'init_app', or did you create multiple 'SQLAlchemy' instances?
2025-09-17 07:42:28,569 - ERROR - n/a - new_structure - GET / - Database binding on appcontext push failed: The current Flask app is not registered with this 'SQLAlchemy' instance. Did you forget to call 'init_app', or did you create multiple 'SQLAlchemy' instances?
2025-09-17 07:42:28,570 - ERROR - n/a - new_structure - GET / - Database binding on appcontext push failed: The current Flask app is not registered with this 'SQLAlchemy' instance. Did you forget to call 'init_app', or did you create multiple 'SQLAlchemy' instances?
2025-09-17 07:42:28,572 - ERROR - n/a - new_structure - GET / - Database binding on appcontext push failed: The current Flask app is not registered with this 'SQLAlchemy' instance. Did you forget to call 'init_app', or did you create multiple 'SQLAlchemy' instances?
2025-09-17 07:42:28,572 - ERROR - n/a - new_structure - GET / - Database binding on appcontext push failed: The current Flask app is not registered with this 'SQLAlchemy' instance. Did you forget to call 'init_app', or did you create multiple 'SQLAlchemy' instances?
2025-09-17 07:42:28,574 - ERROR - n/a - new_structure - GET / - Database binding on appcontext push failed: The current Flask app is not registered with this 'SQLAlchemy' instance. Did you forget to call 'init_app', or did you create multiple 'SQLAlchemy' instances?
2025-09-17 07:42:28,575 - ERROR - n/a - new_structure - GET / - Database binding on appcontext push failed: The current Flask app is not registered with this 'SQLAlchemy' instance. Did you forget to call 'init_app', or did you create multiple 'SQLAlchemy' instances?
2025-09-17 07:42:28,578 - ERROR - n/a - new_structure - GET / - Database binding on appcontext push failed: The current Flask app is not registered with this 'SQLAlchemy' instance. Did you forget to call 'init_app', or did you create multiple 'SQLAlchemy' instances?
2025-09-17 07:42:28,579 - ERROR - n/a - new_structure - GET / - Database binding on appcontext push failed: The current Flask app is not registered with this 'SQLAlchemy' instance. Did you forget to call 'init_app', or did you create multiple 'SQLAlchemy' instances?
2025-09-17 07:42:28,602 - ERROR - n/a - new_structure - GET / - Database binding on appcontext push failed: The current Flask app is not registered with this 'SQLAlchemy' instance. Did you forget to call 'init_app', or did you create multiple 'SQLAlchemy' instances?
2025-09-17 07:42:28,603 - ERROR - n/a - new_structure - GET / - Database binding on appcontext push failed: The current Flask app is not registered with this 'SQLAlchemy' instance. Did you forget to call 'init_app', or did you create multiple 'SQLAlchemy' instances?
2025-09-17 07:42:28,608 - ERROR - n/a - new_structure - GET / - Database binding on appcontext push failed: The current Flask app is not registered with this 'SQLAlchemy' instance. Did you forget to call 'init_app', or did you create multiple 'SQLAlchemy' instances?
2025-09-17 07:42:28,610 - ERROR - n/a - new_structure - GET / - Database binding on appcontext push failed: The current Flask app is not registered with this 'SQLAlchemy' instance. Did you forget to call 'init_app', or did you create multiple 'SQLAlchemy' instances?
2025-09-17 07:42:28,625 - ERROR - n/a - new_structure - GET /classteacher/subject_report/2/2/1/1/1 - Database binding on appcontext push failed: The current Flask app is not registered with this 'SQLAlchemy' instance. Did you forget to call 'init_app', or did you create multiple 'SQLAlchemy' instances?
2025-09-17 07:42:28,627 - ERROR - n/a - new_structure - GET /classteacher/subject_report/2/2/1/1/1 - Database binding on appcontext push failed: The current Flask app is not registered with this 'SQLAlchemy' instance. Did you forget to call 'init_app', or did you create multiple 'SQLAlchemy' instances?
2025-09-17 07:42:28,629 - ERROR - n/a - new_structure - GET /classteacher/subject_report/2/2/1/1/1 - Database binding on appcontext push failed: The current Flask app is not registered with this 'SQLAlchemy' instance. Did you forget to call 'init_app', or did you create multiple 'SQLAlchemy' instances?
2025-09-17 07:42:28,630 - ERROR - n/a - new_structure - GET /classteacher/subject_report/2/2/1/1/1 - Database binding on appcontext push failed: The current Flask app is not registered with this 'SQLAlchemy' instance. Did you forget to call 'init_app', or did you create multiple 'SQLAlchemy' instances?
2025-09-17 07:42:28,631 - ERROR - n/a - new_structure - GET /classteacher/subject_report/2/2/1/1/1 - Database binding on appcontext push failed: The current Flask app is not registered with this 'SQLAlchemy' instance. Did you forget to call 'init_app', or did you create multiple 'SQLAlchemy' instances?
2025-09-17 07:42:28,632 - ERROR - n/a - new_structure - GET /classteacher/subject_report/2/2/1/1/1 - Database binding on appcontext push failed: The current Flask app is not registered with this 'SQLAlchemy' instance. Did you forget to call 'init_app', or did you create multiple 'SQLAlchemy' instances?
2025-09-17 07:42:28,632 - ERROR - n/a - new_structure - GET /classteacher/subject_report/2/2/1/1/1 - Database binding on appcontext push failed: The current Flask app is not registered with this 'SQLAlchemy' instance. Did you forget to call 'init_app', or did you create multiple 'SQLAlchemy' instances?
2025-09-17 07:42:28,633 - ERROR - n/a - new_structure - GET /classteacher/subject_report/2/2/1/1/1 - Database binding on appcontext push failed: The current Flask app is not registered with this 'SQLAlchemy' instance. Did you forget to call 'init_app', or did you create multiple 'SQLAlchemy' instances?
2025-09-17 07:42:28,634 - ERROR - n/a - new_structure - GET /classteacher/subject_report/2/2/1/1/1 - Database binding on appcontext push failed: The current Flask app is not registered with this 'SQLAlchemy' instance. Did you forget to call 'init_app', or did you create multiple 'SQLAlchemy' instances?
2025-09-17 07:42:28,635 - ERROR - n/a - new_structure - GET /classteacher/subject_report/2/2/1/1/1 - Database binding on appcontext push failed: The current Flask app is not registered with this 'SQLAlchemy' instance. Did you forget to call 'init_app', or did you create multiple 'SQLAlchemy' instances?
2025-09-17 07:42:28,637 - ERROR - n/a - new_structure - GET /classteacher/subject_report/2/2/1/1/1 - Database binding on appcontext push failed: The current Flask app is not registered with this 'SQLAlchemy' instance. Did you forget to call 'init_app', or did you create multiple 'SQLAlchemy' instances?
2025-09-17 07:42:28,638 - ERROR - n/a - new_structure - GET /classteacher/subject_report/2/2/1/1/1 - Database binding on appcontext push failed: The current Flask app is not registered with this 'SQLAlchemy' instance. Did you forget to call 'init_app', or did you create multiple 'SQLAlchemy' instances?
2025-09-17 07:42:28,639 - ERROR - n/a - new_structure - GET /classteacher/subject_report/2/2/1/1/1 - Database binding on appcontext push failed: The current Flask app is not registered with this 'SQLAlchemy' instance. Did you forget to call 'init_app', or did you create multiple 'SQLAlchemy' instances?
2025-09-17 07:42:28,640 - ERROR - n/a - new_structure - GET /classteacher/subject_report/2/2/1/1/1 - Database binding on appcontext push failed: The current Flask app is not registered with this 'SQLAlchemy' instance. Did you forget to call 'init_app', or did you create multiple 'SQLAlchemy' instances?
2025-09-17 07:42:28,640 - ERROR - n/a - new_structure - GET /classteacher/subject_report/2/2/1/1/1 - Database binding on appcontext push failed: The current Flask app is not registered with this 'SQLAlchemy' instance. Did you forget to call 'init_app', or did you create multiple 'SQLAlchemy' instances?
2025-09-17 07:42:28,641 - ERROR - n/a - new_structure - GET /classteacher/subject_report/2/2/1/1/1 - Database binding on appcontext push failed: The current Flask app is not registered with this 'SQLAlchemy' instance. Did you forget to call 'init_app', or did you create multiple 'SQLAlchemy' instances?
2025-09-17 07:42:28,642 - ERROR - n/a - new_structure - GET /classteacher/subject_report/2/2/1/1/1 - Database binding on appcontext push failed: The current Flask app is not registered with this 'SQLAlchemy' instance. Did you forget to call 'init_app', or did you create multiple 'SQLAlchemy' instances?
2025-09-17 07:42:28,643 - ERROR - n/a - new_structure - GET /classteacher/subject_report/2/2/1/1/1 - Database binding on appcontext push failed: The current Flask app is not registered with this 'SQLAlchemy' instance. Did you forget to call 'init_app', or did you create multiple 'SQLAlchemy' instances?
2025-09-17 07:42:28,644 - ERROR - n/a - new_structure - GET /classteacher/subject_report/2/2/1/1/1 - Database binding on appcontext push failed: The current Flask app is not registered with this 'SQLAlchemy' instance. Did you forget to call 'init_app', or did you create multiple 'SQLAlchemy' instances?
2025-09-17 07:42:28,645 - ERROR - n/a - new_structure - GET /classteacher/subject_report/2/2/1/1/1 - Database binding on appcontext push failed: The current Flask app is not registered with this 'SQLAlchemy' instance. Did you forget to call 'init_app', or did you create multiple 'SQLAlchemy' instances?
2025-09-17 07:42:28,646 - ERROR - n/a - new_structure - GET /classteacher/subject_report/2/2/1/1/1 - Database binding on appcontext push failed: The current Flask app is not registered with this 'SQLAlchemy' instance. Did you forget to call 'init_app', or did you create multiple 'SQLAlchemy' instances?
2025-09-17 07:42:28,647 - ERROR - n/a - new_structure - GET /classteacher/subject_report/2/2/1/1/1 - Database binding on appcontext push failed: The current Flask app is not registered with this 'SQLAlchemy' instance. Did you forget to call 'init_app', or did you create multiple 'SQLAlchemy' instances?
2025-09-17 07:42:28,648 - ERROR - n/a - new_structure - GET /classteacher/subject_report/2/2/1/1/1 - Database binding on appcontext push failed: The current Flask app is not registered with this 'SQLAlchemy' instance. Did you forget to call 'init_app', or did you create multiple 'SQLAlchemy' instances?
2025-09-17 07:42:28,650 - ERROR - n/a - new_structure - GET /classteacher/subject_report/2/2/1/1/1 - Database binding on appcontext push failed: The current Flask app is not registered with this 'SQLAlchemy' instance. Did you forget to call 'init_app', or did you create multiple 'SQLAlchemy' instances?
2025-09-17 07:42:28,652 - ERROR - n/a - new_structure - GET /classteacher/subject_report/2/2/1/1/1 - Database binding on appcontext push failed: The current Flask app is not registered with this 'SQLAlchemy' instance. Did you forget to call 'init_app', or did you create multiple 'SQLAlchemy' instances?
2025-09-17 07:42:28,653 - ERROR - n/a - new_structure - GET /classteacher/subject_report/2/2/1/1/1 - Database binding on appcontext push failed: The current Flask app is not registered with this 'SQLAlchemy' instance. Did you forget to call 'init_app', or did you create multiple 'SQLAlchemy' instances?
2025-09-17 07:42:28,659 - ERROR - n/a - new_structure - GET /classteacher/subject_report/2/2/1/1/1 - Database binding on appcontext push failed: The current Flask app is not registered with this 'SQLAlchemy' instance. Did you forget to call 'init_app', or did you create multiple 'SQLAlchemy' instances?
2025-09-17 07:42:28,660 - ERROR - n/a - new_structure - GET /classteacher/subject_report/2/2/1/1/1 - Database binding on appcontext push failed: The current Flask app is not registered with this 'SQLAlchemy' instance. Did you forget to call 'init_app', or did you create multiple 'SQLAlchemy' instances?
2025-09-17 07:42:28,660 - ERROR - n/a - new_structure - GET /classteacher/subject_report/2/2/1/1/1 - Database binding on appcontext push failed: The current Flask app is not registered with this 'SQLAlchemy' instance. Did you forget to call 'init_app', or did you create multiple 'SQLAlchemy' instances?
2025-09-17 07:42:28,661 - ERROR - n/a - new_structure - GET /classteacher/subject_report/2/2/1/1/1 - Database binding on appcontext push failed: The current Flask app is not registered with this 'SQLAlchemy' instance. Did you forget to call 'init_app', or did you create multiple 'SQLAlchemy' instances?
2025-09-17 07:42:28,662 - ERROR - n/a - new_structure - GET /classteacher/subject_report/2/2/1/1/1 - Database binding on appcontext push failed: The current Flask app is not registered with this 'SQLAlchemy' instance. Did you forget to call 'init_app', or did you create multiple 'SQLAlchemy' instances?
2025-09-17 07:42:28,663 - ERROR - n/a - new_structure - GET /classteacher/subject_report/2/2/1/1/1 - Database binding on appcontext push failed: The current Flask app is not registered with this 'SQLAlchemy' instance. Did you forget to call 'init_app', or did you create multiple 'SQLAlchemy' instances?
2025-09-17 07:42:28,664 - ERROR - n/a - new_structure - GET /classteacher/subject_report/2/2/1/1/1 - Database binding on appcontext push failed: The current Flask app is not registered with this 'SQLAlchemy' instance. Did you forget to call 'init_app', or did you create multiple 'SQLAlchemy' instances?
2025-09-17 07:42:28,665 - ERROR - n/a - new_structure - GET /classteacher/subject_report/2/2/1/1/1 - Database binding on appcontext push failed: The current Flask app is not registered with this 'SQLAlchemy' instance. Did you forget to call 'init_app', or did you create multiple 'SQLAlchemy' instances?
2025-09-17 07:42:28,666 - ERROR - n/a - new_structure - GET /classteacher/subject_report/2/2/1/1/1 - Database binding on appcontext push failed: The current Flask app is not registered with this 'SQLAlchemy' instance. Did you forget to call 'init_app', or did you create multiple 'SQLAlchemy' instances?
2025-09-17 07:42:28,667 - ERROR - n/a - new_structure - GET /classteacher/subject_report/2/2/1/1/1 - Database binding on appcontext push failed: The current Flask app is not registered with this 'SQLAlchemy' instance. Did you forget to call 'init_app', or did you create multiple 'SQLAlchemy' instances?
2025-09-17 07:42:28,667 - ERROR - n/a - new_structure - GET /classteacher/subject_report/2/2/1/1/1 - Database binding on appcontext push failed: The current Flask app is not registered with this 'SQLAlchemy' instance. Did you forget to call 'init_app', or did you create multiple 'SQLAlchemy' instances?
2025-09-17 07:42:28,669 - ERROR - n/a - new_structure - GET /classteacher/subject_report/2/2/1/1/1 - Database binding on appcontext push failed: The current Flask app is not registered with this 'SQLAlchemy' instance. Did you forget to call 'init_app', or did you create multiple 'SQLAlchemy' instances?
2025-09-17 07:42:28,671 - ERROR - n/a - new_structure - GET /classteacher/subject_report/2/2/1/1/1 - Database binding on appcontext push failed: The current Flask app is not registered with this 'SQLAlchemy' instance. Did you forget to call 'init_app', or did you create multiple 'SQLAlchemy' instances?
2025-09-17 07:42:28,672 - ERROR - n/a - new_structure - GET /classteacher/subject_report/2/2/1/1/1 - Database binding on appcontext push failed: The current Flask app is not registered with this 'SQLAlchemy' instance. Did you forget to call 'init_app', or did you create multiple 'SQLAlchemy' instances?
2025-09-17 07:42:28,673 - ERROR - n/a - new_structure - GET /classteacher/subject_report/2/2/1/1/1 - Database binding on appcontext push failed: The current Flask app is not registered with this 'SQLAlchemy' instance. Did you forget to call 'init_app', or did you create multiple 'SQLAlchemy' instances?
2025-09-17 07:42:28,674 - ERROR - n/a - new_structure - GET /classteacher/subject_report/2/2/1/1/1 - Database binding on appcontext push failed: The current Flask app is not registered with this 'SQLAlchemy' instance. Did you forget to call 'init_app', or did you create multiple 'SQLAlchemy' instances?
2025-09-17 07:42:28,675 - ERROR - n/a - new_structure - GET /classteacher/subject_report/2/2/1/1/1 - Database binding on appcontext push failed: The current Flask app is not registered with this 'SQLAlchemy' instance. Did you forget to call 'init_app', or did you create multiple 'SQLAlchemy' instances?
2025-09-17 07:42:28,676 - ERROR - n/a - new_structure - GET /classteacher/subject_report/2/2/1/1/1 - Database binding on appcontext push failed: The current Flask app is not registered with this 'SQLAlchemy' instance. Did you forget to call 'init_app', or did you create multiple 'SQLAlchemy' instances?
2025-09-17 07:42:28,677 - ERROR - n/a - new_structure - GET /classteacher/subject_report/2/2/1/1/1 - Database binding on appcontext push failed: The current Flask app is not registered with this 'SQLAlchemy' instance. Did you forget to call 'init_app', or did you create multiple 'SQLAlchemy' instances?
2025-09-17 07:42:28,678 - ERROR - n/a - new_structure - GET /classteacher/subject_report/2/2/1/1/1 - Database binding on appcontext push failed: The current Flask app is not registered with this 'SQLAlchemy' instance. Did you forget to call 'init_app', or did you create multiple 'SQLAlchemy' instances?
2025-09-17 07:42:28,679 - ERROR - n/a - new_structure - GET /classteacher/subject_report/2/2/1/1/1 - Database binding on appcontext push failed: The current Flask app is not registered with this 'SQLAlchemy' instance. Did you forget to call 'init_app', or did you create multiple 'SQLAlchemy' instances?
2025-09-17 07:42:28,679 - ERROR - n/a - new_structure - GET /classteacher/subject_report/2/2/1/1/1 - Database binding on appcontext push failed: The current Flask app is not registered with this 'SQLAlchemy' instance. Did you forget to call 'init_app', or did you create multiple 'SQLAlchemy' instances?
2025-09-17 07:42:28,680 - ERROR - n/a - new_structure - GET /classteacher/subject_report/2/2/1/1/1 - Database binding on appcontext push failed: The current Flask app is not registered with this 'SQLAlchemy' instance. Did you forget to call 'init_app', or did you create multiple 'SQLAlchemy' instances?
2025-09-17 07:42:28,682 - ERROR - n/a - new_structure - GET /classteacher/subject_report/2/2/1/1/1 - Database binding on appcontext push failed: The current Flask app is not registered with this 'SQLAlchemy' instance. Did you forget to call 'init_app', or did you create multiple 'SQLAlchemy' instances?
2025-09-17 07:42:28,683 - ERROR - n/a - new_structure - GET /classteacher/subject_report/2/2/1/1/1 - Database binding on appcontext push failed: The current Flask app is not registered with this 'SQLAlchemy' instance. Did you forget to call 'init_app', or did you create multiple 'SQLAlchemy' instances?
2025-09-17 07:42:28,685 - ERROR - n/a - new_structure - GET /classteacher/subject_report/2/2/1/1/1 - Database binding on appcontext push failed: The current Flask app is not registered with this 'SQLAlchemy' instance. Did you forget to call 'init_app', or did you create multiple 'SQLAlchemy' instances?
2025-09-17 07:42:28,690 - INFO - 3c1e31263bf54039b5a5926a0f9f010d - new_structure - GET /classteacher/subject_report/2/2/1/1/1 - subject_report.render
2025-09-17 07:42:28,692 - INFO - 3c1e31263bf54039b5a5926a0f9f010d - new_structure - GET /classteacher/subject_report/2/2/1/1/1 - {'event': 'report.subject.view:success', 'correlation_id': '71d62b05-6ff6-4862-afe5-9fe9d67e082a', 'ip': '127.0.0.1', 'method': 'GET', 'path': '/classteacher/subject_report/2/2/1/1/1', 'role': 'classteacher', 'teacher_id': 9, 'status': 200}
2025-09-17 07:42:28,701 - INFO - n/a - new_structure -   - Generated strong development SECRET_KEY (persisted).
2025-09-17 07:50:23,913 - WARNING - n/a - new_structure - GET / - Overriding configured redis RATELIMIT_STORAGE_URL with memory:// due to earlier fallback
2025-09-17 07:50:23,916 - WARNING - n/a - new_structure - GET / - Limiter initialization failed; continuing without limits: In-memory rate limiting backend is not allowed in production. Set RATE_LIMIT_STORAGE_URI to a Redis URI or ALLOW_IN_MEMORY_LIMITS=1 for a temporary override.
2025-09-17 07:50:23,940 - INFO - n/a - new_structure.utils.database_init - GET / - ? Starting database initialization (MySQL mode)
2025-09-17 07:50:23,985 - INFO - n/a - new_structure.utils.database_init - GET / - ? Tables ensured (SQLAlchemy metadata create_all)
2025-09-17 07:50:29,945 - INFO - n/a - new_structure.utils.database_init - GET / - ? Default users added
2025-09-17 07:50:29,956 - INFO - n/a - new_structure.utils.database_init - GET / - ?? Academic structure seeded
2025-09-17 07:50:29,958 - INFO - n/a - new_structure.utils.database_init - GET / - ? Subjects seeded
2025-09-17 07:50:29,958 - INFO - n/a - new_structure.utils.database_init - GET / - ? School configuration created
2025-09-17 07:50:29,973 - INFO - n/a - new_structure.utils.database_init - GET / - ? Default data seeded successfully
2025-09-17 07:50:30,379 - INFO - n/a - mark_validation - GET / - Mark sanitizer middleware initialized
2025-09-17 07:50:30,380 - WARNING - n/a - root - GET / - SECURITY VALIDATION: In-memory rate limit storage in production
2025-09-17 07:50:30,381 - WARNING - n/a - root - GET / - Security validation completed with issues: 1
2025-09-17 07:50:30,384 - WARNING - n/a - new_structure - GET / - Proceeding with in-memory rate limiter under allowed test override (ephemeral sqlite).
2025-09-17 07:51:06,036 - WARNING - n/a - new_structure - GET / - Overriding configured redis RATELIMIT_STORAGE_URL with memory:// due to earlier fallback
2025-09-17 07:51:06,039 - WARNING - n/a - new_structure - GET / - Limiter initialization failed; continuing without limits: In-memory rate limiting backend is not allowed in production. Set RATE_LIMIT_STORAGE_URI to a Redis URI or ALLOW_IN_MEMORY_LIMITS=1 for a temporary override.
2025-09-17 07:51:06,061 - INFO - n/a - new_structure.utils.database_init - GET / - ? Starting database initialization (MySQL mode)
2025-09-17 07:51:06,095 - INFO - n/a - new_structure.utils.database_init - GET / - ? Tables ensured (SQLAlchemy metadata create_all)
2025-09-17 07:51:11,236 - INFO - n/a - new_structure.utils.database_init - GET / - ? Default users added
2025-09-17 07:51:11,249 - INFO - n/a - new_structure.utils.database_init - GET / - ?? Academic structure seeded
2025-09-17 07:51:11,251 - INFO - n/a - new_structure.utils.database_init - GET / - ? Subjects seeded
2025-09-17 07:51:11,251 - INFO - n/a - new_structure.utils.database_init - GET / - ? School configuration created
2025-09-17 07:51:11,275 - INFO - n/a - new_structure.utils.database_init - GET / - ? Default data seeded successfully
2025-09-17 07:51:11,578 - INFO - n/a - mark_validation - GET / - Mark sanitizer middleware initialized
2025-09-17 07:51:11,582 - WARNING - n/a - root - GET / - SECURITY VALIDATION: In-memory rate limit storage in production
2025-09-17 07:51:11,582 - WARNING - n/a - root - GET / - Security validation completed with issues: 1
2025-09-17 07:51:11,585 - WARNING - n/a - new_structure - GET / - Proceeding with in-memory rate limiter under allowed test override (ephemeral sqlite).
2025-09-17 07:52:18,339 - INFO - n/a - new_structure - GET / - Rate limiter storage active: memory://
2025-09-17 07:52:18,803 - INFO - n/a - mark_validation - GET / - Mark sanitizer middleware initialized
2025-09-17 07:52:19,639 - WARNING - n/a - new_structure - GET / - Overriding configured redis RATELIMIT_STORAGE_URL with memory:// due to earlier fallback
2025-09-17 07:52:19,639 - WARNING - n/a - new_structure - GET / - Overriding configured redis RATELIMIT_STORAGE_URL with memory:// due to earlier fallback
2025-09-17 07:52:19,645 - WARNING - n/a - new_structure - GET / - Limiter initialization failed; continuing without limits: In-memory rate limiting backend is not allowed in production. Set RATE_LIMIT_STORAGE_URI to a Redis URI or ALLOW_IN_MEMORY_LIMITS=1 for a temporary override.
2025-09-17 07:52:19,645 - WARNING - n/a - new_structure - GET / - Limiter initialization failed; continuing without limits: In-memory rate limiting backend is not allowed in production. Set RATE_LIMIT_STORAGE_URI to a Redis URI or ALLOW_IN_MEMORY_LIMITS=1 for a temporary override.
2025-09-17 07:52:20,991 - INFO - n/a - mark_validation - GET / - Mark sanitizer middleware initialized
2025-09-17 07:52:20,991 - INFO - n/a - mark_validation - GET / - Mark sanitizer middleware initialized
2025-09-17 07:52:20,993 - WARNING - n/a - root - GET / - SECURITY VALIDATION: In-memory rate limit storage in production
2025-09-17 07:52:20,993 - WARNING - n/a - root - GET / - SECURITY VALIDATION: In-memory rate limit storage in production
2025-09-17 07:52:20,994 - WARNING - n/a - root - GET / - Security validation completed with issues: 1
2025-09-17 07:52:20,994 - WARNING - n/a - root - GET / - Security validation completed with issues: 1
2025-09-17 07:52:21,346 - WARNING - n/a - new_structure - GET / - Overriding configured redis RATELIMIT_STORAGE_URL with memory:// due to earlier fallback
2025-09-17 07:52:21,346 - WARNING - n/a - new_structure - GET / - Overriding configured redis RATELIMIT_STORAGE_URL with memory:// due to earlier fallback
2025-09-17 07:52:21,346 - WARNING - n/a - new_structure - GET / - Overriding configured redis RATELIMIT_STORAGE_URL with memory:// due to earlier fallback
2025-09-17 07:52:21,352 - INFO - n/a - new_structure - GET / - Rate limiter storage active: memory://
2025-09-17 07:52:21,352 - INFO - n/a - new_structure - GET / - Rate limiter storage active: memory://
2025-09-17 07:52:21,352 - INFO - n/a - new_structure - GET / - Rate limiter storage active: memory://
2025-09-17 07:52:22,236 - INFO - n/a - mark_validation - GET / - Mark sanitizer middleware initialized
2025-09-17 07:52:22,236 - INFO - n/a - mark_validation - GET / - Mark sanitizer middleware initialized
2025-09-17 07:52:22,236 - INFO - n/a - mark_validation - GET / - Mark sanitizer middleware initialized
2025-09-17 07:52:22,256 - INFO - n/a - new_structure -   - Generated strong development SECRET_KEY (persisted).
2025-09-17 07:52:22,256 - INFO - n/a - new_structure -   - Generated strong development SECRET_KEY (persisted).
2025-09-17 07:52:22,256 - INFO - n/a - new_structure -   - Generated strong development SECRET_KEY (persisted).
2025-09-17 07:52:28,018 - INFO - n/a - new_structure - GET / - Rate limiter storage active: memory://
2025-09-17 07:52:28,020 - INFO - n/a - new_structure.utils.database_init - GET / - ? Starting database initialization (MySQL mode)
2025-09-17 07:52:28,021 - ERROR - n/a - new_structure.utils.database_init - GET / - Error creating tables: The current Flask app is not registered with this 'SQLAlchemy' instance. Did you forget to call 'init_app', or did you create multiple 'SQLAlchemy' instances?
2025-09-17 07:52:28,487 - INFO - n/a - mark_validation - GET / - Mark sanitizer middleware initialized
2025-09-17 07:52:30,638 - WARNING - 2be2bccd661a40cab51e58975aaf4e08 - new_structure - GET /classteacher/subject_report/2/2/1/1/1 - subject_report.unauthorized_access
2025-09-17 07:52:30,639 - INFO - 2be2bccd661a40cab51e58975aaf4e08 - new_structure - GET /classteacher/subject_report/2/2/1/1/1 - {'event': 'report.subject.view:completed', 'correlation_id': 'ec3c4586-146b-429b-ba95-35d1f718caf0', 'ip': '127.0.0.1', 'method': 'GET', 'path': '/classteacher/subject_report/2/2/1/1/1', 'role': 'teacher', 'teacher_id': 8, 'status': 403}
2025-09-17 07:52:30,690 - INFO - 3abeb71d2c204e138beb588f11d1f092 - new_structure - GET /classteacher/subject_report/2/2/1/1/1 - subject_report.render
2025-09-17 07:52:30,692 - INFO - 3abeb71d2c204e138beb588f11d1f092 - new_structure - GET /classteacher/subject_report/2/2/1/1/1 - {'event': 'report.subject.view:success', 'correlation_id': 'ecb77be9-120a-4df4-a717-fbee9eb1cd57', 'ip': '127.0.0.1', 'method': 'GET', 'path': '/classteacher/subject_report/2/2/1/1/1', 'role': 'teacher', 'teacher_id': 7, 'status': 200}
2025-09-17 07:52:30,728 - WARNING - ee4ce04749b34426b2810243af977dce - new_structure - GET /classteacher/subject_report/2/2/1/999/1 - subject_report.invalid_parameters
2025-09-17 07:52:30,729 - INFO - ee4ce04749b34426b2810243af977dce - new_structure - GET /classteacher/subject_report/2/2/1/999/1 - {'event': 'report.subject.view:completed', 'correlation_id': '[REDACTED-PHONE]a677-4e87-9b4e-7f4b07f82126', 'ip': '127.0.0.1', 'method': 'GET', 'path': '/classteacher/subject_report/2/2/1/999/1', 'role': 'teacher', 'teacher_id': 7, 'status': 400}
2025-09-17 07:52:31,462 - INFO - 1b41b0acd6964e57a1d414c2865e40e8 - new_structure - GET /classteacher/subject_report/2/2/1/1/1 - subject_report.render
2025-09-17 07:52:31,464 - INFO - 1b41b0acd6964e57a1d414c2865e40e8 - new_structure - GET /classteacher/subject_report/2/2/1/1/1 - {'event': 'report.subject.view:success', 'correlation_id': '8cf5137d-[REDACTED-PHONE]a0c0-c7ed656e8600', 'ip': '127.0.0.1', 'method': 'GET', 'path': '/classteacher/subject_report/2/2/1/1/1', 'role': 'headteacher', 'teacher_id': 1, 'status': 200}
2025-09-17 07:52:31,511 - INFO - 522a30daab1648b1a2438f342f877dca - new_structure - GET /classteacher/subject_report/2/2/1/1/1 - subject_report.render
2025-09-17 07:52:31,513 - INFO - 522a30daab1648b1a2438f342f877dca - new_structure - GET /classteacher/subject_report/2/2/1/1/1 - {'event': 'report.subject.view:success', 'correlation_id': '767977fc-[REDACTED-PHONE]9fa4-79e24cc8c88a', 'ip': '127.0.0.1', 'method': 'GET', 'path': '/classteacher/subject_report/2/2/1/1/1', 'role': 'classteacher', 'teacher_id': 9, 'status': 200}
2025-09-17 07:52:31,521 - INFO - n/a - new_structure -   - Generated strong development SECRET_KEY (persisted).
2025-09-17 07:56:01,899 - WARNING - n/a - new_structure - GET / - Overriding configured redis RATELIMIT_STORAGE_URL with memory:// due to earlier fallback
2025-09-17 07:56:01,901 - WARNING - n/a - new_structure - GET / - Limiter initialization failed; continuing without limits: In-memory rate limiting backend is not allowed in production. Set RATE_LIMIT_STORAGE_URI to a Redis URI or ALLOW_IN_MEMORY_LIMITS=1 for a temporary override.
2025-09-17 07:56:01,923 - INFO - n/a - new_structure.utils.database_init - GET / - ? Starting database initialization (MySQL mode)
2025-09-17 07:56:01,957 - INFO - n/a - new_structure.utils.database_init - GET / - ? Tables ensured (SQLAlchemy metadata create_all)
2025-09-17 07:56:06,820 - INFO - n/a - new_structure.utils.database_init - GET / - ? Default users added
2025-09-17 07:56:06,830 - INFO - n/a - new_structure.utils.database_init - GET / - ?? Academic structure seeded
2025-09-17 07:56:06,832 - INFO - n/a - new_structure.utils.database_init - GET / - ? Subjects seeded
2025-09-17 07:56:06,832 - INFO - n/a - new_structure.utils.database_init - GET / - ? School configuration created
2025-09-17 07:56:06,847 - INFO - n/a - new_structure.utils.database_init - GET / - ? Default data seeded successfully
2025-09-17 07:56:07,155 - INFO - n/a - mark_validation - GET / - Mark sanitizer middleware initialized
2025-09-17 07:56:07,156 - WARNING - n/a - root - GET / - SECURITY VALIDATION: In-memory rate limit storage in production
2025-09-17 07:56:07,156 - WARNING - n/a - root - GET / - Security validation completed with issues: 1
2025-09-17 07:56:07,156 - WARNING - n/a - new_structure - GET / - Proceeding with in-memory rate limiter under allowed test override (ephemeral sqlite).
2025-09-17 07:56:07,242 - INFO - n/a - new_structure - GET / - Generated strong development SECRET_KEY (persisted).
2025-09-17 07:56:08,841 - WARNING - n/a - new_structure - GET / - Overriding configured redis RATELIMIT_STORAGE_URL with memory:// due to earlier fallback
2025-09-17 07:56:08,843 - WARNING - n/a - new_structure - GET / - Limiter initialization failed; continuing without limits: In-memory rate limiting backend is not allowed in production. Set RATE_LIMIT_STORAGE_URI to a Redis URI or ALLOW_IN_MEMORY_LIMITS=1 for a temporary override.
2025-09-17 07:56:08,851 - INFO - n/a - new_structure.utils.database_init - GET / - ? Starting database initialization (MySQL mode)
2025-09-17 07:56:08,880 - INFO - n/a - new_structure.utils.database_init - GET / - ? Tables ensured (SQLAlchemy metadata create_all)
2025-09-17 07:56:14,345 - INFO - n/a - new_structure.utils.database_init - GET / - ? Default users added
2025-09-17 07:56:14,359 - INFO - n/a - new_structure.utils.database_init - GET / - ?? Academic structure seeded
2025-09-17 07:56:14,361 - INFO - n/a - new_structure.utils.database_init - GET / - ? Subjects seeded
2025-09-17 07:56:14,362 - INFO - n/a - new_structure.utils.database_init - GET / - ? School configuration created
2025-09-17 07:56:14,383 - INFO - n/a - new_structure.utils.database_init - GET / - ? Default data seeded successfully
2025-09-17 07:56:14,769 - INFO - n/a - mark_validation - GET / - Mark sanitizer middleware initialized
2025-09-17 07:56:14,771 - WARNING - n/a - root - GET / - SECURITY VALIDATION: In-memory rate limit storage in production
2025-09-17 07:56:14,772 - WARNING - n/a - root - GET / - Security validation completed with issues: 1
2025-09-17 07:56:14,773 - WARNING - n/a - new_structure - GET / - Proceeding with in-memory rate limiter under allowed test override (ephemeral sqlite).
2025-09-17 07:57:13,152 - INFO - n/a - new_structure - GET / - Rate limiter storage active: memory://
2025-09-17 07:57:13,596 - INFO - n/a - mark_validation - GET / - Mark sanitizer middleware initialized
2025-09-17 07:57:14,455 - WARNING - n/a - new_structure - GET / - Overriding configured redis RATELIMIT_STORAGE_URL with memory:// due to earlier fallback
2025-09-17 07:57:14,455 - WARNING - n/a - new_structure - GET / - Overriding configured redis RATELIMIT_STORAGE_URL with memory:// due to earlier fallback
2025-09-17 07:57:14,459 - WARNING - n/a - new_structure - GET / - Limiter initialization failed; continuing without limits: In-memory rate limiting backend is not allowed in production. Set RATE_LIMIT_STORAGE_URI to a Redis URI or ALLOW_IN_MEMORY_LIMITS=1 for a temporary override.
2025-09-17 07:57:14,459 - WARNING - n/a - new_structure - GET / - Limiter initialization failed; continuing without limits: In-memory rate limiting backend is not allowed in production. Set RATE_LIMIT_STORAGE_URI to a Redis URI or ALLOW_IN_MEMORY_LIMITS=1 for a temporary override.
2025-09-17 07:57:15,440 - INFO - n/a - mark_validation - GET / - Mark sanitizer middleware initialized
2025-09-17 07:57:15,440 - INFO - n/a - mark_validation - GET / - Mark sanitizer middleware initialized
2025-09-17 07:57:15,443 - WARNING - n/a - root - GET / - SECURITY VALIDATION: In-memory rate limit storage in production
2025-09-17 07:57:15,443 - WARNING - n/a - root - GET / - SECURITY VALIDATION: In-memory rate limit storage in production
2025-09-17 07:57:15,445 - WARNING - n/a - root - GET / - Security validation completed with issues: 1
2025-09-17 07:57:15,445 - WARNING - n/a - root - GET / - Security validation completed with issues: 1
2025-09-17 07:57:15,746 - WARNING - n/a - new_structure - GET / - Overriding configured redis RATELIMIT_STORAGE_URL with memory:// due to earlier fallback
2025-09-17 07:57:15,746 - WARNING - n/a - new_structure - GET / - Overriding configured redis RATELIMIT_STORAGE_URL with memory:// due to earlier fallback
2025-09-17 07:57:15,746 - WARNING - n/a - new_structure - GET / - Overriding configured redis RATELIMIT_STORAGE_URL with memory:// due to earlier fallback
2025-09-17 07:57:15,748 - INFO - n/a - new_structure - GET / - Rate limiter storage active: memory://
2025-09-17 07:57:15,748 - INFO - n/a - new_structure - GET / - Rate limiter storage active: memory://
2025-09-17 07:57:15,748 - INFO - n/a - new_structure - GET / - Rate limiter storage active: memory://
2025-09-17 07:57:16,509 - INFO - n/a - mark_validation - GET / - Mark sanitizer middleware initialized
2025-09-17 07:57:16,509 - INFO - n/a - mark_validation - GET / - Mark sanitizer middleware initialized
2025-09-17 07:57:16,509 - INFO - n/a - mark_validation - GET / - Mark sanitizer middleware initialized
2025-09-17 07:57:16,527 - INFO - n/a - new_structure -   - Generated strong development SECRET_KEY (persisted).
2025-09-17 07:57:16,527 - INFO - n/a - new_structure -   - Generated strong development SECRET_KEY (persisted).
2025-09-17 07:57:16,527 - INFO - n/a - new_structure -   - Generated strong development SECRET_KEY (persisted).
2025-09-17 07:57:21,909 - INFO - n/a - new_structure - GET / - Rate limiter storage active: memory://
2025-09-17 07:57:21,913 - INFO - n/a - new_structure.utils.database_init - GET / - ? Starting database initialization (MySQL mode)
2025-09-17 07:57:21,914 - ERROR - n/a - new_structure.utils.database_init - GET / - Error creating tables: The current Flask app is not registered with this 'SQLAlchemy' instance. Did you forget to call 'init_app', or did you create multiple 'SQLAlchemy' instances?
2025-09-17 07:57:22,467 - INFO - n/a - mark_validation - GET / - Mark sanitizer middleware initialized
2025-09-17 07:57:24,818 - WARNING - d47316b0575d484ca3315709555f1626 - new_structure - GET /classteacher/subject_report/2/2/1/1/1 - subject_report.unauthorized_access
2025-09-17 07:57:24,820 - INFO - d47316b0575d484ca3315709555f1626 - new_structure - GET /classteacher/subject_report/2/2/1/1/1 - {'event': 'report.subject.view:completed', 'correlation_id': '8168a6af-2f5d-4f47-bb05-c1717db4fc08', 'ip': '127.0.0.1', 'method': 'GET', 'path': '/classteacher/subject_report/2/2/1/1/1', 'role': 'teacher', 'teacher_id': 8, 'status': 403}
2025-09-17 07:57:24,898 - INFO - bf7ab2cf986b4916b836b6239060932a - new_structure - GET /classteacher/subject_report/2/2/1/1/1 - subject_report.render
2025-09-17 07:57:24,901 - INFO - bf7ab2cf986b4916b836b6239060932a - new_structure - GET /classteacher/subject_report/2/2/1/1/1 - {'event': 'report.subject.view:success', 'correlation_id': '9603f056-dc1d-44e1-b66f-b644e9cfd0cb', 'ip': '127.0.0.1', 'method': 'GET', 'path': '/classteacher/subject_report/2/2/1/1/1', 'role': 'teacher', 'teacher_id': 7, 'status': 200}
2025-09-17 07:57:24,951 - WARNING - 912e48212213465e9617a402b7690809 - new_structure - GET /classteacher/subject_report/2/2/1/999/1 - subject_report.invalid_parameters
2025-09-17 07:57:24,954 - INFO - 912e48212213465e9617a402b7690809 - new_structure - GET /classteacher/subject_report/2/2/1/999/1 - {'event': 'report.subject.view:completed', 'correlation_id': 'd2b1945e-a01b-4adb-8636-2d717cfda485', 'ip': '127.0.0.1', 'method': 'GET', 'path': '/classteacher/subject_report/2/2/1/999/1', 'role': 'teacher', 'teacher_id': 7, 'status': 400}
2025-09-17 07:57:25,876 - INFO - c43e8beb24b140b1a3af0e92e1f7cf9a - new_structure - GET /classteacher/subject_report/2/2/1/1/1 - subject_report.render
2025-09-17 07:57:25,879 - INFO - c43e8beb24b140b1a3af0e92e1f7cf9a - new_structure - GET /classteacher/subject_report/2/2/1/1/1 - {'event': 'report.subject.view:success', 'correlation_id': 'a8074970-41f3-4069-89c4-0124beb744c9', 'ip': '127.0.0.1', 'method': 'GET', 'path': '/classteacher/subject_report/2/2/1/1/1', 'role': 'headteacher', 'teacher_id': 1, 'status': 200}
2025-09-17 07:57:25,938 - INFO - 011d4e859f4e4e91891d1f253249333e - new_structure - GET /classteacher/subject_report/2/2/1/1/1 - subject_report.render
2025-09-17 07:57:25,941 - INFO - 011d4e859f4e4e91891d1f253249333e - new_structure - GET /classteacher/subject_report/2/2/1/1/1 - {'event': 'report.subject.view:success', 'correlation_id': '466ff4fd-2c31-43fa-84c2-7f655787f96c', 'ip': '127.0.0.1', 'method': 'GET', 'path': '/classteacher/subject_report/2/2/1/1/1', 'role': 'classteacher', 'teacher_id': 9, 'status': 200}
2025-09-17 07:57:25,956 - INFO - n/a - new_structure -   - Generated strong development SECRET_KEY (persisted).
2025-09-17 08:00:18,966 - WARNING - n/a - new_structure - GET / - Overriding configured redis RATELIMIT_STORAGE_URL with memory:// due to earlier fallback
2025-09-17 08:00:18,969 - WARNING - n/a - new_structure - GET / - Limiter initialization failed; continuing without limits: In-memory rate limiting backend is not allowed in production. Set RATE_LIMIT_STORAGE_URI to a Redis URI or ALLOW_IN_MEMORY_LIMITS=1 for a temporary override.
2025-09-17 08:00:18,986 - INFO - n/a - new_structure.utils.database_init - GET / - ? Starting database initialization (MySQL mode)
2025-09-17 08:00:19,021 - INFO - n/a - new_structure.utils.database_init - GET / - ? Tables ensured (SQLAlchemy metadata create_all)
2025-09-17 08:00:24,007 - INFO - n/a - new_structure.utils.database_init - GET / - ? Default users added
2025-09-17 08:00:24,015 - INFO - n/a - new_structure.utils.database_init - GET / - ?? Academic structure seeded
2025-09-17 08:00:24,018 - INFO - n/a - new_structure.utils.database_init - GET / - ? Subjects seeded
2025-09-17 08:00:24,018 - INFO - n/a - new_structure.utils.database_init - GET / - ? School configuration created
2025-09-17 08:00:24,038 - INFO - n/a - new_structure.utils.database_init - GET / - ? Default data seeded successfully
2025-09-17 08:00:24,375 - INFO - n/a - mark_validation - GET / - Mark sanitizer middleware initialized
2025-09-17 08:00:24,376 - WARNING - n/a - root - GET / - SECURITY VALIDATION: In-memory rate limit storage in production
2025-09-17 08:00:24,377 - WARNING - n/a - root - GET / - Security validation completed with issues: 1
2025-09-17 08:00:24,377 - WARNING - n/a - new_structure - GET / - Proceeding with in-memory rate limiter under allowed test override (ephemeral sqlite).
2025-09-17 08:00:24,476 - INFO - n/a - new_structure - GET / - Generated strong development SECRET_KEY (persisted).
2025-09-17 08:00:26,550 - WARNING - n/a - new_structure - GET / - Overriding configured redis RATELIMIT_STORAGE_URL with memory:// due to earlier fallback
2025-09-17 08:00:26,552 - WARNING - n/a - new_structure - GET / - Limiter initialization failed; continuing without limits: In-memory rate limiting backend is not allowed in production. Set RATE_LIMIT_STORAGE_URI to a Redis URI or ALLOW_IN_MEMORY_LIMITS=1 for a temporary override.
2025-09-17 08:00:26,563 - INFO - n/a - new_structure.utils.database_init - GET / - ? Starting database initialization (MySQL mode)
2025-09-17 08:00:26,593 - INFO - n/a - new_structure.utils.database_init - GET / - ? Tables ensured (SQLAlchemy metadata create_all)
2025-09-17 08:00:31,855 - INFO - n/a - new_structure.utils.database_init - GET / - ? Default users added
2025-09-17 08:00:31,863 - INFO - n/a - new_structure.utils.database_init - GET / - ?? Academic structure seeded
2025-09-17 08:00:31,864 - INFO - n/a - new_structure.utils.database_init - GET / - ? Subjects seeded
2025-09-17 08:00:31,864 - INFO - n/a - new_structure.utils.database_init - GET / - ? School configuration created
2025-09-17 08:00:31,877 - INFO - n/a - new_structure.utils.database_init - GET / - ? Default data seeded successfully
2025-09-17 08:00:32,137 - INFO - n/a - mark_validation - GET / - Mark sanitizer middleware initialized
2025-09-17 08:00:32,139 - WARNING - n/a - root - GET / - SECURITY VALIDATION: In-memory rate limit storage in production
2025-09-17 08:00:32,140 - WARNING - n/a - root - GET / - Security validation completed with issues: 1
2025-09-17 08:00:32,141 - WARNING - n/a - new_structure - GET / - Proceeding with in-memory rate limiter under allowed test override (ephemeral sqlite).
2025-09-17 08:00:32,228 - WARNING - n/a - new_structure - GET / - Insecure SECRET_KEY detected in production configuration (placeholder detected)
2025-09-17 08:00:32,295 - INFO - n/a - new_structure - GET / - Generated strong development SECRET_KEY (persisted).
2025-09-17 08:00:32,299 - INFO - n/a - new_structure - GET / - Rate limiter storage active: memory://
2025-09-17 08:00:32,299 - INFO - n/a - new_structure - GET / - Rate limiter storage active: memory://
2025-09-17 08:00:32,307 - INFO - n/a - new_structure.utils.database_init - GET / - ? Starting database initialization (MySQL mode)
2025-09-17 08:00:32,307 - INFO - n/a - new_structure.utils.database_init - GET / - ? Starting database initialization (MySQL mode)
2025-09-17 08:00:32,339 - INFO - n/a - new_structure.utils.database_init - GET / - ? Tables ensured (SQLAlchemy metadata create_all)
2025-09-17 08:00:32,339 - INFO - n/a - new_structure.utils.database_init - GET / - ? Tables ensured (SQLAlchemy metadata create_all)
2025-09-17 08:00:36,393 - INFO - n/a - new_structure.utils.database_init - GET / - ? Default users added
2025-09-17 08:00:36,393 - INFO - n/a - new_structure.utils.database_init - GET / - ? Default users added
2025-09-17 08:00:36,402 - INFO - n/a - new_structure.utils.database_init - GET / - ?? Academic structure seeded
2025-09-17 08:00:36,402 - INFO - n/a - new_structure.utils.database_init - GET / - ?? Academic structure seeded
2025-09-17 08:00:36,402 - INFO - n/a - new_structure.utils.database_init - GET / - ? Subjects seeded
2025-09-17 08:00:36,402 - INFO - n/a - new_structure.utils.database_init - GET / - ? Subjects seeded
2025-09-17 08:00:36,404 - INFO - n/a - new_structure.utils.database_init - GET / - ? School configuration created
2025-09-17 08:00:36,404 - INFO - n/a - new_structure.utils.database_init - GET / - ? School configuration created
2025-09-17 08:00:36,421 - INFO - n/a - new_structure.utils.database_init - GET / - ? Default data seeded successfully
2025-09-17 08:00:36,421 - INFO - n/a - new_structure.utils.database_init - GET / - ? Default data seeded successfully
2025-09-17 08:00:36,661 - INFO - n/a - mark_validation - GET / - Mark sanitizer middleware initialized
2025-09-17 08:00:36,661 - INFO - n/a - mark_validation - GET / - Mark sanitizer middleware initialized
2025-09-17 08:01:32,370 - INFO - n/a - new_structure - GET / - Rate limiter storage active: memory://
2025-09-17 08:01:32,709 - INFO - n/a - mark_validation - GET / - Mark sanitizer middleware initialized
2025-09-17 08:01:33,213 - WARNING - n/a - new_structure - GET / - Overriding configured redis RATELIMIT_STORAGE_URL with memory:// due to earlier fallback
2025-09-17 08:01:33,213 - WARNING - n/a - new_structure - GET / - Overriding configured redis RATELIMIT_STORAGE_URL with memory:// due to earlier fallback
2025-09-17 08:01:33,215 - WARNING - n/a - new_structure - GET / - Limiter initialization failed; continuing without limits: In-memory rate limiting backend is not allowed in production. Set RATE_LIMIT_STORAGE_URI to a Redis URI or ALLOW_IN_MEMORY_LIMITS=1 for a temporary override.
2025-09-17 08:01:33,215 - WARNING - n/a - new_structure - GET / - Limiter initialization failed; continuing without limits: In-memory rate limiting backend is not allowed in production. Set RATE_LIMIT_STORAGE_URI to a Redis URI or ALLOW_IN_MEMORY_LIMITS=1 for a temporary override.
2025-09-17 08:01:33,975 - INFO - n/a - mark_validation - GET / - Mark sanitizer middleware initialized
2025-09-17 08:01:33,975 - INFO - n/a - mark_validation - GET / - Mark sanitizer middleware initialized
2025-09-17 08:01:33,977 - WARNING - n/a - root - GET / - SECURITY VALIDATION: In-memory rate limit storage in production
2025-09-17 08:01:33,977 - WARNING - n/a - root - GET / - SECURITY VALIDATION: In-memory rate limit storage in production
2025-09-17 08:01:33,978 - WARNING - n/a - root - GET / - Security validation completed with issues: 1
2025-09-17 08:01:33,978 - WARNING - n/a - root - GET / - Security validation completed with issues: 1
2025-09-17 08:01:34,241 - WARNING - n/a - new_structure - GET / - Overriding configured redis RATELIMIT_STORAGE_URL with memory:// due to earlier fallback
2025-09-17 08:01:34,241 - WARNING - n/a - new_structure - GET / - Overriding configured redis RATELIMIT_STORAGE_URL with memory:// due to earlier fallback
2025-09-17 08:01:34,241 - WARNING - n/a - new_structure - GET / - Overriding configured redis RATELIMIT_STORAGE_URL with memory:// due to earlier fallback
2025-09-17 08:01:34,243 - INFO - n/a - new_structure - GET / - Rate limiter storage active: memory://
2025-09-17 08:01:34,243 - INFO - n/a - new_structure - GET / - Rate limiter storage active: memory://
2025-09-17 08:01:34,243 - INFO - n/a - new_structure - GET / - Rate limiter storage active: memory://
2025-09-17 08:01:34,915 - INFO - n/a - mark_validation - GET / - Mark sanitizer middleware initialized
2025-09-17 08:01:34,915 - INFO - n/a - mark_validation - GET / - Mark sanitizer middleware initialized
2025-09-17 08:01:34,915 - INFO - n/a - mark_validation - GET / - Mark sanitizer middleware initialized
2025-09-17 08:01:34,928 - INFO - n/a - new_structure -   - Generated strong development SECRET_KEY (persisted).
2025-09-17 08:01:34,928 - INFO - n/a - new_structure -   - Generated strong development SECRET_KEY (persisted).
2025-09-17 08:01:34,928 - INFO - n/a - new_structure -   - Generated strong development SECRET_KEY (persisted).
2025-09-17 08:01:39,122 - INFO - n/a - new_structure - GET / - Rate limiter storage active: memory://
2025-09-17 08:01:39,124 - INFO - n/a - new_structure.utils.database_init - GET / - ? Starting database initialization (MySQL mode)
2025-09-17 08:01:39,125 - ERROR - n/a - new_structure.utils.database_init - GET / - Error creating tables: The current Flask app is not registered with this 'SQLAlchemy' instance. Did you forget to call 'init_app', or did you create multiple 'SQLAlchemy' instances?
2025-09-17 08:01:39,634 - INFO - n/a - mark_validation - GET / - Mark sanitizer middleware initialized
2025-09-17 08:01:41,819 - WARNING - ecd0d2849c3d4f1a8499af6aef91560d - new_structure - GET /classteacher/subject_report/2/2/1/1/1 - subject_report.unauthorized_access
2025-09-17 08:01:41,822 - INFO - ecd0d2849c3d4f1a8499af6aef91560d - new_structure - GET /classteacher/subject_report/2/2/1/1/1 - {'event': 'report.subject.view:completed', 'correlation_id': '3cb37aad-aa26-40c0-ba88-cff63295e6c2', 'ip': '127.0.0.1', 'method': 'GET', 'path': '/classteacher/subject_report/2/2/1/1/1', 'role': 'teacher', 'teacher_id': 8, 'status': 403}
2025-09-17 08:01:41,886 - INFO - d7f93ae3aedc48f8b39ac82166809c82 - new_structure - GET /classteacher/subject_report/2/2/1/1/1 - subject_report.render
2025-09-17 08:01:41,887 - INFO - d7f93ae3aedc48f8b39ac82166809c82 - new_structure - GET /classteacher/subject_report/2/2/1/1/1 - {'event': 'report.subject.view:success', 'correlation_id': 'a2744c97-d752-4358-b10e-f17005ae95b6', 'ip': '127.0.0.1', 'method': 'GET', 'path': '/classteacher/subject_report/2/2/1/1/1', 'role': 'teacher', 'teacher_id': 7, 'status': 200}
2025-09-17 08:01:41,947 - WARNING - e4a232ffe60248eb9267245f6c8fc671 - new_structure - GET /classteacher/subject_report/2/2/1/999/1 - subject_report.invalid_parameters
2025-09-17 08:01:41,949 - INFO - e4a232ffe60248eb9267245f6c8fc671 - new_structure - GET /classteacher/subject_report/2/2/1/999/1 - {'event': 'report.subject.view:completed', 'correlation_id': '1cd0faab-836f-4345-a4bf-2aa3e18c1d5d', 'ip': '127.0.0.1', 'method': 'GET', 'path': '/classteacher/subject_report/2/2/1/999/1', 'role': 'teacher', 'teacher_id': 7, 'status': 400}
2025-09-17 08:01:43,017 - INFO - 577d784823e24dfc8df898d309d695a2 - new_structure - GET /classteacher/subject_report/2/2/1/1/1 - subject_report.render
2025-09-17 08:01:43,018 - INFO - 577d784823e24dfc8df898d309d695a2 - new_structure - GET /classteacher/subject_report/2/2/1/1/1 - {'event': 'report.subject.view:success', 'correlation_id': 'd4faf7b2-73a4-42a2-b7b1-657f2df7ed15', 'ip': '127.0.0.1', 'method': 'GET', 'path': '/classteacher/subject_report/2/2/1/1/1', 'role': 'headteacher', 'teacher_id': 1, 'status': 200}
2025-09-17 08:01:43,065 - INFO - 00ad47eff140444c99271e801a8893d2 - new_structure - GET /classteacher/subject_report/2/2/1/1/1 - subject_report.render
2025-09-17 08:01:43,066 - INFO - 00ad47eff140444c99271e801a8893d2 - new_structure - GET /classteacher/subject_report/2/2/1/1/1 - {'event': 'report.subject.view:success', 'correlation_id': '630a0137-6786-435e-a09d-4ce970ef7761', 'ip': '127.0.0.1', 'method': 'GET', 'path': '/classteacher/subject_report/2/2/1/1/1', 'role': 'classteacher', 'teacher_id': 9, 'status': 200}
2025-09-17 08:01:43,073 - INFO - n/a - new_structure -   - Generated strong development SECRET_KEY (persisted).
2025-09-17 08:11:23,183 - WARNING - n/a - new_structure - GET / - Overriding configured redis RATELIMIT_STORAGE_URL with memory:// due to earlier fallback
2025-09-17 08:11:23,187 - WARNING - n/a - new_structure - GET / - Limiter initialization failed; continuing without limits: In-memory rate limiting backend is not allowed in production. Set RATE_LIMIT_STORAGE_URI to a Redis URI or ALLOW_IN_MEMORY_LIMITS=1 for a temporary override.
2025-09-17 08:11:23,214 - INFO - n/a - new_structure.utils.database_init - GET / - ? Starting database initialization (MySQL mode)
2025-09-17 08:11:23,272 - INFO - n/a - new_structure.utils.database_init - GET / - ? Tables ensured (SQLAlchemy metadata create_all)
2025-09-17 08:11:29,861 - INFO - n/a - new_structure.utils.database_init - GET / - ? Default users added
2025-09-17 08:11:29,876 - INFO - n/a - new_structure.utils.database_init - GET / - ?? Academic structure seeded
2025-09-17 08:11:29,877 - INFO - n/a - new_structure.utils.database_init - GET / - ? Subjects seeded
2025-09-17 08:11:29,878 - INFO - n/a - new_structure.utils.database_init - GET / - ? School configuration created
2025-09-17 08:11:29,898 - INFO - n/a - new_structure.utils.database_init - GET / - ? Default data seeded successfully
2025-09-17 08:11:30,305 - INFO - n/a - mark_validation - GET / - Mark sanitizer middleware initialized
2025-09-17 08:11:30,306 - WARNING - n/a - root - GET / - SECURITY VALIDATION: In-memory rate limit storage in production
2025-09-17 08:11:30,307 - WARNING - n/a - root - GET / - Security validation completed with issues: 1
2025-09-17 08:11:30,309 - WARNING - n/a - new_structure - GET / - Proceeding with in-memory rate limiter under allowed test override (ephemeral sqlite).
2025-09-17 08:20:37,616 - INFO - n/a - new_structure - GET / - Rate limiter storage active: memory://
2025-09-17 08:20:37,860 - INFO - n/a - mark_validation - GET / - Mark sanitizer middleware initialized
2025-09-17 08:20:38,313 - WARNING - n/a - new_structure - GET / - Overriding configured redis RATELIMIT_STORAGE_URL with memory:// due to earlier fallback
2025-09-17 08:20:38,313 - WARNING - n/a - new_structure - GET / - Overriding configured redis RATELIMIT_STORAGE_URL with memory:// due to earlier fallback
2025-09-17 08:20:38,315 - WARNING - n/a - new_structure - GET / - Limiter initialization failed; continuing without limits: In-memory rate limiting backend is not allowed in production. Set RATE_LIMIT_STORAGE_URI to a Redis URI or ALLOW_IN_MEMORY_LIMITS=1 for a temporary override.
2025-09-17 08:20:38,315 - WARNING - n/a - new_structure - GET / - Limiter initialization failed; continuing without limits: In-memory rate limiting backend is not allowed in production. Set RATE_LIMIT_STORAGE_URI to a Redis URI or ALLOW_IN_MEMORY_LIMITS=1 for a temporary override.
2025-09-17 08:20:38,969 - INFO - n/a - mark_validation - GET / - Mark sanitizer middleware initialized
2025-09-17 08:20:38,969 - INFO - n/a - mark_validation - GET / - Mark sanitizer middleware initialized
2025-09-17 08:20:38,971 - WARNING - n/a - root - GET / - SECURITY VALIDATION: In-memory rate limit storage in production
2025-09-17 08:20:38,971 - WARNING - n/a - root - GET / - SECURITY VALIDATION: In-memory rate limit storage in production
2025-09-17 08:20:38,972 - WARNING - n/a - root - GET / - Security validation completed with issues: 1
2025-09-17 08:20:38,972 - WARNING - n/a - root - GET / - Security validation completed with issues: 1
2025-09-17 08:20:39,171 - WARNING - n/a - new_structure - GET / - Overriding configured redis RATELIMIT_STORAGE_URL with memory:// due to earlier fallback
2025-09-17 08:20:39,171 - WARNING - n/a - new_structure - GET / - Overriding configured redis RATELIMIT_STORAGE_URL with memory:// due to earlier fallback
2025-09-17 08:20:39,171 - WARNING - n/a - new_structure - GET / - Overriding configured redis RATELIMIT_STORAGE_URL with memory:// due to earlier fallback
2025-09-17 08:20:39,174 - INFO - n/a - new_structure - GET / - Rate limiter storage active: memory://
2025-09-17 08:20:39,174 - INFO - n/a - new_structure - GET / - Rate limiter storage active: memory://
2025-09-17 08:20:39,174 - INFO - n/a - new_structure - GET / - Rate limiter storage active: memory://
2025-09-17 08:20:39,690 - INFO - n/a - mark_validation - GET / - Mark sanitizer middleware initialized
2025-09-17 08:20:39,690 - INFO - n/a - mark_validation - GET / - Mark sanitizer middleware initialized
2025-09-17 08:20:39,690 - INFO - n/a - mark_validation - GET / - Mark sanitizer middleware initialized
2025-09-17 08:20:39,702 - INFO - n/a - new_structure -   - Generated strong development SECRET_KEY (persisted).
2025-09-17 08:20:39,702 - INFO - n/a - new_structure -   - Generated strong development SECRET_KEY (persisted).
2025-09-17 08:20:39,702 - INFO - n/a - new_structure -   - Generated strong development SECRET_KEY (persisted).
2025-09-17 08:20:44,386 - INFO - n/a - new_structure - GET / - Rate limiter storage active: memory://
2025-09-17 08:20:44,389 - INFO - n/a - new_structure.utils.database_init - GET / - ? Starting database initialization (MySQL mode)
2025-09-17 08:20:44,390 - ERROR - n/a - new_structure.utils.database_init - GET / - Error creating tables: The current Flask app is not registered with this 'SQLAlchemy' instance. Did you forget to call 'init_app', or did you create multiple 'SQLAlchemy' instances?
2025-09-17 08:20:44,888 - INFO - n/a - mark_validation - GET / - Mark sanitizer middleware initialized
2025-09-17 08:20:46,949 - WARNING - 5fbbe4d2df6d4f9d9be90a542b093af6 - new_structure - GET /classteacher/subject_report/2/2/1/1/1 - subject_report.unauthorized_access
2025-09-17 08:20:46,950 - INFO - 5fbbe4d2df6d4f9d9be90a542b093af6 - new_structure - GET /classteacher/subject_report/2/2/1/1/1 - {'event': 'report.subject.view:completed', 'correlation_id': 'a5d14ec2-[REDACTED-PHONE]abf5-0c7d68553618', 'ip': '127.0.0.1', 'method': 'GET', 'path': '/classteacher/subject_report/2/2/1/1/1', 'role': 'teacher', 'teacher_id': 8, 'status': 403}
2025-09-17 08:20:47,006 - INFO - df03424a3056458093d99788065e5700 - new_structure - GET /classteacher/subject_report/2/2/1/1/1 - subject_report.render
2025-09-17 08:20:47,008 - INFO - df03424a3056458093d99788065e5700 - new_structure - GET /classteacher/subject_report/2/2/1/1/1 - {'event': 'report.subject.view:success', 'correlation_id': 'c55e43ff-e70e-4c22-b65e-34a00ce453b6', 'ip': '127.0.0.1', 'method': 'GET', 'path': '/classteacher/subject_report/2/2/1/1/1', 'role': 'teacher', 'teacher_id': 7, 'status': 200}
2025-09-17 08:20:47,049 - WARNING - 3b82f7fbd71f401c80709f208c60b1a7 - new_structure - GET /classteacher/subject_report/2/2/1/999/1 - subject_report.invalid_parameters
2025-09-17 08:20:47,050 - INFO - 3b82f7fbd71f401c80709f208c60b1a7 - new_structure - GET /classteacher/subject_report/2/2/1/999/1 - {'event': 'report.subject.view:completed', 'correlation_id': '4329d745-df8b-4ef6-bc82-0473e878513d', 'ip': '127.0.0.1', 'method': 'GET', 'path': '/classteacher/subject_report/2/2/1/999/1', 'role': 'teacher', 'teacher_id': 7, 'status': 400}
2025-09-17 08:20:47,899 - INFO - 86c8fd675e7643b6a736f6645a87c9c7 - new_structure - GET /classteacher/subject_report/2/2/1/1/1 - subject_report.render
2025-09-17 08:20:47,901 - INFO - 86c8fd675e7643b6a736f6645a87c9c7 - new_structure - GET /classteacher/subject_report/2/2/1/1/1 - {'event': 'report.subject.view:success', 'correlation_id': '59c22d1d-fe1e-4389-a256-844e6d55416b', 'ip': '127.0.0.1', 'method': 'GET', 'path': '/classteacher/subject_report/2/2/1/1/1', 'role': 'headteacher', 'teacher_id': 1, 'status': 200}
2025-09-17 08:20:47,950 - INFO - 375d397e37dc465cb2e8e0cf5eefe733 - new_structure - GET /classteacher/subject_report/2/2/1/1/1 - subject_report.render
2025-09-17 08:20:47,952 - INFO - 375d397e37dc465cb2e8e0cf5eefe733 - new_structure - GET /classteacher/subject_report/2/2/1/1/1 - {'event': 'report.subject.view:success', 'correlation_id': 'a1bcdbfd-91a7-43e7-aadd-20a1bda5a68f', 'ip': '127.0.0.1', 'method': 'GET', 'path': '/classteacher/subject_report/2/2/1/1/1', 'role': 'classteacher', 'teacher_id': 9, 'status': 200}
2025-09-17 08:20:47,961 - INFO - n/a - new_structure -   - Generated strong development SECRET_KEY (persisted).
2025-09-17 08:22:19,615 - WARNING - n/a - new_structure - GET / - Overriding configured redis RATELIMIT_STORAGE_URL with memory:// due to earlier fallback
2025-09-17 08:22:19,618 - WARNING - n/a - new_structure - GET / - Limiter initialization failed; continuing without limits: In-memory rate limiting backend is not allowed in production. Set RATE_LIMIT_STORAGE_URI to a Redis URI or ALLOW_IN_MEMORY_LIMITS=1 for a temporary override.
2025-09-17 08:22:19,633 - INFO - n/a - new_structure.utils.database_init - GET / - ? Starting database initialization (MySQL mode)
2025-09-17 08:22:19,668 - INFO - n/a - new_structure.utils.database_init - GET / - ? Tables ensured (SQLAlchemy metadata create_all)
2025-09-17 08:22:23,786 - INFO - n/a - new_structure.utils.database_init - GET / - ? Default users added
2025-09-17 08:22:23,794 - INFO - n/a - new_structure.utils.database_init - GET / - ?? Academic structure seeded
2025-09-17 08:22:23,796 - INFO - n/a - new_structure.utils.database_init - GET / - ? Subjects seeded
2025-09-17 08:22:23,796 - INFO - n/a - new_structure.utils.database_init - GET / - ? School configuration created
2025-09-17 08:22:23,811 - INFO - n/a - new_structure.utils.database_init - GET / - ? Default data seeded successfully
2025-09-17 08:22:24,034 - INFO - n/a - mark_validation - GET / - Mark sanitizer middleware initialized
2025-09-17 08:22:24,035 - WARNING - n/a - root - GET / - SECURITY VALIDATION: In-memory rate limit storage in production
2025-09-17 08:22:24,036 - WARNING - n/a - root - GET / - Security validation completed with issues: 1
2025-09-17 08:22:24,036 - WARNING - n/a - new_structure - GET / - Proceeding with in-memory rate limiter under allowed test override (ephemeral sqlite).
2025-09-17 08:22:24,106 - INFO - n/a - new_structure - GET / - Generated strong development SECRET_KEY (persisted).
2025-09-17 08:22:25,487 - WARNING - n/a - new_structure - GET / - Overriding configured redis RATELIMIT_STORAGE_URL with memory:// due to earlier fallback
2025-09-17 08:22:25,488 - WARNING - n/a - new_structure - GET / - Limiter initialization failed; continuing without limits: In-memory rate limiting backend is not allowed in production. Set RATE_LIMIT_STORAGE_URI to a Redis URI or ALLOW_IN_MEMORY_LIMITS=1 for a temporary override.
2025-09-17 08:22:25,496 - INFO - n/a - new_structure.utils.database_init - GET / - ? Starting database initialization (MySQL mode)
2025-09-17 08:22:25,523 - INFO - n/a - new_structure.utils.database_init - GET / - ? Tables ensured (SQLAlchemy metadata create_all)
2025-09-17 08:22:29,145 - INFO - n/a - new_structure.utils.database_init - GET / - ? Default users added
2025-09-17 08:22:29,153 - INFO - n/a - new_structure.utils.database_init - GET / - ?? Academic structure seeded
2025-09-17 08:22:29,154 - INFO - n/a - new_structure.utils.database_init - GET / - ? Subjects seeded
2025-09-17 08:22:29,154 - INFO - n/a - new_structure.utils.database_init - GET / - ? School configuration created
2025-09-17 08:22:29,167 - INFO - n/a - new_structure.utils.database_init - GET / - ? Default data seeded successfully
2025-09-17 08:22:29,394 - INFO - n/a - mark_validation - GET / - Mark sanitizer middleware initialized
2025-09-17 08:22:29,396 - WARNING - n/a - root - GET / - SECURITY VALIDATION: In-memory rate limit storage in production
2025-09-17 08:22:29,396 - WARNING - n/a - root - GET / - Security validation completed with issues: 1
2025-09-17 08:22:29,397 - WARNING - n/a - new_structure - GET / - Proceeding with in-memory rate limiter under allowed test override (ephemeral sqlite).
2025-09-17 08:22:29,465 - WARNING - n/a - new_structure - GET / - Insecure SECRET_KEY detected in production configuration (placeholder detected)
2025-09-17 08:22:29,531 - INFO - n/a - new_structure - GET / - Generated strong development SECRET_KEY (persisted).
2025-09-17 08:22:29,535 - INFO - n/a - new_structure - GET / - Rate limiter storage active: memory://
2025-09-17 08:22:29,535 - INFO - n/a - new_structure - GET / - Rate limiter storage active: memory://
2025-09-17 08:22:29,543 - INFO - n/a - new_structure.utils.database_init - GET / - ? Starting database initialization (MySQL mode)
2025-09-17 08:22:29,543 - INFO - n/a - new_structure.utils.database_init - GET / - ? Starting database initialization (MySQL mode)
2025-09-17 08:22:29,569 - INFO - n/a - new_structure.utils.database_init - GET / - ? Tables ensured (SQLAlchemy metadata create_all)
2025-09-17 08:22:29,569 - INFO - n/a - new_structure.utils.database_init - GET / - ? Tables ensured (SQLAlchemy metadata create_all)
2025-09-17 08:22:33,221 - INFO - n/a - new_structure.utils.database_init - GET / - ? Default users added
2025-09-17 08:22:33,221 - INFO - n/a - new_structure.utils.database_init - GET / - ? Default users added
2025-09-17 08:22:33,229 - INFO - n/a - new_structure.utils.database_init - GET / - ?? Academic structure seeded
2025-09-17 08:22:33,229 - INFO - n/a - new_structure.utils.database_init - GET / - ?? Academic structure seeded
2025-09-17 08:22:33,231 - INFO - n/a - new_structure.utils.database_init - GET / - ? Subjects seeded
2025-09-17 08:22:33,231 - INFO - n/a - new_structure.utils.database_init - GET / - ? Subjects seeded
2025-09-17 08:22:33,233 - INFO - n/a - new_structure.utils.database_init - GET / - ? School configuration created
2025-09-17 08:22:33,233 - INFO - n/a - new_structure.utils.database_init - GET / - ? School configuration created
2025-09-17 08:22:33,245 - INFO - n/a - new_structure.utils.database_init - GET / - ? Default data seeded successfully
2025-09-17 08:22:33,245 - INFO - n/a - new_structure.utils.database_init - GET / - ? Default data seeded successfully
2025-09-17 08:22:33,571 - INFO - n/a - mark_validation - GET / - Mark sanitizer middleware initialized
2025-09-17 08:22:33,571 - INFO - n/a - mark_validation - GET / - Mark sanitizer middleware initialized
2025-09-17 08:22:34,178 - INFO - 60a482ddc7894e15a67bb899fe9cbd35 - new_structure - POST /permission/grant - {'event': 'permission.grant:unauthenticated', 'correlation_id': 'a417cc7a-b062-4b4b-ab8e-9b131d1542d1', 'ip': '127.0.0.1', 'method': 'POST', 'path': '/permission/grant', 'role': None, 'teacher_id': None}
2025-09-17 08:22:34,178 - INFO - 60a482ddc7894e15a67bb899fe9cbd35 - new_structure - POST /permission/grant - {'event': 'permission.grant:unauthenticated', 'correlation_id': 'a417cc7a-b062-4b4b-ab8e-9b131d1542d1', 'ip': '127.0.0.1', 'method': 'POST', 'path': '/permission/grant', 'role': None, 'teacher_id': None}
2025-09-17 08:22:34,249 - INFO - 0f44f07a600546468040c9ea37906930 - new_structure - POST /permission/grant - {'event': 'permission.grant:forbidden_role', 'correlation_id': '0138aec4-06ec-4551-a79f-0123485a2905', 'ip': '127.0.0.1', 'method': 'POST', 'path': '/permission/grant', 'role': 'classteacher', 'teacher_id': 2}
2025-09-17 08:22:34,249 - INFO - 0f44f07a600546468040c9ea37906930 - new_structure - POST /permission/grant - {'event': 'permission.grant:forbidden_role', 'correlation_id': '0138aec4-06ec-4551-a79f-0123485a2905', 'ip': '127.0.0.1', 'method': 'POST', 'path': '/permission/grant', 'role': 'classteacher', 'teacher_id': 2}
2025-09-17 08:22:34,321 - INFO - 1c4ad6e792db45bf8495c391e0bd8bf1 - new_structure - POST /permission/grant - {'event': 'permission.grant:invalid', 'correlation_id': '841346b8-eaf6-444c-9cbf-44fe5d91fdbd', 'ip': '127.0.0.1', 'method': 'POST', 'path': '/permission/grant', 'role': 'admin', 'teacher_id': 5, 'details': {'teacher_id': 'required'}}
2025-09-17 08:22:34,321 - INFO - 1c4ad6e792db45bf8495c391e0bd8bf1 - new_structure - POST /permission/grant - {'event': 'permission.grant:invalid', 'correlation_id': '841346b8-eaf6-444c-9cbf-44fe5d91fdbd', 'ip': '127.0.0.1', 'method': 'POST', 'path': '/permission/grant', 'role': 'admin', 'teacher_id': 5, 'details': {'teacher_id': 'required'}}
2025-09-17 08:22:34,392 - INFO - a2ecc9858683432587b5bff534aa31ea - new_structure - POST /permission/grant - {'event': 'permission.grant:success', 'correlation_id': 'b1696af3-756f-4f73-a75e-8e393bd41e47', 'ip': '127.0.0.1', 'method': 'POST', 'path': '/permission/grant', 'role': 'headteacher', 'teacher_id': 6, 'status': 200}
2025-09-17 08:22:34,392 - INFO - a2ecc9858683432587b5bff534aa31ea - new_structure - POST /permission/grant - {'event': 'permission.grant:success', 'correlation_id': 'b1696af3-756f-4f73-a75e-8e393bd41e47', 'ip': '127.0.0.1', 'method': 'POST', 'path': '/permission/grant', 'role': 'headteacher', 'teacher_id': 6, 'status': 200}
2025-09-17 08:22:34,465 - INFO - 519162faf4754677a164b93e777ad553 - new_structure - POST /permission/grant - {'event': 'permission.grant:success', 'correlation_id': '904c6b21-a189-46e8-bfe8-03115688aa5f', 'ip': '127.0.0.1', 'method': 'POST', 'path': '/permission/grant', 'role': 'admin', 'teacher_id': 5, 'status': 200}
2025-09-17 08:22:34,465 - INFO - 519162faf4754677a164b93e777ad553 - new_structure - POST /permission/grant - {'event': 'permission.grant:success', 'correlation_id': '904c6b21-a189-46e8-bfe8-03115688aa5f', 'ip': '127.0.0.1', 'method': 'POST', 'path': '/permission/grant', 'role': 'admin', 'teacher_id': 5, 'status': 200}
2025-09-17 08:22:34,468 - INFO - 6c8f2d324abb45159e5e9bb4554a02d5 - new_structure - POST /permission/grant - {'event': 'permission.grant:success', 'correlation_id': '7e357832-2737-4dd5-b6c5-254a1847c169', 'ip': '127.0.0.1', 'method': 'POST', 'path': '/permission/grant', 'role': 'admin', 'teacher_id': 5, 'status': 200}
2025-09-17 08:22:34,468 - INFO - 6c8f2d324abb45159e5e9bb4554a02d5 - new_structure - POST /permission/grant - {'event': 'permission.grant:success', 'correlation_id': '7e357832-2737-4dd5-b6c5-254a1847c169', 'ip': '127.0.0.1', 'method': 'POST', 'path': '/permission/grant', 'role': 'admin', 'teacher_id': 5, 'status': 200}
2025-09-17 08:22:34,471 - INFO - d93fa112a8264a0f8632ae5a84714d9a - new_structure - POST /permission/grant - {'event': 'permission.grant:success', 'correlation_id': '0a905d4a-1892-43cb-8d29-4116c77b19e6', 'ip': '127.0.0.1', 'method': 'POST', 'path': '/permission/grant', 'role': 'admin', 'teacher_id': 5, 'status': 200}
2025-09-17 08:22:34,471 - INFO - d93fa112a8264a0f8632ae5a84714d9a - new_structure - POST /permission/grant - {'event': 'permission.grant:success', 'correlation_id': '0a905d4a-1892-43cb-8d29-4116c77b19e6', 'ip': '127.0.0.1', 'method': 'POST', 'path': '/permission/grant', 'role': 'admin', 'teacher_id': 5, 'status': 200}
2025-09-17 08:22:34,543 - INFO - ce07ebba8262438dbfd050fb21b626b8 - new_structure - POST /permission/grant_function - {'event': 'permission.function.grant:invalid', 'correlation_id': '6018bd71-d62f-4bac-b41d-1f245d80cf51', 'ip': '127.0.0.1', 'method': 'POST', 'path': '/permission/grant_function', 'role': 'headteacher', 'teacher_id': 6, 'details': {'teacher_id': 'required'}}
2025-09-17 08:22:34,543 - INFO - ce07ebba8262438dbfd050fb21b626b8 - new_structure - POST /permission/grant_function - {'event': 'permission.function.grant:invalid', 'correlation_id': '6018bd71-d62f-4bac-b41d-1f245d80cf51', 'ip': '127.0.0.1', 'method': 'POST', 'path': '/permission/grant_function', 'role': 'headteacher', 'teacher_id': 6, 'details': {'teacher_id': 'required'}}
2025-09-17 08:22:34,615 - INFO - 1aebf77ca491408a92970da0037f09db - new_structure - POST /permission/grant_function - {'event': 'permission.function.grant:forbidden_role', 'correlation_id': 'b47cdef3-7152-4dec-a5fc-b2641b3a3ac0', 'ip': '127.0.0.1', 'method': 'POST', 'path': '/permission/grant_function', 'role': 'classteacher', 'teacher_id': 2}
2025-09-17 08:22:34,615 - INFO - 1aebf77ca491408a92970da0037f09db - new_structure - POST /permission/grant_function - {'event': 'permission.function.grant:forbidden_role', 'correlation_id': 'b47cdef3-7152-4dec-a5fc-b2641b3a3ac0', 'ip': '127.0.0.1', 'method': 'POST', 'path': '/permission/grant_function', 'role': 'classteacher', 'teacher_id': 2}
2025-09-17 08:22:34,688 - INFO - 0f3538dc58c84b3592eaf864db286d7a - new_structure - POST /permission/grant_function - {'event': 'permission.function.grant:success', 'correlation_id': '7b06e168-4343-4e0d-916f-15fb577a54eb', 'ip': '127.0.0.1', 'method': 'POST', 'path': '/permission/grant_function', 'role': 'admin', 'teacher_id': 5, 'status': 200}
2025-09-17 08:22:34,688 - INFO - 0f3538dc58c84b3592eaf864db286d7a - new_structure - POST /permission/grant_function - {'event': 'permission.function.grant:success', 'correlation_id': '7b06e168-4343-4e0d-916f-15fb577a54eb', 'ip': '127.0.0.1', 'method': 'POST', 'path': '/permission/grant_function', 'role': 'admin', 'teacher_id': 5, 'status': 200}
2025-09-17 08:22:34,762 - INFO - 82b3d44f644b4cf7855f33c2de7e0ef5 - new_structure - POST /permission/revoke_function - {'event': 'permission.function.revoke:invalid', 'correlation_id': '[REDACTED-PHONE]af28-480b-bcbd-9533e9b5be28', 'ip': '127.0.0.1', 'method': 'POST', 'path': '/permission/revoke_function', 'role': 'headteacher', 'teacher_id': 6, 'details': {'teacher_id': 'required'}}
2025-09-17 08:22:34,762 - INFO - 82b3d44f644b4cf7855f33c2de7e0ef5 - new_structure - POST /permission/revoke_function - {'event': 'permission.function.revoke:invalid', 'correlation_id': '[REDACTED-PHONE]af28-480b-bcbd-9533e9b5be28', 'ip': '127.0.0.1', 'method': 'POST', 'path': '/permission/revoke_function', 'role': 'headteacher', 'teacher_id': 6, 'details': {'teacher_id': 'required'}}
2025-09-17 08:22:34,835 - INFO - b7b4a7243da84d6ebd5f707c9cae3045 - new_structure - POST /permission/grant_function - {'event': 'permission.function.grant:success', 'correlation_id': 'a9b4a5be-ca2c-43ef-b33b-4503827fedba', 'ip': '127.0.0.1', 'method': 'POST', 'path': '/permission/grant_function', 'role': 'headteacher', 'teacher_id': 6, 'status': 200}
2025-09-17 08:22:34,835 - INFO - b7b4a7243da84d6ebd5f707c9cae3045 - new_structure - POST /permission/grant_function - {'event': 'permission.function.grant:success', 'correlation_id': 'a9b4a5be-ca2c-43ef-b33b-4503827fedba', 'ip': '127.0.0.1', 'method': 'POST', 'path': '/permission/grant_function', 'role': 'headteacher', 'teacher_id': 6, 'status': 200}
2025-09-17 08:22:34,843 - INFO - 369e247aa9b843b484636637aefe43e8 - new_structure - POST /permission/revoke_function - {'event': 'permission.function.revoke:success', 'correlation_id': '5a5d3c3b-b6cc-43f6-a9c4-2233c1fda465', 'ip': '127.0.0.1', 'method': 'POST', 'path': '/permission/revoke_function', 'role': 'headteacher', 'teacher_id': 6, 'status': 200}
2025-09-17 08:22:34,843 - INFO - 369e247aa9b843b484636637aefe43e8 - new_structure - POST /permission/revoke_function - {'event': 'permission.function.revoke:success', 'correlation_id': '5a5d3c3b-b6cc-43f6-a9c4-2233c1fda465', 'ip': '127.0.0.1', 'method': 'POST', 'path': '/permission/revoke_function', 'role': 'headteacher', 'teacher_id': 6, 'status': 200}
2025-09-17 08:22:34,914 - INFO - 03e81814c96343efbf27ac4794bd535e - new_structure - POST /permission/bulk_grant_functions - {'event': 'permission.function.bulk_grant:invalid', 'correlation_id': 'ef7f40f6-758d-4482-842d-f16085c36488', 'ip': '127.0.0.1', 'method': 'POST', 'path': '/permission/bulk_grant_functions', 'role': 'headteacher', 'teacher_id': 6, 'details': {'function_names': 'required'}}
2025-09-17 08:22:34,914 - INFO - 03e81814c96343efbf27ac4794bd535e - new_structure - POST /permission/bulk_grant_functions - {'event': 'permission.function.bulk_grant:invalid', 'correlation_id': 'ef7f40f6-758d-4482-842d-f16085c36488', 'ip': '127.0.0.1', 'method': 'POST', 'path': '/permission/bulk_grant_functions', 'role': 'headteacher', 'teacher_id': 6, 'details': {'function_names': 'required'}}
2025-09-17 08:22:34,985 - INFO - 78a062dbde31468d865312a9ddb5c096 - new_structure - POST /permission/bulk_grant_functions - {'event': 'permission.function.bulk_grant:success', 'correlation_id': '3a094f17-1ff0-409b-a45a-0f98f26e087b', 'ip': '127.0.0.1', 'method': 'POST', 'path': '/permission/bulk_grant_functions', 'role': 'admin', 'teacher_id': 5, 'status': 200}
2025-09-17 08:22:34,985 - INFO - 78a062dbde31468d865312a9ddb5c096 - new_structure - POST /permission/bulk_grant_functions - {'event': 'permission.function.bulk_grant:success', 'correlation_id': '3a094f17-1ff0-409b-a45a-0f98f26e087b', 'ip': '127.0.0.1', 'method': 'POST', 'path': '/permission/bulk_grant_functions', 'role': 'admin', 'teacher_id': 5, 'status': 200}
2025-09-17 08:22:35,056 - INFO - 23ea272c334f450493f3eff715d8b980 - new_structure - POST /permission/direct_grant - {'event': 'permission.direct.grant:invalid', 'correlation_id': '536e89b6-4044-413f-b849-32f34f50745a', 'ip': '127.0.0.1', 'method': 'POST', 'path': '/permission/direct_grant', 'role': 'headteacher', 'teacher_id': 6, 'details': {'teacher_id': 'required'}}
2025-09-17 08:22:35,056 - INFO - 23ea272c334f450493f3eff715d8b980 - new_structure - POST /permission/direct_grant - {'event': 'permission.direct.grant:invalid', 'correlation_id': '536e89b6-4044-413f-b849-32f34f50745a', 'ip': '127.0.0.1', 'method': 'POST', 'path': '/permission/direct_grant', 'role': 'headteacher', 'teacher_id': 6, 'details': {'teacher_id': 'required'}}
2025-09-17 08:22:35,129 - INFO - 813783e4fb3a413295696751993bdf6f - new_structure - POST /permission/direct_grant - {'event': 'permission.direct.grant:invalid', 'correlation_id': 'e5d344f7-db91-4510-b4c5-b5352f52a13a', 'ip': '127.0.0.1', 'method': 'POST', 'path': '/permission/direct_grant', 'role': 'admin', 'teacher_id': 5, 'details': {}}
2025-09-17 08:22:35,129 - INFO - 813783e4fb3a413295696751993bdf6f - new_structure - POST /permission/direct_grant - {'event': 'permission.direct.grant:invalid', 'correlation_id': 'e5d344f7-db91-4510-b4c5-b5352f52a13a', 'ip': '127.0.0.1', 'method': 'POST', 'path': '/permission/direct_grant', 'role': 'admin', 'teacher_id': 5, 'details': {}}
2025-09-17 08:22:35,199 - INFO - 8839885c5c7a40cd8f0e4c2c7d56f422 - new_structure - POST /permission/direct_grant - {'event': 'permission.direct.grant:forbidden_role', 'correlation_id': '0d8224e2-d8f0-4369-bf5e-d3f341c8ad96', 'ip': '127.0.0.1', 'method': 'POST', 'path': '/permission/direct_grant', 'role': 'classteacher', 'teacher_id': 2}
2025-09-17 08:22:35,199 - INFO - 8839885c5c7a40cd8f0e4c2c7d56f422 - new_structure - POST /permission/direct_grant - {'event': 'permission.direct.grant:forbidden_role', 'correlation_id': '0d8224e2-d8f0-4369-bf5e-d3f341c8ad96', 'ip': '127.0.0.1', 'method': 'POST', 'path': '/permission/direct_grant', 'role': 'classteacher', 'teacher_id': 2}
2025-09-17 08:22:35,283 - INFO - 68038ffd6da84d7d83acda7f9b9d29a2 - new_structure - POST /permission/direct_grant - {'event': 'permission.direct.grant:success', 'correlation_id': '887da98d-2a89-44c6-9edc-8be5ccc43ccf', 'ip': '127.0.0.1', 'method': 'POST', 'path': '/permission/direct_grant', 'role': 'headteacher', 'teacher_id': 6, 'status': 200}
2025-09-17 08:22:35,283 - INFO - 68038ffd6da84d7d83acda7f9b9d29a2 - new_structure - POST /permission/direct_grant - {'event': 'permission.direct.grant:success', 'correlation_id': '887da98d-2a89-44c6-9edc-8be5ccc43ccf', 'ip': '127.0.0.1', 'method': 'POST', 'path': '/permission/direct_grant', 'role': 'headteacher', 'teacher_id': 6, 'status': 200}
2025-09-17 08:22:35,362 - INFO - 9dd8b8630ac64fb7888c71cd4a4ac51a - new_structure - POST /permission/bulk_direct_grant - {'event': 'permission.direct.bulk_grant:invalid', 'correlation_id': 'ff5b3e36-0943-4b06-8c36-049a62ef3682', 'ip': '127.0.0.1', 'method': 'POST', 'path': '/permission/bulk_direct_grant', 'role': 'headteacher', 'teacher_id': 6, 'details': {'class_assignments': 'required'}}
2025-09-17 08:22:35,362 - INFO - 9dd8b8630ac64fb7888c71cd4a4ac51a - new_structure - POST /permission/bulk_direct_grant - {'event': 'permission.direct.bulk_grant:invalid', 'correlation_id': 'ff5b3e36-0943-4b06-8c36-049a62ef3682', 'ip': '127.0.0.1', 'method': 'POST', 'path': '/permission/bulk_direct_grant', 'role': 'headteacher', 'teacher_id': 6, 'details': {'class_assignments': 'required'}}
2025-09-17 08:22:35,439 - INFO - 0bed7b95536444e39f7ab96300baa397 - new_structure - POST /permission/bulk_direct_grant - {'event': 'permission.direct.bulk_grant:success', 'correlation_id': '10fe507e-9387-4c18-9e1c-281027b05057', 'ip': '127.0.0.1', 'method': 'POST', 'path': '/permission/bulk_direct_grant', 'role': 'admin', 'teacher_id': 5, 'status': 200}
2025-09-17 08:22:35,439 - INFO - 0bed7b95536444e39f7ab96300baa397 - new_structure - POST /permission/bulk_direct_grant - {'event': 'permission.direct.bulk_grant:success', 'correlation_id': '10fe507e-9387-4c18-9e1c-281027b05057', 'ip': '127.0.0.1', 'method': 'POST', 'path': '/permission/bulk_direct_grant', 'role': 'admin', 'teacher_id': 5, 'status': 200}
2025-09-17 08:22:35,511 - INFO - 3951364fca4c474086e7e15f5a62a913 - new_structure - POST /permission/extend_permission - {'event': 'permission.extend:invalid', 'correlation_id': 'd6e64f6c-5d83-46e8-a7b6-308323a4b38e', 'ip': '127.0.0.1', 'method': 'POST', 'path': '/permission/extend_permission', 'role': 'headteacher', 'teacher_id': 6, 'details': {'permission_id': 'required'}}
2025-09-17 08:22:35,511 - INFO - 3951364fca4c474086e7e15f5a62a913 - new_structure - POST /permission/extend_permission - {'event': 'permission.extend:invalid', 'correlation_id': 'd6e64f6c-5d83-46e8-a7b6-308323a4b38e', 'ip': '127.0.0.1', 'method': 'POST', 'path': '/permission/extend_permission', 'role': 'headteacher', 'teacher_id': 6, 'details': {'permission_id': 'required'}}
2025-09-17 08:22:35,583 - INFO - caf31a6aefcf419a88f699434a22a25e - new_structure - POST /permission/extend_permission - {'event': 'permission.extend:invalid', 'correlation_id': 'b2575957-0f0d-476d-9cbc-203845ed42d4', 'ip': '127.0.0.1', 'method': 'POST', 'path': '/permission/extend_permission', 'role': 'headteacher', 'teacher_id': 6, 'details': {}}
2025-09-17 08:22:35,583 - INFO - caf31a6aefcf419a88f699434a22a25e - new_structure - POST /permission/extend_permission - {'event': 'permission.extend:invalid', 'correlation_id': 'b2575957-0f0d-476d-9cbc-203845ed42d4', 'ip': '127.0.0.1', 'method': 'POST', 'path': '/permission/extend_permission', 'role': 'headteacher', 'teacher_id': 6, 'details': {}}
2025-09-17 08:22:35,655 - INFO - 98ccbaf26f804883aeaf11999315ded6 - new_structure - POST /permission/extend_permission - {'event': 'permission.extend:forbidden_role', 'correlation_id': '550c7aa7-a13e-4643-a778-24214370fcc9', 'ip': '127.0.0.1', 'method': 'POST', 'path': '/permission/extend_permission', 'role': 'classteacher', 'teacher_id': 2}
2025-09-17 08:22:35,655 - INFO - 98ccbaf26f804883aeaf11999315ded6 - new_structure - POST /permission/extend_permission - {'event': 'permission.extend:forbidden_role', 'correlation_id': '550c7aa7-a13e-4643-a778-24214370fcc9', 'ip': '127.0.0.1', 'method': 'POST', 'path': '/permission/extend_permission', 'role': 'classteacher', 'teacher_id': 2}
2025-09-17 08:22:35,729 - INFO - 47a4e601b81d43ba9525b157961c50fa - new_structure - POST /classteacher/add_term_ajax - {'event': 'term.add:invalid', 'correlation_id': '15b395e3-1290-460e-b056-2e3c6041b7d3', 'ip': '127.0.0.1', 'method': 'POST', 'path': '/classteacher/add_term_ajax', 'role': 'headteacher', 'teacher_id': 6, 'details': {'term_name': 'required'}}
2025-09-17 08:22:35,729 - INFO - 47a4e601b81d43ba9525b157961c50fa - new_structure - POST /classteacher/add_term_ajax - {'event': 'term.add:invalid', 'correlation_id': '15b395e3-1290-460e-b056-2e3c6041b7d3', 'ip': '127.0.0.1', 'method': 'POST', 'path': '/classteacher/add_term_ajax', 'role': 'headteacher', 'teacher_id': 6, 'details': {'term_name': 'required'}}
2025-09-17 08:22:35,800 - INFO - 49410ade6bae4a1895b5c6e55f3fa50f - new_structure - POST /classteacher/add_term_ajax - {'event': 'term.add:unauthenticated', 'correlation_id': '7c7c16e8-9708-4f5a-8f59-a1d0d1a58767', 'ip': '127.0.0.1', 'method': 'POST', 'path': '/classteacher/add_term_ajax', 'role': None, 'teacher_id': None}
2025-09-17 08:22:35,800 - INFO - 49410ade6bae4a1895b5c6e55f3fa50f - new_structure - POST /classteacher/add_term_ajax - {'event': 'term.add:unauthenticated', 'correlation_id': '7c7c16e8-9708-4f5a-8f59-a1d0d1a58767', 'ip': '127.0.0.1', 'method': 'POST', 'path': '/classteacher/add_term_ajax', 'role': None, 'teacher_id': None}
2025-09-17 08:22:35,877 - INFO - e74d2ae70e274c889540c89098951115 - new_structure - POST /classteacher/add_term_ajax - {'event': 'term.add:success', 'correlation_id': 'd3f37956-aa22-47cc-aef4-12e7a35e6b56', 'ip': '127.0.0.1', 'method': 'POST', 'path': '/classteacher/add_term_ajax', 'role': 'headteacher', 'teacher_id': 6, 'status': 200}
2025-09-17 08:22:35,877 - INFO - e74d2ae70e274c889540c89098951115 - new_structure - POST /classteacher/add_term_ajax - {'event': 'term.add:success', 'correlation_id': 'd3f37956-aa22-47cc-aef4-12e7a35e6b56', 'ip': '127.0.0.1', 'method': 'POST', 'path': '/classteacher/add_term_ajax', 'role': 'headteacher', 'teacher_id': 6, 'status': 200}
2025-09-17 08:22:35,949 - INFO - 48e397471b954a07a2053189e093564a - new_structure - POST /classteacher/edit_term_ajax - {'event': 'term.edit:invalid', 'correlation_id': '26cc6f67-[REDACTED-PHONE]b8c3-d6ec95e5d35d', 'ip': '127.0.0.1', 'method': 'POST', 'path': '/classteacher/edit_term_ajax', 'role': 'headteacher', 'teacher_id': 6, 'details': {'term_id': 'required'}}
2025-09-17 08:22:35,949 - INFO - 48e397471b954a07a2053189e093564a - new_structure - POST /classteacher/edit_term_ajax - {'event': 'term.edit:invalid', 'correlation_id': '26cc6f67-[REDACTED-PHONE]b8c3-d6ec95e5d35d', 'ip': '127.0.0.1', 'method': 'POST', 'path': '/classteacher/edit_term_ajax', 'role': 'headteacher', 'teacher_id': 6, 'details': {'term_id': 'required'}}
2025-09-17 08:22:36,019 - INFO - e1e8557bd33c477f9f476adb1a10e66a - new_structure - POST /classteacher/delete_assessment_ajax - {'event': 'assessment.delete:invalid', 'correlation_id': 'f26e06a7-b3d5-4f43-9780-b8d4edf22e0f', 'ip': '127.0.0.1', 'method': 'POST', 'path': '/classteacher/delete_assessment_ajax', 'role': 'headteacher', 'teacher_id': 6, 'details': {'assessment_id': 'required'}}
2025-09-17 08:22:36,019 - INFO - e1e8557bd33c477f9f476adb1a10e66a - new_structure - POST /classteacher/delete_assessment_ajax - {'event': 'assessment.delete:invalid', 'correlation_id': 'f26e06a7-b3d5-4f43-9780-b8d4edf22e0f', 'ip': '127.0.0.1', 'method': 'POST', 'path': '/classteacher/delete_assessment_ajax', 'role': 'headteacher', 'teacher_id': 6, 'details': {'assessment_id': 'required'}}
2025-09-17 08:22:36,089 - INFO - 019345a4bd48464795160493e1d3105a - new_structure - POST /classteacher/delete_term_ajax - {'event': 'term.delete:invalid', 'correlation_id': 'd6372773-a476-4f71-9a65-cd8f5eb1624f', 'ip': '127.0.0.1', 'method': 'POST', 'path': '/classteacher/delete_term_ajax', 'role': 'headteacher', 'teacher_id': 6, 'details': {'term_id': 'required'}}
2025-09-17 08:22:36,089 - INFO - 019345a4bd48464795160493e1d3105a - new_structure - POST /classteacher/delete_term_ajax - {'event': 'term.delete:invalid', 'correlation_id': 'd6372773-a476-4f71-9a65-cd8f5eb1624f', 'ip': '127.0.0.1', 'method': 'POST', 'path': '/classteacher/delete_term_ajax', 'role': 'headteacher', 'teacher_id': 6, 'details': {'term_id': 'required'}}
2025-09-17 08:22:36,161 - INFO - 10c4150bba5a419094e53c826e08e14c - new_structure - POST /classteacher/add_assessment_ajax - {'event': 'assessment.add:invalid', 'correlation_id': 'eb7d8135-5010-4eeb-a930-6f8673e1e770', 'ip': '127.0.0.1', 'method': 'POST', 'path': '/classteacher/add_assessment_ajax', 'role': 'headteacher', 'teacher_id': 6, 'details': {'assessment_name': 'required'}}
2025-09-17 08:22:36,161 - INFO - 10c4150bba5a419094e53c826e08e14c - new_structure - POST /classteacher/add_assessment_ajax - {'event': 'assessment.add:invalid', 'correlation_id': 'eb7d8135-5010-4eeb-a930-6f8673e1e770', 'ip': '127.0.0.1', 'method': 'POST', 'path': '/classteacher/add_assessment_ajax', 'role': 'headteacher', 'teacher_id': 6, 'details': {'assessment_name': 'required'}}
2025-09-17 08:22:36,236 - INFO - c4c2a3d910be444ba4bfdb962e4d2add - new_structure - POST /classteacher/add_assessment_ajax - {'event': 'assessment.add:success', 'correlation_id': '9d003e98-cfa0-4c2f-a87a-224f69c444ea', 'ip': '127.0.0.1', 'method': 'POST', 'path': '/classteacher/add_assessment_ajax', 'role': 'headteacher', 'teacher_id': 6, 'status': 200}
2025-09-17 08:22:36,236 - INFO - c4c2a3d910be444ba4bfdb962e4d2add - new_structure - POST /classteacher/add_assessment_ajax - {'event': 'assessment.add:success', 'correlation_id': '9d003e98-cfa0-4c2f-a87a-224f69c444ea', 'ip': '127.0.0.1', 'method': 'POST', 'path': '/classteacher/add_assessment_ajax', 'role': 'headteacher', 'teacher_id': 6, 'status': 200}
2025-09-17 08:22:36,308 - INFO - 2a3eadb78d614fcd8a0d2aa626180ebb - new_structure - POST /classteacher/edit_assessment_ajax - {'event': 'assessment.edit:invalid', 'correlation_id': '9d810a6f-8d0e-4599-b288-a0dfaf6df71d', 'ip': '127.0.0.1', 'method': 'POST', 'path': '/classteacher/edit_assessment_ajax', 'role': 'headteacher', 'teacher_id': 6, 'details': {'assessment_id': 'required'}}
2025-09-17 08:22:36,308 - INFO - 2a3eadb78d614fcd8a0d2aa626180ebb - new_structure - POST /classteacher/edit_assessment_ajax - {'event': 'assessment.edit:invalid', 'correlation_id': '9d810a6f-8d0e-4599-b288-a0dfaf6df71d', 'ip': '127.0.0.1', 'method': 'POST', 'path': '/classteacher/edit_assessment_ajax', 'role': 'headteacher', 'teacher_id': 6, 'details': {'assessment_id': 'required'}}
2025-09-17 08:22:36,384 - INFO - a6a12b66bc67413cb8ca8c4dabab8085 - new_structure - POST /classteacher/add_assessment_ajax - {'event': 'assessment.add:success', 'correlation_id': 'b6a7987a-be7b-48ad-af4e-e8023c90a616', 'ip': '127.0.0.1', 'method': 'POST', 'path': '/classteacher/add_assessment_ajax', 'role': 'headteacher', 'teacher_id': 6, 'status': 200}
2025-09-17 08:22:36,384 - INFO - a6a12b66bc67413cb8ca8c4dabab8085 - new_structure - POST /classteacher/add_assessment_ajax - {'event': 'assessment.add:success', 'correlation_id': 'b6a7987a-be7b-48ad-af4e-e8023c90a616', 'ip': '127.0.0.1', 'method': 'POST', 'path': '/classteacher/add_assessment_ajax', 'role': 'headteacher', 'teacher_id': 6, 'status': 200}
2025-09-17 08:22:36,394 - INFO - 599cdc7c03e44a81bde3248bb9e38585 - new_structure - POST /classteacher/edit_assessment_ajax - {'event': 'assessment.edit:success', 'correlation_id': '300e1dd6-e626-4d81-a28c-e5782bb71615', 'ip': '127.0.0.1', 'method': 'POST', 'path': '/classteacher/edit_assessment_ajax', 'role': 'headteacher', 'teacher_id': 6, 'status': 200}
2025-09-17 08:22:36,394 - INFO - 599cdc7c03e44a81bde3248bb9e38585 - new_structure - POST /classteacher/edit_assessment_ajax - {'event': 'assessment.edit:success', 'correlation_id': '300e1dd6-e626-4d81-a28c-e5782bb71615', 'ip': '127.0.0.1', 'method': 'POST', 'path': '/classteacher/edit_assessment_ajax', 'role': 'headteacher', 'teacher_id': 6, 'status': 200}
2025-09-17 08:22:36,473 - INFO - 51ab262b64bf49ab87731159bc643069 - new_structure - POST /classteacher/bulk_import_subjects - {'event': 'subjects.bulk_import:invalid', 'correlation_id': '6697f712-6cf3-404b-a982-77951207680d', 'ip': '127.0.0.1', 'method': 'POST', 'path': '/classteacher/bulk_import_subjects', 'role': 'classteacher', 'teacher_id': 2, 'details': {'field': 'subject_file'}}
2025-09-17 08:22:36,473 - INFO - 51ab262b64bf49ab87731159bc643069 - new_structure - POST /classteacher/bulk_import_subjects - {'event': 'subjects.bulk_import:invalid', 'correlation_id': '6697f712-6cf3-404b-a982-77951207680d', 'ip': '127.0.0.1', 'method': 'POST', 'path': '/classteacher/bulk_import_subjects', 'role': 'classteacher', 'teacher_id': 2, 'details': {'field': 'subject_file'}}
2025-09-17 08:22:36,739 - INFO - b00e5054fe4841eda8e44d8cb7b17f08 - new_structure - POST /classteacher/bulk_import_subjects - {'event': 'subjects.bulk_import:invalid', 'correlation_id': '[REDACTED-PHONE]f7e5-4436-8ca9-77fce7a56be9', 'ip': '127.0.0.1', 'method': 'POST', 'path': '/classteacher/bulk_import_subjects', 'role': 'classteacher', 'teacher_id': 2, 'details': {'allowed': ['.csv', '.xls', '.xlsx'], 'received': '.exe'}}
2025-09-17 08:22:36,739 - INFO - b00e5054fe4841eda8e44d8cb7b17f08 - new_structure - POST /classteacher/bulk_import_subjects - {'event': 'subjects.bulk_import:invalid', 'correlation_id': '[REDACTED-PHONE]f7e5-4436-8ca9-77fce7a56be9', 'ip': '127.0.0.1', 'method': 'POST', 'path': '/classteacher/bulk_import_subjects', 'role': 'classteacher', 'teacher_id': 2, 'details': {'allowed': ['.csv', '.xls', '.xlsx'], 'received': '.exe'}}
2025-09-17 08:22:36,822 - INFO - 74de34a5f20445f59d442ff553a87558 - new_structure - POST /classteacher/bulk_import_subjects - {'event': 'subjects.bulk_import:success', 'correlation_id': '9153ea07-ec50-401d-be46-821cf9434294', 'ip': '127.0.0.1', 'method': 'POST', 'path': '/classteacher/bulk_import_subjects', 'role': 'headteacher', 'teacher_id': 6, 'status': 200}
2025-09-17 08:22:36,822 - INFO - 74de34a5f20445f59d442ff553a87558 - new_structure - POST /classteacher/bulk_import_subjects - {'event': 'subjects.bulk_import:success', 'correlation_id': '9153ea07-ec50-401d-be46-821cf9434294', 'ip': '127.0.0.1', 'method': 'POST', 'path': '/classteacher/bulk_import_subjects', 'role': 'headteacher', 'teacher_id': 6, 'status': 200}
2025-09-17 08:22:36,900 - INFO - 7e7a36bb92b6499cb1308fea6094217b - new_structure - GET /classteacher/test_component_upload - {'event': 'debug.test_component_upload:success', 'correlation_id': '6cc07f40-2348-4e90-93de-e970308e023b', 'ip': '127.0.0.1', 'method': 'GET', 'path': '/classteacher/test_component_upload', 'role': 'classteacher', 'teacher_id': 2, 'status': 200}
2025-09-17 08:22:36,900 - INFO - 7e7a36bb92b6499cb1308fea6094217b - new_structure - GET /classteacher/test_component_upload - {'event': 'debug.test_component_upload:success', 'correlation_id': '6cc07f40-2348-4e90-93de-e970308e023b', 'ip': '127.0.0.1', 'method': 'GET', 'path': '/classteacher/test_component_upload', 'role': 'classteacher', 'teacher_id': 2, 'status': 200}
2025-09-17 08:22:36,973 - INFO - debb755697234de7a84776456fc2d77f - new_structure - POST /classteacher/bulk_import_subjects - {'event': 'subjects.bulk_import:invalid', 'correlation_id': 'ce964b9c-bd85-4c71-9344-9e1b026d6ad4', 'ip': '127.0.0.1', 'method': 'POST', 'path': '/classteacher/bulk_import_subjects', 'role': 'headteacher', 'teacher_id': 6, 'details': {'max_bytes': 10, 'received_bytes': 73}}
2025-09-17 08:22:36,973 - INFO - debb755697234de7a84776456fc2d77f - new_structure - POST /classteacher/bulk_import_subjects - {'event': 'subjects.bulk_import:invalid', 'correlation_id': 'ce964b9c-bd85-4c71-9344-9e1b026d6ad4', 'ip': '127.0.0.1', 'method': 'POST', 'path': '/classteacher/bulk_import_subjects', 'role': 'headteacher', 'teacher_id': 6, 'details': {'max_bytes': 10, 'received_bytes': 73}}
2025-09-17 08:22:37,049 - INFO - af12288ddf5a4dafb6df23ed03f1aff9 - new_structure - POST /school-setup/api/upload-logo - {'event': 'branding.logo_upload:invalid', 'correlation_id': 'c05f7b7e-[REDACTED-PHONE]97887d4c76e4', 'ip': '127.0.0.1', 'method': 'POST', 'path': '/school-setup/api/upload-logo', 'role': 'headteacher', 'teacher_id': 6, 'details': {'allowed': ['.gif', '.jpeg', '.jpg', '.png'], 'received': '.exe'}}
2025-09-17 08:22:37,049 - INFO - af12288ddf5a4dafb6df23ed03f1aff9 - new_structure - POST /school-setup/api/upload-logo - {'event': 'branding.logo_upload:invalid', 'correlation_id': 'c05f7b7e-[REDACTED-PHONE]97887d4c76e4', 'ip': '127.0.0.1', 'method': 'POST', 'path': '/school-setup/api/upload-logo', 'role': 'headteacher', 'teacher_id': 6, 'details': {'allowed': ['.gif', '.jpeg', '.jpg', '.png'], 'received': '.exe'}}
2025-09-17 08:22:37,122 - INFO - cd7388a3daea48e4b6c8da56f6f40ba4 - new_structure - POST /school-setup/api/upload-logo - {'event': 'branding.logo_upload:invalid', 'correlation_id': 'f4d53e0e-79a3-4dd1-917b-bd471d45b208', 'ip': '127.0.0.1', 'method': 'POST', 'path': '/school-setup/api/upload-logo', 'role': 'headteacher', 'teacher_id': 6, 'details': {'max_bytes': 10, 'received_bytes': 12}}
2025-09-17 08:22:37,122 - INFO - cd7388a3daea48e4b6c8da56f6f40ba4 - new_structure - POST /school-setup/api/upload-logo - {'event': 'branding.logo_upload:invalid', 'correlation_id': 'f4d53e0e-79a3-4dd1-917b-bd471d45b208', 'ip': '127.0.0.1', 'method': 'POST', 'path': '/school-setup/api/upload-logo', 'role': 'headteacher', 'teacher_id': 6, 'details': {'max_bytes': 10, 'received_bytes': 12}}
2025-09-17 09:42:51,604 - INFO - n/a - new_structure - GET / - Rate limiter storage active: memory://
2025-09-17 09:42:52,155 - INFO - n/a - mark_validation - GET / - Mark sanitizer middleware initialized
2025-09-17 09:42:52,970 - WARNING - n/a - new_structure - GET / - Overriding configured redis RATELIMIT_STORAGE_URL with memory:// due to earlier fallback
2025-09-17 09:42:52,970 - WARNING - n/a - new_structure - GET / - Overriding configured redis RATELIMIT_STORAGE_URL with memory:// due to earlier fallback
2025-09-17 09:42:52,973 - WARNING - n/a - new_structure - GET / - Limiter initialization failed; continuing without limits: In-memory rate limiting backend is not allowed in production. Set RATE_LIMIT_STORAGE_URI to a Redis URI or ALLOW_IN_MEMORY_LIMITS=1 for a temporary override.
2025-09-17 09:42:52,973 - WARNING - n/a - new_structure - GET / - Limiter initialization failed; continuing without limits: In-memory rate limiting backend is not allowed in production. Set RATE_LIMIT_STORAGE_URI to a Redis URI or ALLOW_IN_MEMORY_LIMITS=1 for a temporary override.
2025-09-17 09:42:54,141 - INFO - n/a - mark_validation - GET / - Mark sanitizer middleware initialized
2025-09-17 09:42:54,141 - INFO - n/a - mark_validation - GET / - Mark sanitizer middleware initialized
2025-09-17 09:42:54,145 - WARNING - n/a - root - GET / - SECURITY VALIDATION: In-memory rate limit storage in production
2025-09-17 09:42:54,145 - WARNING - n/a - root - GET / - SECURITY VALIDATION: In-memory rate limit storage in production
2025-09-17 09:42:54,146 - WARNING - n/a - root - GET / - Security validation completed with issues: 1
2025-09-17 09:42:54,146 - WARNING - n/a - root - GET / - Security validation completed with issues: 1
2025-09-17 09:42:54,468 - WARNING - n/a - new_structure - GET / - Overriding configured redis RATELIMIT_STORAGE_URL with memory:// due to earlier fallback
2025-09-17 09:42:54,468 - WARNING - n/a - new_structure - GET / - Overriding configured redis RATELIMIT_STORAGE_URL with memory:// due to earlier fallback
2025-09-17 09:42:54,468 - WARNING - n/a - new_structure - GET / - Overriding configured redis RATELIMIT_STORAGE_URL with memory:// due to earlier fallback
2025-09-17 09:42:54,471 - INFO - n/a - new_structure - GET / - Rate limiter storage active: memory://
2025-09-17 09:42:54,471 - INFO - n/a - new_structure - GET / - Rate limiter storage active: memory://
2025-09-17 09:42:54,471 - INFO - n/a - new_structure - GET / - Rate limiter storage active: memory://
2025-09-17 09:42:55,746 - INFO - n/a - mark_validation - GET / - Mark sanitizer middleware initialized
2025-09-17 09:42:55,746 - INFO - n/a - mark_validation - GET / - Mark sanitizer middleware initialized
2025-09-17 09:42:55,746 - INFO - n/a - mark_validation - GET / - Mark sanitizer middleware initialized
2025-09-17 09:42:55,764 - INFO - n/a - new_structure -   - Generated strong development SECRET_KEY (persisted).
2025-09-17 09:42:55,764 - INFO - n/a - new_structure -   - Generated strong development SECRET_KEY (persisted).
2025-09-17 09:42:55,764 - INFO - n/a - new_structure -   - Generated strong development SECRET_KEY (persisted).
2025-09-17 09:43:02,994 - INFO - n/a - new_structure - GET / - Rate limiter storage active: memory://
2025-09-17 09:43:02,996 - INFO - n/a - new_structure.utils.database_init - GET / - ? Starting database initialization (MySQL mode)
2025-09-17 09:43:02,998 - ERROR - n/a - new_structure.utils.database_init - GET / - Error creating tables: The current Flask app is not registered with this 'SQLAlchemy' instance. Did you forget to call 'init_app', or did you create multiple 'SQLAlchemy' instances?
2025-09-17 09:43:03,787 - INFO - n/a - mark_validation - GET / - Mark sanitizer middleware initialized
2025-09-17 09:43:07,705 - WARNING - 5015633fadf54b19b5475a71c9731d8b - new_structure - GET /classteacher/subject_report/2/2/1/1/1 - subject_report.unauthorized_access
2025-09-17 09:43:07,708 - INFO - 5015633fadf54b19b5475a71c9731d8b - new_structure - GET /classteacher/subject_report/2/2/1/1/1 - {'event': 'report.subject.view:completed', 'correlation_id': '9ccfb555-d0ce-4983-b072-2fad6a5d6f94', 'ip': '127.0.0.1', 'method': 'GET', 'path': '/classteacher/subject_report/2/2/1/1/1', 'role': 'teacher', 'teacher_id': 8, 'status': 403}
2025-09-17 09:43:07,796 - INFO - f82f73d261834d88b72df272bd79ebdc - new_structure - GET /classteacher/subject_report/2/2/1/1/1 - subject_report.render
2025-09-17 09:43:07,798 - INFO - f82f73d261834d88b72df272bd79ebdc - new_structure - GET /classteacher/subject_report/2/2/1/1/1 - {'event': 'report.subject.view:success', 'correlation_id': '845027ad-05ec-4c3e-899c-7a0474578eb8', 'ip': '127.0.0.1', 'method': 'GET', 'path': '/classteacher/subject_report/2/2/1/1/1', 'role': 'teacher', 'teacher_id': 7, 'status': 200}
2025-09-17 09:43:07,844 - WARNING - d1a2fa5bc4f24b1e822f4ea83cffebf6 - new_structure - GET /classteacher/subject_report/2/2/1/999/1 - subject_report.invalid_parameters
2025-09-17 09:43:07,846 - INFO - d1a2fa5bc4f24b1e822f4ea83cffebf6 - new_structure - GET /classteacher/subject_report/2/2/1/999/1 - {'event': 'report.subject.view:completed', 'correlation_id': '60f97399-57db-4172-9c48-fa876a2cccb8', 'ip': '127.0.0.1', 'method': 'GET', 'path': '/classteacher/subject_report/2/2/1/999/1', 'role': 'teacher', 'teacher_id': 7, 'status': 400}
2025-09-17 09:43:09,109 - INFO - 7779133d452343bfb29b08e77a35370d - new_structure - GET /classteacher/subject_report/2/2/1/1/1 - subject_report.render
2025-09-17 09:43:09,112 - INFO - 7779133d452343bfb29b08e77a35370d - new_structure - GET /classteacher/subject_report/2/2/1/1/1 - {'event': 'report.subject.view:success', 'correlation_id': '5afa7d6e-5340-4e35-bfd3-bc09136cb937', 'ip': '127.0.0.1', 'method': 'GET', 'path': '/classteacher/subject_report/2/2/1/1/1', 'role': 'headteacher', 'teacher_id': 1, 'status': 200}
2025-09-17 09:43:09,182 - INFO - cf60b95b51f442bdaa0b90b52fedbce6 - new_structure - GET /classteacher/subject_report/2/2/1/1/1 - subject_report.render
2025-09-17 09:43:09,184 - INFO - cf60b95b51f442bdaa0b90b52fedbce6 - new_structure - GET /classteacher/subject_report/2/2/1/1/1 - {'event': 'report.subject.view:success', 'correlation_id': 'f755dca6-ee02-40f5-bf12-ef203807883d', 'ip': '127.0.0.1', 'method': 'GET', 'path': '/classteacher/subject_report/2/2/1/1/1', 'role': 'classteacher', 'teacher_id': 9, 'status': 200}
2025-09-17 09:43:09,198 - INFO - n/a - new_structure -   - Generated strong development SECRET_KEY (persisted).
2025-09-17 09:56:03,972 - INFO - n/a - new_structure - GET / - Rate limiter storage active: memory://
2025-09-17 09:56:04,521 - INFO - n/a - mark_validation - GET / - Mark sanitizer middleware initialized
2025-09-17 09:56:08,378 - INFO - n/a - new_structure -   - Generated strong development SECRET_KEY (persisted).
2025-09-17 10:35:21,559 - INFO - n/a - new_structure - GET / - Rate limiter storage active: memory://
2025-09-17 10:35:22,066 - INFO - n/a - mark_validation - GET / - Mark sanitizer middleware initialized
2025-09-17 10:35:26,219 - INFO - n/a - new_structure -   - Generated strong development SECRET_KEY (persisted).
2025-09-17 10:39:50,403 - INFO - n/a - new_structure - GET / - Rate limiter storage active: memory://
2025-09-17 10:39:50,710 - INFO - n/a - mark_validation - GET / - Mark sanitizer middleware initialized
2025-09-17 10:39:53,419 - INFO - n/a - new_structure -   - Generated strong development SECRET_KEY (persisted).
2025-09-17 10:44:25,591 - INFO - n/a - new_structure - GET / - Rate limiter storage active: memory://
2025-09-17 10:44:25,894 - INFO - n/a - mark_validation - GET / - Mark sanitizer middleware initialized
2025-09-17 10:44:25,951 - WARNING - n/a - new_structure - GET / - Overriding configured redis RATELIMIT_STORAGE_URL with memory:// due to earlier fallback
2025-09-17 10:44:25,951 - WARNING - n/a - new_structure - GET / - Overriding configured redis RATELIMIT_STORAGE_URL with memory:// due to earlier fallback
2025-09-17 10:44:25,954 - WARNING - n/a - new_structure - GET / - Limiter initialization failed; continuing without limits: In-memory rate limiting backend is not allowed in production. Set RATE_LIMIT_STORAGE_URI to a Redis URI or ALLOW_IN_MEMORY_LIMITS=1 for a temporary override.
2025-09-17 10:44:25,954 - WARNING - n/a - new_structure - GET / - Limiter initialization failed; continuing without limits: In-memory rate limiting backend is not allowed in production. Set RATE_LIMIT_STORAGE_URI to a Redis URI or ALLOW_IN_MEMORY_LIMITS=1 for a temporary override.
2025-09-17 10:44:25,967 - INFO - n/a - new_structure.utils.database_init - GET / - ? Starting database initialization (MySQL mode)
2025-09-17 10:44:25,967 - INFO - n/a - new_structure.utils.database_init - GET / - ? Starting database initialization (MySQL mode)
2025-09-17 10:44:25,973 - ERROR - n/a - new_structure.utils.database_init - GET / - Error creating tables: Table 'teacher' is already defined for this MetaData instance.  Specify 'extend_existing=True' to redefine options and columns on an existing Table object.
2025-09-17 10:44:25,973 - ERROR - n/a - new_structure.utils.database_init - GET / - Error creating tables: Table 'teacher' is already defined for this MetaData instance.  Specify 'extend_existing=True' to redefine options and columns on an existing Table object.
2025-09-17 10:44:26,008 - WARNING - n/a - new_structure - GET / - Middleware initialization skipped: Table 'teacher' is already defined for this MetaData instance.  Specify 'extend_existing=True' to redefine options and columns on an existing Table object.
2025-09-17 10:44:26,008 - WARNING - n/a - new_structure - GET / - Middleware initialization skipped: Table 'teacher' is already defined for this MetaData instance.  Specify 'extend_existing=True' to redefine options and columns on an existing Table object.
2025-09-17 10:44:26,009 - WARNING - n/a - root - GET / - SECURITY VALIDATION: In-memory rate limit storage in production
2025-09-17 10:44:26,009 - WARNING - n/a - root - GET / - SECURITY VALIDATION: In-memory rate limit storage in production
2025-09-17 10:44:26,009 - WARNING - n/a - root - GET / - Security validation completed with issues: 1
2025-09-17 10:44:26,009 - WARNING - n/a - root - GET / - Security validation completed with issues: 1
2025-09-17 10:44:26,029 - WARNING - n/a - new_structure - GET / - Overriding configured redis RATELIMIT_STORAGE_URL with memory:// due to earlier fallback
2025-09-17 10:44:26,029 - WARNING - n/a - new_structure - GET / - Overriding configured redis RATELIMIT_STORAGE_URL with memory:// due to earlier fallback
2025-09-17 10:44:26,029 - WARNING - n/a - new_structure - GET / - Overriding configured redis RATELIMIT_STORAGE_URL with memory:// due to earlier fallback
2025-09-17 10:44:26,032 - INFO - n/a - new_structure - GET / - Rate limiter storage active: memory://
2025-09-17 10:44:26,032 - INFO - n/a - new_structure - GET / - Rate limiter storage active: memory://
2025-09-17 10:44:26,032 - INFO - n/a - new_structure - GET / - Rate limiter storage active: memory://
2025-09-17 10:44:26,041 - INFO - n/a - new_structure.utils.database_init - GET / - ? Starting database initialization (MySQL mode)
2025-09-17 10:44:26,041 - INFO - n/a - new_structure.utils.database_init - GET / - ? Starting database initialization (MySQL mode)
2025-09-17 10:44:26,041 - INFO - n/a - new_structure.utils.database_init - GET / - ? Starting database initialization (MySQL mode)
2025-09-17 10:44:26,047 - ERROR - n/a - new_structure.utils.database_init - GET / - Error creating tables: Table 'teacher' is already defined for this MetaData instance.  Specify 'extend_existing=True' to redefine options and columns on an existing Table object.
2025-09-17 10:44:26,047 - ERROR - n/a - new_structure.utils.database_init - GET / - Error creating tables: Table 'teacher' is already defined for this MetaData instance.  Specify 'extend_existing=True' to redefine options and columns on an existing Table object.
2025-09-17 10:44:26,047 - ERROR - n/a - new_structure.utils.database_init - GET / - Error creating tables: Table 'teacher' is already defined for this MetaData instance.  Specify 'extend_existing=True' to redefine options and columns on an existing Table object.
2025-09-17 10:44:26,081 - WARNING - n/a - new_structure - GET / - Middleware initialization skipped: Table 'teacher' is already defined for this MetaData instance.  Specify 'extend_existing=True' to redefine options and columns on an existing Table object.
2025-09-17 10:44:26,081 - WARNING - n/a - new_structure - GET / - Middleware initialization skipped: Table 'teacher' is already defined for this MetaData instance.  Specify 'extend_existing=True' to redefine options and columns on an existing Table object.
2025-09-17 10:44:26,081 - WARNING - n/a - new_structure - GET / - Middleware initialization skipped: Table 'teacher' is already defined for this MetaData instance.  Specify 'extend_existing=True' to redefine options and columns on an existing Table object.
2025-09-17 10:44:27,631 - INFO - n/a - new_structure -   - Generated strong development SECRET_KEY (persisted).
2025-09-17 10:44:27,631 - INFO - n/a - new_structure -   - Generated strong development SECRET_KEY (persisted).
2025-09-17 10:44:27,631 - INFO - n/a - new_structure -   - Generated strong development SECRET_KEY (persisted).
2025-09-17 10:47:42,473 - INFO - n/a - new_structure - GET / - Rate limiter storage active: memory://
2025-09-17 10:47:42,822 - INFO - n/a - mark_validation - GET / - Mark sanitizer middleware initialized
2025-09-17 10:47:42,895 - WARNING - n/a - new_structure - GET / - Overriding configured redis RATELIMIT_STORAGE_URL with memory:// due to earlier fallback
2025-09-17 10:47:42,895 - WARNING - n/a - new_structure - GET / - Overriding configured redis RATELIMIT_STORAGE_URL with memory:// due to earlier fallback
2025-09-17 10:47:42,898 - WARNING - n/a - new_structure - GET / - Limiter initialization failed; continuing without limits: In-memory rate limiting backend is not allowed in production. Set RATE_LIMIT_STORAGE_URI to a Redis URI or ALLOW_IN_MEMORY_LIMITS=1 for a temporary override.
2025-09-17 10:47:42,898 - WARNING - n/a - new_structure - GET / - Limiter initialization failed; continuing without limits: In-memory rate limiting backend is not allowed in production. Set RATE_LIMIT_STORAGE_URI to a Redis URI or ALLOW_IN_MEMORY_LIMITS=1 for a temporary override.
2025-09-17 10:47:43,085 - INFO - n/a - new_structure.utils.database_init - GET / - ? Starting database initialization (MySQL mode)
2025-09-17 10:47:43,085 - INFO - n/a - new_structure.utils.database_init - GET / - ? Starting database initialization (MySQL mode)
2025-09-17 10:47:43,363 - INFO - n/a - new_structure.utils.database_init - GET / - ? Tables ensured (SQLAlchemy metadata create_all)
2025-09-17 10:47:43,363 - INFO - n/a - new_structure.utils.database_init - GET / - ? Tables ensured (SQLAlchemy metadata create_all)
2025-09-17 10:47:43,364 - ERROR - n/a - new_structure.utils.database_init - GET / - Error seeding defaults: One or more mappers failed to initialize - can't proceed with initialization of other mappers. Triggering mapper: 'Mapper[Teacher(teacher)]'. Original exception was: Multiple classes found for path "Stream" in the registry of this declarative base. Please use a fully module-qualified path.
2025-09-17 10:47:43,364 - ERROR - n/a - new_structure.utils.database_init - GET / - Error seeding defaults: One or more mappers failed to initialize - can't proceed with initialization of other mappers. Triggering mapper: 'Mapper[Teacher(teacher)]'. Original exception was: Multiple classes found for path "Stream" in the registry of this declarative base. Please use a fully module-qualified path.
2025-09-17 10:47:43,740 - INFO - n/a - mark_validation - GET / - Mark sanitizer middleware initialized
2025-09-17 10:47:43,740 - INFO - n/a - mark_validation - GET / - Mark sanitizer middleware initialized
2025-09-17 10:47:43,744 - WARNING - n/a - root - GET / - SECURITY VALIDATION: In-memory rate limit storage in production
2025-09-17 10:47:43,744 - WARNING - n/a - root - GET / - SECURITY VALIDATION: In-memory rate limit storage in production
2025-09-17 10:47:43,744 - WARNING - n/a - root - GET / - Security validation completed with issues: 1
2025-09-17 10:47:43,744 - WARNING - n/a - root - GET / - Security validation completed with issues: 1
2025-09-17 10:47:43,770 - WARNING - n/a - new_structure - GET / - Overriding configured redis RATELIMIT_STORAGE_URL with memory:// due to earlier fallback
2025-09-17 10:47:43,770 - WARNING - n/a - new_structure - GET / - Overriding configured redis RATELIMIT_STORAGE_URL with memory:// due to earlier fallback
2025-09-17 10:47:43,770 - WARNING - n/a - new_structure - GET / - Overriding configured redis RATELIMIT_STORAGE_URL with memory:// due to earlier fallback
2025-09-17 10:47:43,772 - INFO - n/a - new_structure - GET / - Rate limiter storage active: memory://
2025-09-17 10:47:43,772 - INFO - n/a - new_structure - GET / - Rate limiter storage active: memory://
2025-09-17 10:47:43,772 - INFO - n/a - new_structure - GET / - Rate limiter storage active: memory://
2025-09-17 10:47:43,996 - INFO - n/a - new_structure.utils.database_init - GET / - ? Starting database initialization (MySQL mode)
2025-09-17 10:47:43,996 - INFO - n/a - new_structure.utils.database_init - GET / - ? Starting database initialization (MySQL mode)
2025-09-17 10:47:43,996 - INFO - n/a - new_structure.utils.database_init - GET / - ? Starting database initialization (MySQL mode)
2025-09-17 10:47:44,124 - INFO - n/a - new_structure.utils.database_init - GET / - ? Tables ensured (SQLAlchemy metadata create_all)
2025-09-17 10:47:44,124 - INFO - n/a - new_structure.utils.database_init - GET / - ? Tables ensured (SQLAlchemy metadata create_all)
2025-09-17 10:47:44,124 - INFO - n/a - new_structure.utils.database_init - GET / - ? Tables ensured (SQLAlchemy metadata create_all)
2025-09-17 10:47:44,125 - ERROR - n/a - new_structure.utils.database_init - GET / - Error seeding defaults: One or more mappers failed to initialize - can't proceed with initialization of other mappers. Triggering mapper: 'Mapper[Teacher(teacher)]'. Original exception was: Multiple classes found for path "Stream" in the registry of this declarative base. Please use a fully module-qualified path.
2025-09-17 10:47:44,125 - ERROR - n/a - new_structure.utils.database_init - GET / - Error seeding defaults: One or more mappers failed to initialize - can't proceed with initialization of other mappers. Triggering mapper: 'Mapper[Teacher(teacher)]'. Original exception was: Multiple classes found for path "Stream" in the registry of this declarative base. Please use a fully module-qualified path.
2025-09-17 10:47:44,125 - ERROR - n/a - new_structure.utils.database_init - GET / - Error seeding defaults: One or more mappers failed to initialize - can't proceed with initialization of other mappers. Triggering mapper: 'Mapper[Teacher(teacher)]'. Original exception was: Multiple classes found for path "Stream" in the registry of this declarative base. Please use a fully module-qualified path.
2025-09-17 10:47:44,737 - INFO - n/a - mark_validation - GET / - Mark sanitizer middleware initialized
2025-09-17 10:47:44,737 - INFO - n/a - mark_validation - GET / - Mark sanitizer middleware initialized
2025-09-17 10:47:44,737 - INFO - n/a - mark_validation - GET / - Mark sanitizer middleware initialized
2025-09-17 10:47:44,754 - INFO - n/a - new_structure -   - Generated strong development SECRET_KEY (persisted).
2025-09-17 10:47:44,754 - INFO - n/a - new_structure -   - Generated strong development SECRET_KEY (persisted).
2025-09-17 10:47:44,754 - INFO - n/a - new_structure -   - Generated strong development SECRET_KEY (persisted).
2025-09-17 10:56:11,219 - INFO - n/a - new_structure - GET / - Rate limiter storage active: memory://
2025-09-17 10:56:11,509 - INFO - n/a - mark_validation - GET / - Mark sanitizer middleware initialized
2025-09-17 10:56:11,576 - WARNING - n/a - new_structure - GET / - Overriding configured redis RATELIMIT_STORAGE_URL with memory:// due to earlier fallback
2025-09-17 10:56:11,576 - WARNING - n/a - new_structure - GET / - Overriding configured redis RATELIMIT_STORAGE_URL with memory:// due to earlier fallback
2025-09-17 10:56:11,579 - WARNING - n/a - new_structure - GET / - Limiter initialization failed; continuing without limits: In-memory rate limiting backend is not allowed in production. Set RATE_LIMIT_STORAGE_URI to a Redis URI or ALLOW_IN_MEMORY_LIMITS=1 for a temporary override.
2025-09-17 10:56:11,579 - WARNING - n/a - new_structure - GET / - Limiter initialization failed; continuing without limits: In-memory rate limiting backend is not allowed in production. Set RATE_LIMIT_STORAGE_URI to a Redis URI or ALLOW_IN_MEMORY_LIMITS=1 for a temporary override.
2025-09-17 10:56:11,739 - INFO - n/a - new_structure.utils.database_init - GET / - ? Starting database initialization (MySQL mode)
2025-09-17 10:56:11,739 - INFO - n/a - new_structure.utils.database_init - GET / - ? Starting database initialization (MySQL mode)
2025-09-17 10:56:11,852 - INFO - n/a - new_structure.utils.database_init - GET / - ? Tables ensured (SQLAlchemy metadata create_all)
2025-09-17 10:56:11,852 - INFO - n/a - new_structure.utils.database_init - GET / - ? Tables ensured (SQLAlchemy metadata create_all)
2025-09-17 10:56:11,853 - ERROR - n/a - new_structure.utils.database_init - GET / - Error seeding defaults: One or more mappers failed to initialize - can't proceed with initialization of other mappers. Triggering mapper: 'Mapper[Teacher(teacher)]'. Original exception was: Multiple classes found for path "new_structure.models.academic.Stream" in the registry of this declarative base. Please use a fully module-qualified path.
2025-09-17 10:56:11,853 - ERROR - n/a - new_structure.utils.database_init - GET / - Error seeding defaults: One or more mappers failed to initialize - can't proceed with initialization of other mappers. Triggering mapper: 'Mapper[Teacher(teacher)]'. Original exception was: Multiple classes found for path "new_structure.models.academic.Stream" in the registry of this declarative base. Please use a fully module-qualified path.
2025-09-17 10:56:12,191 - INFO - n/a - mark_validation - GET / - Mark sanitizer middleware initialized
2025-09-17 10:56:12,191 - INFO - n/a - mark_validation - GET / - Mark sanitizer middleware initialized
2025-09-17 10:56:12,193 - WARNING - n/a - root - GET / - SECURITY VALIDATION: In-memory rate limit storage in production
2025-09-17 10:56:12,193 - WARNING - n/a - root - GET / - SECURITY VALIDATION: In-memory rate limit storage in production
2025-09-17 10:56:12,195 - WARNING - n/a - root - GET / - Security validation completed with issues: 1
2025-09-17 10:56:12,195 - WARNING - n/a - root - GET / - Security validation completed with issues: 1
2025-09-17 10:56:12,220 - WARNING - n/a - new_structure - GET / - Overriding configured redis RATELIMIT_STORAGE_URL with memory:// due to earlier fallback
2025-09-17 10:56:12,220 - WARNING - n/a - new_structure - GET / - Overriding configured redis RATELIMIT_STORAGE_URL with memory:// due to earlier fallback
2025-09-17 10:56:12,220 - WARNING - n/a - new_structure - GET / - Overriding configured redis RATELIMIT_STORAGE_URL with memory:// due to earlier fallback
2025-09-17 10:56:12,223 - INFO - n/a - new_structure - GET / - Rate limiter storage active: memory://
2025-09-17 10:56:12,223 - INFO - n/a - new_structure - GET / - Rate limiter storage active: memory://
2025-09-17 10:56:12,223 - INFO - n/a - new_structure - GET / - Rate limiter storage active: memory://
2025-09-17 10:56:12,384 - INFO - n/a - new_structure.utils.database_init - GET / - ? Starting database initialization (MySQL mode)
2025-09-17 10:56:12,384 - INFO - n/a - new_structure.utils.database_init - GET / - ? Starting database initialization (MySQL mode)
2025-09-17 10:56:12,384 - INFO - n/a - new_structure.utils.database_init - GET / - ? Starting database initialization (MySQL mode)
2025-09-17 10:56:12,481 - INFO - n/a - new_structure.utils.database_init - GET / - ? Tables ensured (SQLAlchemy metadata create_all)
2025-09-17 10:56:12,481 - INFO - n/a - new_structure.utils.database_init - GET / - ? Tables ensured (SQLAlchemy metadata create_all)
2025-09-17 10:56:12,481 - INFO - n/a - new_structure.utils.database_init - GET / - ? Tables ensured (SQLAlchemy metadata create_all)
2025-09-17 10:56:12,483 - ERROR - n/a - new_structure.utils.database_init - GET / - Error seeding defaults: One or more mappers failed to initialize - can't proceed with initialization of other mappers. Triggering mapper: 'Mapper[Teacher(teacher)]'. Original exception was: Multiple classes found for path "new_structure.models.academic.Stream" in the registry of this declarative base. Please use a fully module-qualified path.
2025-09-17 10:56:12,483 - ERROR - n/a - new_structure.utils.database_init - GET / - Error seeding defaults: One or more mappers failed to initialize - can't proceed with initialization of other mappers. Triggering mapper: 'Mapper[Teacher(teacher)]'. Original exception was: Multiple classes found for path "new_structure.models.academic.Stream" in the registry of this declarative base. Please use a fully module-qualified path.
2025-09-17 10:56:12,483 - ERROR - n/a - new_structure.utils.database_init - GET / - Error seeding defaults: One or more mappers failed to initialize - can't proceed with initialization of other mappers. Triggering mapper: 'Mapper[Teacher(teacher)]'. Original exception was: Multiple classes found for path "new_structure.models.academic.Stream" in the registry of this declarative base. Please use a fully module-qualified path.
2025-09-17 10:56:13,030 - INFO - n/a - mark_validation - GET / - Mark sanitizer middleware initialized
2025-09-17 10:56:13,030 - INFO - n/a - mark_validation - GET / - Mark sanitizer middleware initialized
2025-09-17 10:56:13,030 - INFO - n/a - mark_validation - GET / - Mark sanitizer middleware initialized
2025-09-17 10:56:13,042 - INFO - n/a - new_structure -   - Generated strong development SECRET_KEY (persisted).
2025-09-17 10:56:13,042 - INFO - n/a - new_structure -   - Generated strong development SECRET_KEY (persisted).
2025-09-17 10:56:13,042 - INFO - n/a - new_structure -   - Generated strong development SECRET_KEY (persisted).
2025-09-17 10:59:52,285 - INFO - n/a - new_structure - GET / - Rate limiter storage active: memory://
2025-09-17 10:59:52,600 - INFO - n/a - mark_validation - GET / - Mark sanitizer middleware initialized
2025-09-17 10:59:52,670 - WARNING - n/a - new_structure - GET / - Overriding configured redis RATELIMIT_STORAGE_URL with memory:// due to earlier fallback
2025-09-17 10:59:52,670 - WARNING - n/a - new_structure - GET / - Overriding configured redis RATELIMIT_STORAGE_URL with memory:// due to earlier fallback
2025-09-17 10:59:52,673 - WARNING - n/a - new_structure - GET / - Limiter initialization failed; continuing without limits: In-memory rate limiting backend is not allowed in production. Set RATE_LIMIT_STORAGE_URI to a Redis URI or ALLOW_IN_MEMORY_LIMITS=1 for a temporary override.
2025-09-17 10:59:52,673 - WARNING - n/a - new_structure - GET / - Limiter initialization failed; continuing without limits: In-memory rate limiting backend is not allowed in production. Set RATE_LIMIT_STORAGE_URI to a Redis URI or ALLOW_IN_MEMORY_LIMITS=1 for a temporary override.
2025-09-17 10:59:52,846 - INFO - n/a - new_structure.utils.database_init - GET / - ? Starting database initialization (MySQL mode)
2025-09-17 10:59:52,846 - INFO - n/a - new_structure.utils.database_init - GET / - ? Starting database initialization (MySQL mode)
2025-09-17 10:59:52,958 - INFO - n/a - new_structure.utils.database_init - GET / - ? Tables ensured (SQLAlchemy metadata create_all)
2025-09-17 10:59:52,958 - INFO - n/a - new_structure.utils.database_init - GET / - ? Tables ensured (SQLAlchemy metadata create_all)
2025-09-17 10:59:52,960 - ERROR - n/a - new_structure.utils.database_init - GET / - Error seeding defaults: One or more mappers failed to initialize - can't proceed with initialization of other mappers. Triggering mapper: 'Mapper[Teacher(teacher)]'. Original exception was: Multiple classes found for path "new_structure.models.academic.Stream" in the registry of this declarative base. Please use a fully module-qualified path.
2025-09-17 10:59:52,960 - ERROR - n/a - new_structure.utils.database_init - GET / - Error seeding defaults: One or more mappers failed to initialize - can't proceed with initialization of other mappers. Triggering mapper: 'Mapper[Teacher(teacher)]'. Original exception was: Multiple classes found for path "new_structure.models.academic.Stream" in the registry of this declarative base. Please use a fully module-qualified path.
2025-09-17 10:59:53,310 - INFO - n/a - mark_validation - GET / - Mark sanitizer middleware initialized
2025-09-17 10:59:53,310 - INFO - n/a - mark_validation - GET / - Mark sanitizer middleware initialized
2025-09-17 10:59:53,312 - WARNING - n/a - root - GET / - SECURITY VALIDATION: In-memory rate limit storage in production
2025-09-17 10:59:53,312 - WARNING - n/a - root - GET / - SECURITY VALIDATION: In-memory rate limit storage in production
2025-09-17 10:59:53,314 - WARNING - n/a - root - GET / - Security validation completed with issues: 1
2025-09-17 10:59:53,314 - WARNING - n/a - root - GET / - Security validation completed with issues: 1
2025-09-17 10:59:53,340 - WARNING - n/a - new_structure - GET / - Overriding configured redis RATELIMIT_STORAGE_URL with memory:// due to earlier fallback
2025-09-17 10:59:53,340 - WARNING - n/a - new_structure - GET / - Overriding configured redis RATELIMIT_STORAGE_URL with memory:// due to earlier fallback
2025-09-17 10:59:53,340 - WARNING - n/a - new_structure - GET / - Overriding configured redis RATELIMIT_STORAGE_URL with memory:// due to earlier fallback
2025-09-17 10:59:53,344 - INFO - n/a - new_structure - GET / - Rate limiter storage active: memory://
2025-09-17 10:59:53,344 - INFO - n/a - new_structure - GET / - Rate limiter storage active: memory://
2025-09-17 10:59:53,344 - INFO - n/a - new_structure - GET / - Rate limiter storage active: memory://
2025-09-17 10:59:53,515 - INFO - n/a - new_structure.utils.database_init - GET / - ? Starting database initialization (MySQL mode)
2025-09-17 10:59:53,515 - INFO - n/a - new_structure.utils.database_init - GET / - ? Starting database initialization (MySQL mode)
2025-09-17 10:59:53,515 - INFO - n/a - new_structure.utils.database_init - GET / - ? Starting database initialization (MySQL mode)
2025-09-17 10:59:53,653 - INFO - n/a - new_structure.utils.database_init - GET / - ? Tables ensured (SQLAlchemy metadata create_all)
2025-09-17 10:59:53,653 - INFO - n/a - new_structure.utils.database_init - GET / - ? Tables ensured (SQLAlchemy metadata create_all)
2025-09-17 10:59:53,653 - INFO - n/a - new_structure.utils.database_init - GET / - ? Tables ensured (SQLAlchemy metadata create_all)
2025-09-17 10:59:53,655 - ERROR - n/a - new_structure.utils.database_init - GET / - Error seeding defaults: One or more mappers failed to initialize - can't proceed with initialization of other mappers. Triggering mapper: 'Mapper[Teacher(teacher)]'. Original exception was: Multiple classes found for path "new_structure.models.academic.Stream" in the registry of this declarative base. Please use a fully module-qualified path.
2025-09-17 10:59:53,655 - ERROR - n/a - new_structure.utils.database_init - GET / - Error seeding defaults: One or more mappers failed to initialize - can't proceed with initialization of other mappers. Triggering mapper: 'Mapper[Teacher(teacher)]'. Original exception was: Multiple classes found for path "new_structure.models.academic.Stream" in the registry of this declarative base. Please use a fully module-qualified path.
2025-09-17 10:59:53,655 - ERROR - n/a - new_structure.utils.database_init - GET / - Error seeding defaults: One or more mappers failed to initialize - can't proceed with initialization of other mappers. Triggering mapper: 'Mapper[Teacher(teacher)]'. Original exception was: Multiple classes found for path "new_structure.models.academic.Stream" in the registry of this declarative base. Please use a fully module-qualified path.
2025-09-17 10:59:54,222 - INFO - n/a - mark_validation - GET / - Mark sanitizer middleware initialized
2025-09-17 10:59:54,222 - INFO - n/a - mark_validation - GET / - Mark sanitizer middleware initialized
2025-09-17 10:59:54,222 - INFO - n/a - mark_validation - GET / - Mark sanitizer middleware initialized
2025-09-17 10:59:54,239 - INFO - n/a - new_structure -   - Generated strong development SECRET_KEY (persisted).
2025-09-17 10:59:54,239 - INFO - n/a - new_structure -   - Generated strong development SECRET_KEY (persisted).
2025-09-17 10:59:54,239 - INFO - n/a - new_structure -   - Generated strong development SECRET_KEY (persisted).
2025-09-17 11:03:37,491 - INFO - n/a - new_structure - GET / - Rate limiter storage active: memory://
2025-09-17 11:03:37,967 - INFO - n/a - mark_validation - GET / - Mark sanitizer middleware initialized
2025-09-17 11:03:38,053 - WARNING - n/a - new_structure - GET / - Overriding configured redis RATELIMIT_STORAGE_URL with memory:// due to earlier fallback
2025-09-17 11:03:38,053 - WARNING - n/a - new_structure - GET / - Overriding configured redis RATELIMIT_STORAGE_URL with memory:// due to earlier fallback
2025-09-17 11:03:38,058 - WARNING - n/a - new_structure - GET / - Limiter initialization failed; continuing without limits: In-memory rate limiting backend is not allowed in production. Set RATE_LIMIT_STORAGE_URI to a Redis URI or ALLOW_IN_MEMORY_LIMITS=1 for a temporary override.
2025-09-17 11:03:38,058 - WARNING - n/a - new_structure - GET / - Limiter initialization failed; continuing without limits: In-memory rate limiting backend is not allowed in production. Set RATE_LIMIT_STORAGE_URI to a Redis URI or ALLOW_IN_MEMORY_LIMITS=1 for a temporary override.
2025-09-17 11:03:38,363 - INFO - n/a - new_structure.utils.database_init - GET / - ? Starting database initialization (MySQL mode)
2025-09-17 11:03:38,363 - INFO - n/a - new_structure.utils.database_init - GET / - ? Starting database initialization (MySQL mode)
2025-09-17 11:03:38,494 - INFO - n/a - new_structure.utils.database_init - GET / - ? Tables ensured (SQLAlchemy metadata create_all)
2025-09-17 11:03:38,494 - INFO - n/a - new_structure.utils.database_init - GET / - ? Tables ensured (SQLAlchemy metadata create_all)
2025-09-17 11:03:38,497 - ERROR - n/a - new_structure.utils.database_init - GET / - Error seeding defaults: One or more mappers failed to initialize - can't proceed with initialization of other mappers. Triggering mapper: 'Mapper[Teacher(teacher)]'. Original exception was: Multiple classes found for path "new_structure.models.academic.Stream" in the registry of this declarative base. Please use a fully module-qualified path.
2025-09-17 11:03:38,497 - ERROR - n/a - new_structure.utils.database_init - GET / - Error seeding defaults: One or more mappers failed to initialize - can't proceed with initialization of other mappers. Triggering mapper: 'Mapper[Teacher(teacher)]'. Original exception was: Multiple classes found for path "new_structure.models.academic.Stream" in the registry of this declarative base. Please use a fully module-qualified path.
2025-09-17 11:03:38,980 - INFO - n/a - mark_validation - GET / - Mark sanitizer middleware initialized
2025-09-17 11:03:38,980 - INFO - n/a - mark_validation - GET / - Mark sanitizer middleware initialized
2025-09-17 11:03:38,983 - WARNING - n/a - root - GET / - SECURITY VALIDATION: In-memory rate limit storage in production
2025-09-17 11:03:38,983 - WARNING - n/a - root - GET / - SECURITY VALIDATION: In-memory rate limit storage in production
2025-09-17 11:03:38,985 - WARNING - n/a - root - GET / - Security validation completed with issues: 1
2025-09-17 11:03:38,985 - WARNING - n/a - root - GET / - Security validation completed with issues: 1
2025-09-17 11:03:39,025 - WARNING - n/a - new_structure - GET / - Overriding configured redis RATELIMIT_STORAGE_URL with memory:// due to earlier fallback
2025-09-17 11:03:39,025 - WARNING - n/a - new_structure - GET / - Overriding configured redis RATELIMIT_STORAGE_URL with memory:// due to earlier fallback
2025-09-17 11:03:39,025 - WARNING - n/a - new_structure - GET / - Overriding configured redis RATELIMIT_STORAGE_URL with memory:// due to earlier fallback
2025-09-17 11:03:39,027 - INFO - n/a - new_structure - GET / - Rate limiter storage active: memory://
2025-09-17 11:03:39,027 - INFO - n/a - new_structure - GET / - Rate limiter storage active: memory://
2025-09-17 11:03:39,027 - INFO - n/a - new_structure - GET / - Rate limiter storage active: memory://
2025-09-17 11:03:39,285 - INFO - n/a - new_structure.utils.database_init - GET / - ? Starting database initialization (MySQL mode)
2025-09-17 11:03:39,285 - INFO - n/a - new_structure.utils.database_init - GET / - ? Starting database initialization (MySQL mode)
2025-09-17 11:03:39,285 - INFO - n/a - new_structure.utils.database_init - GET / - ? Starting database initialization (MySQL mode)
2025-09-17 11:03:39,408 - INFO - n/a - new_structure.utils.database_init - GET / - ? Tables ensured (SQLAlchemy metadata create_all)
2025-09-17 11:03:39,408 - INFO - n/a - new_structure.utils.database_init - GET / - ? Tables ensured (SQLAlchemy metadata create_all)
2025-09-17 11:03:39,408 - INFO - n/a - new_structure.utils.database_init - GET / - ? Tables ensured (SQLAlchemy metadata create_all)
2025-09-17 11:03:39,412 - ERROR - n/a - new_structure.utils.database_init - GET / - Error seeding defaults: One or more mappers failed to initialize - can't proceed with initialization of other mappers. Triggering mapper: 'Mapper[Teacher(teacher)]'. Original exception was: Multiple classes found for path "new_structure.models.academic.Stream" in the registry of this declarative base. Please use a fully module-qualified path.
2025-09-17 11:03:39,412 - ERROR - n/a - new_structure.utils.database_init - GET / - Error seeding defaults: One or more mappers failed to initialize - can't proceed with initialization of other mappers. Triggering mapper: 'Mapper[Teacher(teacher)]'. Original exception was: Multiple classes found for path "new_structure.models.academic.Stream" in the registry of this declarative base. Please use a fully module-qualified path.
2025-09-17 11:03:39,412 - ERROR - n/a - new_structure.utils.database_init - GET / - Error seeding defaults: One or more mappers failed to initialize - can't proceed with initialization of other mappers. Triggering mapper: 'Mapper[Teacher(teacher)]'. Original exception was: Multiple classes found for path "new_structure.models.academic.Stream" in the registry of this declarative base. Please use a fully module-qualified path.
2025-09-17 11:03:40,171 - INFO - n/a - mark_validation - GET / - Mark sanitizer middleware initialized
2025-09-17 11:03:40,171 - INFO - n/a - mark_validation - GET / - Mark sanitizer middleware initialized
2025-09-17 11:03:40,171 - INFO - n/a - mark_validation - GET / - Mark sanitizer middleware initialized
2025-09-17 11:03:40,188 - INFO - n/a - new_structure -   - Generated strong development SECRET_KEY (persisted).
2025-09-17 11:03:40,188 - INFO - n/a - new_structure -   - Generated strong development SECRET_KEY (persisted).
2025-09-17 11:03:40,188 - INFO - n/a - new_structure -   - Generated strong development SECRET_KEY (persisted).
2025-09-17 11:31:01,654 - INFO - n/a - new_structure - GET / - Rate limiter storage active: memory://
2025-09-17 11:31:02,037 - INFO - n/a - mark_validation - GET / - Mark sanitizer middleware initialized
2025-09-17 11:31:02,118 - WARNING - n/a - new_structure - GET / - Overriding configured redis RATELIMIT_STORAGE_URL with memory:// due to earlier fallback
2025-09-17 11:31:02,118 - WARNING - n/a - new_structure - GET / - Overriding configured redis RATELIMIT_STORAGE_URL with memory:// due to earlier fallback
2025-09-17 11:31:02,122 - WARNING - n/a - new_structure - GET / - Limiter initialization failed; continuing without limits: In-memory rate limiting backend is not allowed in production. Set RATE_LIMIT_STORAGE_URI to a Redis URI or ALLOW_IN_MEMORY_LIMITS=1 for a temporary override.
2025-09-17 11:31:02,122 - WARNING - n/a - new_structure - GET / - Limiter initialization failed; continuing without limits: In-memory rate limiting backend is not allowed in production. Set RATE_LIMIT_STORAGE_URI to a Redis URI or ALLOW_IN_MEMORY_LIMITS=1 for a temporary override.
2025-09-17 11:31:02,524 - INFO - n/a - new_structure.utils.database_init - GET / - ? Starting database initialization (MySQL mode)
2025-09-17 11:31:02,524 - INFO - n/a - new_structure.utils.database_init - GET / - ? Starting database initialization (MySQL mode)
2025-09-17 11:31:02,637 - INFO - n/a - new_structure.utils.database_init - GET / - ? Tables ensured (SQLAlchemy metadata create_all)
2025-09-17 11:31:02,637 - INFO - n/a - new_structure.utils.database_init - GET / - ? Tables ensured (SQLAlchemy metadata create_all)
2025-09-17 11:31:02,641 - ERROR - n/a - new_structure.utils.database_init - GET / - Error seeding defaults: One or more mappers failed to initialize - can't proceed with initialization of other mappers. Triggering mapper: 'Mapper[ReportTemplate(report_template)]'. Original exception was: Multiple classes found for path "Teacher" in the registry of this declarative base. Please use a fully module-qualified path.
2025-09-17 11:31:02,641 - ERROR - n/a - new_structure.utils.database_init - GET / - Error seeding defaults: One or more mappers failed to initialize - can't proceed with initialization of other mappers. Triggering mapper: 'Mapper[ReportTemplate(report_template)]'. Original exception was: Multiple classes found for path "Teacher" in the registry of this declarative base. Please use a fully module-qualified path.
2025-09-17 11:31:03,092 - INFO - n/a - mark_validation - GET / - Mark sanitizer middleware initialized
2025-09-17 11:31:03,092 - INFO - n/a - mark_validation - GET / - Mark sanitizer middleware initialized
2025-09-17 11:31:03,096 - WARNING - n/a - root - GET / - SECURITY VALIDATION: In-memory rate limit storage in production
2025-09-17 11:31:03,096 - WARNING - n/a - root - GET / - SECURITY VALIDATION: In-memory rate limit storage in production
2025-09-17 11:31:03,098 - WARNING - n/a - root - GET / - Security validation completed with issues: 1
2025-09-17 11:31:03,098 - WARNING - n/a - root - GET / - Security validation completed with issues: 1
2025-09-17 11:31:03,131 - WARNING - n/a - new_structure - GET / - Overriding configured redis RATELIMIT_STORAGE_URL with memory:// due to earlier fallback
2025-09-17 11:31:03,131 - WARNING - n/a - new_structure - GET / - Overriding configured redis RATELIMIT_STORAGE_URL with memory:// due to earlier fallback
2025-09-17 11:31:03,131 - WARNING - n/a - new_structure - GET / - Overriding configured redis RATELIMIT_STORAGE_URL with memory:// due to earlier fallback
2025-09-17 11:31:03,134 - INFO - n/a - new_structure - GET / - Rate limiter storage active: memory://
2025-09-17 11:31:03,134 - INFO - n/a - new_structure - GET / - Rate limiter storage active: memory://
2025-09-17 11:31:03,134 - INFO - n/a - new_structure - GET / - Rate limiter storage active: memory://
2025-09-17 11:31:03,545 - INFO - n/a - new_structure.utils.database_init - GET / - ? Starting database initialization (MySQL mode)
2025-09-17 11:31:03,545 - INFO - n/a - new_structure.utils.database_init - GET / - ? Starting database initialization (MySQL mode)
2025-09-17 11:31:03,545 - INFO - n/a - new_structure.utils.database_init - GET / - ? Starting database initialization (MySQL mode)
2025-09-17 11:31:03,658 - INFO - n/a - new_structure.utils.database_init - GET / - ? Tables ensured (SQLAlchemy metadata create_all)
2025-09-17 11:31:03,658 - INFO - n/a - new_structure.utils.database_init - GET / - ? Tables ensured (SQLAlchemy metadata create_all)
2025-09-17 11:31:03,658 - INFO - n/a - new_structure.utils.database_init - GET / - ? Tables ensured (SQLAlchemy metadata create_all)
2025-09-17 11:31:03,661 - ERROR - n/a - new_structure.utils.database_init - GET / - Error seeding defaults: One or more mappers failed to initialize - can't proceed with initialization of other mappers. Triggering mapper: 'Mapper[ReportTemplate(report_template)]'. Original exception was: Multiple classes found for path "Teacher" in the registry of this declarative base. Please use a fully module-qualified path.
2025-09-17 11:31:03,661 - ERROR - n/a - new_structure.utils.database_init - GET / - Error seeding defaults: One or more mappers failed to initialize - can't proceed with initialization of other mappers. Triggering mapper: 'Mapper[ReportTemplate(report_template)]'. Original exception was: Multiple classes found for path "Teacher" in the registry of this declarative base. Please use a fully module-qualified path.
2025-09-17 11:31:03,661 - ERROR - n/a - new_structure.utils.database_init - GET / - Error seeding defaults: One or more mappers failed to initialize - can't proceed with initialization of other mappers. Triggering mapper: 'Mapper[ReportTemplate(report_template)]'. Original exception was: Multiple classes found for path "Teacher" in the registry of this declarative base. Please use a fully module-qualified path.
2025-09-17 11:31:04,149 - INFO - n/a - mark_validation - GET / - Mark sanitizer middleware initialized
2025-09-17 11:31:04,149 - INFO - n/a - mark_validation - GET / - Mark sanitizer middleware initialized
2025-09-17 11:31:04,149 - INFO - n/a - mark_validation - GET / - Mark sanitizer middleware initialized
2025-09-17 11:31:04,167 - INFO - n/a - new_structure -   - Generated strong development SECRET_KEY (persisted).
2025-09-17 11:31:04,167 - INFO - n/a - new_structure -   - Generated strong development SECRET_KEY (persisted).
2025-09-17 11:31:04,167 - INFO - n/a - new_structure -   - Generated strong development SECRET_KEY (persisted).
2025-09-17 11:34:02,501 - INFO - n/a - new_structure - GET / - Rate limiter storage active: memory://
2025-09-17 11:34:02,862 - INFO - n/a - mark_validation - GET / - Mark sanitizer middleware initialized
2025-09-17 11:34:02,931 - WARNING - n/a - new_structure - GET / - Overriding configured redis RATELIMIT_STORAGE_URL with memory:// due to earlier fallback
2025-09-17 11:34:02,931 - WARNING - n/a - new_structure - GET / - Overriding configured redis RATELIMIT_STORAGE_URL with memory:// due to earlier fallback
2025-09-17 11:34:02,934 - WARNING - n/a - new_structure - GET / - Limiter initialization failed; continuing without limits: In-memory rate limiting backend is not allowed in production. Set RATE_LIMIT_STORAGE_URI to a Redis URI or ALLOW_IN_MEMORY_LIMITS=1 for a temporary override.
2025-09-17 11:34:02,934 - WARNING - n/a - new_structure - GET / - Limiter initialization failed; continuing without limits: In-memory rate limiting backend is not allowed in production. Set RATE_LIMIT_STORAGE_URI to a Redis URI or ALLOW_IN_MEMORY_LIMITS=1 for a temporary override.
2025-09-17 11:34:04,090 - INFO - n/a - mark_validation - GET / - Mark sanitizer middleware initialized
2025-09-17 11:34:04,090 - INFO - n/a - mark_validation - GET / - Mark sanitizer middleware initialized
2025-09-17 11:34:04,092 - WARNING - n/a - root - GET / - SECURITY VALIDATION: In-memory rate limit storage in production
2025-09-17 11:34:04,092 - WARNING - n/a - root - GET / - SECURITY VALIDATION: In-memory rate limit storage in production
2025-09-17 11:34:04,093 - WARNING - n/a - root - GET / - Security validation completed with issues: 1
2025-09-17 11:34:04,093 - WARNING - n/a - root - GET / - Security validation completed with issues: 1
2025-09-17 11:34:04,125 - WARNING - n/a - new_structure - GET / - Overriding configured redis RATELIMIT_STORAGE_URL with memory:// due to earlier fallback
2025-09-17 11:34:04,125 - WARNING - n/a - new_structure - GET / - Overriding configured redis RATELIMIT_STORAGE_URL with memory:// due to earlier fallback
2025-09-17 11:34:04,125 - WARNING - n/a - new_structure - GET / - Overriding configured redis RATELIMIT_STORAGE_URL with memory:// due to earlier fallback
2025-09-17 11:34:04,128 - INFO - n/a - new_structure - GET / - Rate limiter storage active: memory://
2025-09-17 11:34:04,128 - INFO - n/a - new_structure - GET / - Rate limiter storage active: memory://
2025-09-17 11:34:04,128 - INFO - n/a - new_structure - GET / - Rate limiter storage active: memory://
2025-09-17 11:34:05,020 - INFO - n/a - mark_validation - GET / - Mark sanitizer middleware initialized
2025-09-17 11:34:05,020 - INFO - n/a - mark_validation - GET / - Mark sanitizer middleware initialized
2025-09-17 11:34:05,020 - INFO - n/a - mark_validation - GET / - Mark sanitizer middleware initialized
2025-09-17 11:34:05,035 - INFO - n/a - new_structure -   - Generated strong development SECRET_KEY (persisted).
2025-09-17 11:34:05,035 - INFO - n/a - new_structure -   - Generated strong development SECRET_KEY (persisted).
2025-09-17 11:34:05,035 - INFO - n/a - new_structure -   - Generated strong development SECRET_KEY (persisted).
2025-09-17 11:38:56,634 - INFO - n/a - new_structure - GET / - Rate limiter storage active: memory://
2025-09-17 11:38:56,937 - INFO - n/a - mark_validation - GET / - Mark sanitizer middleware initialized
2025-09-17 11:38:57,004 - WARNING - n/a - new_structure - GET / - Overriding configured redis RATELIMIT_STORAGE_URL with memory:// due to earlier fallback
2025-09-17 11:38:57,004 - WARNING - n/a - new_structure - GET / - Overriding configured redis RATELIMIT_STORAGE_URL with memory:// due to earlier fallback
2025-09-17 11:38:57,007 - WARNING - n/a - new_structure - GET / - Limiter initialization failed; continuing without limits: In-memory rate limiting backend is not allowed in production. Set RATE_LIMIT_STORAGE_URI to a Redis URI or ALLOW_IN_MEMORY_LIMITS=1 for a temporary override.
2025-09-17 11:38:57,007 - WARNING - n/a - new_structure - GET / - Limiter initialization failed; continuing without limits: In-memory rate limiting backend is not allowed in production. Set RATE_LIMIT_STORAGE_URI to a Redis URI or ALLOW_IN_MEMORY_LIMITS=1 for a temporary override.
2025-09-17 11:38:57,934 - INFO - n/a - mark_validation - GET / - Mark sanitizer middleware initialized
2025-09-17 11:38:57,934 - INFO - n/a - mark_validation - GET / - Mark sanitizer middleware initialized
2025-09-17 11:38:57,938 - WARNING - n/a - root - GET / - SECURITY VALIDATION: In-memory rate limit storage in production
2025-09-17 11:38:57,938 - WARNING - n/a - root - GET / - SECURITY VALIDATION: In-memory rate limit storage in production
2025-09-17 11:38:57,940 - WARNING - n/a - root - GET / - Security validation completed with issues: 1
2025-09-17 11:38:57,940 - WARNING - n/a - root - GET / - Security validation completed with issues: 1
2025-09-17 11:38:57,964 - WARNING - n/a - new_structure - GET / - Overriding configured redis RATELIMIT_STORAGE_URL with memory:// due to earlier fallback
2025-09-17 11:38:57,964 - WARNING - n/a - new_structure - GET / - Overriding configured redis RATELIMIT_STORAGE_URL with memory:// due to earlier fallback
2025-09-17 11:38:57,964 - WARNING - n/a - new_structure - GET / - Overriding configured redis RATELIMIT_STORAGE_URL with memory:// due to earlier fallback
2025-09-17 11:38:57,966 - INFO - n/a - new_structure - GET / - Rate limiter storage active: memory://
2025-09-17 11:38:57,966 - INFO - n/a - new_structure - GET / - Rate limiter storage active: memory://
2025-09-17 11:38:57,966 - INFO - n/a - new_structure - GET / - Rate limiter storage active: memory://
2025-09-17 11:38:58,872 - INFO - n/a - mark_validation - GET / - Mark sanitizer middleware initialized
2025-09-17 11:38:58,872 - INFO - n/a - mark_validation - GET / - Mark sanitizer middleware initialized
2025-09-17 11:38:58,872 - INFO - n/a - mark_validation - GET / - Mark sanitizer middleware initialized
2025-09-17 11:38:58,887 - INFO - n/a - new_structure -   - Generated strong development SECRET_KEY (persisted).
2025-09-17 11:38:58,887 - INFO - n/a - new_structure -   - Generated strong development SECRET_KEY (persisted).
2025-09-17 11:38:58,887 - INFO - n/a - new_structure -   - Generated strong development SECRET_KEY (persisted).
2025-09-17 11:42:19,664 - INFO - n/a - new_structure - GET / - Rate limiter storage active: memory://
2025-09-17 11:42:19,984 - INFO - n/a - mark_validation - GET / - Mark sanitizer middleware initialized
2025-09-17 11:42:20,044 - WARNING - n/a - new_structure - GET / - Overriding configured redis RATELIMIT_STORAGE_URL with memory:// due to earlier fallback
2025-09-17 11:42:20,044 - WARNING - n/a - new_structure - GET / - Overriding configured redis RATELIMIT_STORAGE_URL with memory:// due to earlier fallback
2025-09-17 11:42:20,047 - WARNING - n/a - new_structure - GET / - Limiter initialization failed; continuing without limits: In-memory rate limiting backend is not allowed in production. Set RATE_LIMIT_STORAGE_URI to a Redis URI or ALLOW_IN_MEMORY_LIMITS=1 for a temporary override.
2025-09-17 11:42:20,047 - WARNING - n/a - new_structure - GET / - Limiter initialization failed; continuing without limits: In-memory rate limiting backend is not allowed in production. Set RATE_LIMIT_STORAGE_URI to a Redis URI or ALLOW_IN_MEMORY_LIMITS=1 for a temporary override.
2025-09-17 11:42:21,070 - INFO - n/a - mark_validation - GET / - Mark sanitizer middleware initialized
2025-09-17 11:42:21,070 - INFO - n/a - mark_validation - GET / - Mark sanitizer middleware initialized
2025-09-17 11:42:21,072 - WARNING - n/a - root - GET / - SECURITY VALIDATION: In-memory rate limit storage in production
2025-09-17 11:42:21,072 - WARNING - n/a - root - GET / - SECURITY VALIDATION: In-memory rate limit storage in production
2025-09-17 11:42:21,074 - WARNING - n/a - root - GET / - Security validation completed with issues: 1
2025-09-17 11:42:21,074 - WARNING - n/a - root - GET / - Security validation completed with issues: 1
2025-09-17 11:42:21,106 - WARNING - n/a - new_structure - GET / - Overriding configured redis RATELIMIT_STORAGE_URL with memory:// due to earlier fallback
2025-09-17 11:42:21,106 - WARNING - n/a - new_structure - GET / - Overriding configured redis RATELIMIT_STORAGE_URL with memory:// due to earlier fallback
2025-09-17 11:42:21,106 - WARNING - n/a - new_structure - GET / - Overriding configured redis RATELIMIT_STORAGE_URL with memory:// due to earlier fallback
2025-09-17 11:42:21,109 - INFO - n/a - new_structure - GET / - Rate limiter storage active: memory://
2025-09-17 11:42:21,109 - INFO - n/a - new_structure - GET / - Rate limiter storage active: memory://
2025-09-17 11:42:21,109 - INFO - n/a - new_structure - GET / - Rate limiter storage active: memory://
2025-09-17 11:42:21,972 - INFO - n/a - mark_validation - GET / - Mark sanitizer middleware initialized
2025-09-17 11:42:21,972 - INFO - n/a - mark_validation - GET / - Mark sanitizer middleware initialized
2025-09-17 11:42:21,972 - INFO - n/a - mark_validation - GET / - Mark sanitizer middleware initialized
2025-09-17 11:42:21,988 - INFO - n/a - new_structure -   - Generated strong development SECRET_KEY (persisted).
2025-09-17 11:42:21,988 - INFO - n/a - new_structure -   - Generated strong development SECRET_KEY (persisted).
2025-09-17 11:42:21,988 - INFO - n/a - new_structure -   - Generated strong development SECRET_KEY (persisted).
2025-09-17 12:41:58,918 - INFO - n/a - new_structure - GET / - Rate limiter storage active: memory://
2025-09-17 12:41:59,233 - INFO - n/a - mark_validation - GET / - Mark sanitizer middleware initialized
2025-09-17 12:41:59,299 - WARNING - n/a - new_structure - GET / - Overriding configured redis RATELIMIT_STORAGE_URL with memory:// due to earlier fallback
2025-09-17 12:41:59,299 - WARNING - n/a - new_structure - GET / - Overriding configured redis RATELIMIT_STORAGE_URL with memory:// due to earlier fallback
2025-09-17 12:41:59,301 - WARNING - n/a - new_structure - GET / - Limiter initialization failed; continuing without limits: In-memory rate limiting backend is not allowed in production. Set RATE_LIMIT_STORAGE_URI to a Redis URI or ALLOW_IN_MEMORY_LIMITS=1 for a temporary override.
2025-09-17 12:41:59,301 - WARNING - n/a - new_structure - GET / - Limiter initialization failed; continuing without limits: In-memory rate limiting backend is not allowed in production. Set RATE_LIMIT_STORAGE_URI to a Redis URI or ALLOW_IN_MEMORY_LIMITS=1 for a temporary override.
2025-09-17 12:42:00,299 - INFO - n/a - mark_validation - GET / - Mark sanitizer middleware initialized
2025-09-17 12:42:00,299 - INFO - n/a - mark_validation - GET / - Mark sanitizer middleware initialized
2025-09-17 12:42:00,302 - WARNING - n/a - root - GET / - SECURITY VALIDATION: In-memory rate limit storage in production
2025-09-17 12:42:00,302 - WARNING - n/a - root - GET / - SECURITY VALIDATION: In-memory rate limit storage in production
2025-09-17 12:42:00,304 - WARNING - n/a - root - GET / - Security validation completed with issues: 1
2025-09-17 12:42:00,304 - WARNING - n/a - root - GET / - Security validation completed with issues: 1
2025-09-17 12:42:00,327 - WARNING - n/a - new_structure - GET / - Overriding configured redis RATELIMIT_STORAGE_URL with memory:// due to earlier fallback
2025-09-17 12:42:00,327 - WARNING - n/a - new_structure - GET / - Overriding configured redis RATELIMIT_STORAGE_URL with memory:// due to earlier fallback
2025-09-17 12:42:00,327 - WARNING - n/a - new_structure - GET / - Overriding configured redis RATELIMIT_STORAGE_URL with memory:// due to earlier fallback
2025-09-17 12:42:00,329 - INFO - n/a - new_structure - GET / - Rate limiter storage active: memory://
2025-09-17 12:42:00,329 - INFO - n/a - new_structure - GET / - Rate limiter storage active: memory://
2025-09-17 12:42:00,329 - INFO - n/a - new_structure - GET / - Rate limiter storage active: memory://
2025-09-17 12:42:01,165 - INFO - n/a - mark_validation - GET / - Mark sanitizer middleware initialized
2025-09-17 12:42:01,165 - INFO - n/a - mark_validation - GET / - Mark sanitizer middleware initialized
2025-09-17 12:42:01,165 - INFO - n/a - mark_validation - GET / - Mark sanitizer middleware initialized
2025-09-17 12:42:01,180 - INFO - n/a - new_structure -   - Generated strong development SECRET_KEY (persisted).
2025-09-17 12:42:01,180 - INFO - n/a - new_structure -   - Generated strong development SECRET_KEY (persisted).
2025-09-17 12:42:01,180 - INFO - n/a - new_structure -   - Generated strong development SECRET_KEY (persisted).
2025-09-17 12:47:25,869 - INFO - n/a - new_structure - GET / - Rate limiter storage active: memory://
2025-09-17 12:47:26,210 - INFO - n/a - mark_validation - GET / - Mark sanitizer middleware initialized
2025-09-17 12:47:26,278 - WARNING - n/a - new_structure - GET / - Overriding configured redis RATELIMIT_STORAGE_URL with memory:// due to earlier fallback
2025-09-17 12:47:26,278 - WARNING - n/a - new_structure - GET / - Overriding configured redis RATELIMIT_STORAGE_URL with memory:// due to earlier fallback
2025-09-17 12:47:26,282 - WARNING - n/a - new_structure - GET / - Limiter initialization failed; continuing without limits: In-memory rate limiting backend is not allowed in production. Set RATE_LIMIT_STORAGE_URI to a Redis URI or ALLOW_IN_MEMORY_LIMITS=1 for a temporary override.
2025-09-17 12:47:26,282 - WARNING - n/a - new_structure - GET / - Limiter initialization failed; continuing without limits: In-memory rate limiting backend is not allowed in production. Set RATE_LIMIT_STORAGE_URI to a Redis URI or ALLOW_IN_MEMORY_LIMITS=1 for a temporary override.
2025-09-17 12:47:27,328 - INFO - n/a - mark_validation - GET / - Mark sanitizer middleware initialized
2025-09-17 12:47:27,328 - INFO - n/a - mark_validation - GET / - Mark sanitizer middleware initialized
2025-09-17 12:47:27,330 - WARNING - n/a - root - GET / - SECURITY VALIDATION: In-memory rate limit storage in production
2025-09-17 12:47:27,330 - WARNING - n/a - root - GET / - SECURITY VALIDATION: In-memory rate limit storage in production
2025-09-17 12:47:27,331 - WARNING - n/a - root - GET / - Security validation completed with issues: 1
2025-09-17 12:47:27,331 - WARNING - n/a - root - GET / - Security validation completed with issues: 1
2025-09-17 12:47:27,356 - WARNING - n/a - new_structure - GET / - Overriding configured redis RATELIMIT_STORAGE_URL with memory:// due to earlier fallback
2025-09-17 12:47:27,356 - WARNING - n/a - new_structure - GET / - Overriding configured redis RATELIMIT_STORAGE_URL with memory:// due to earlier fallback
2025-09-17 12:47:27,356 - WARNING - n/a - new_structure - GET / - Overriding configured redis RATELIMIT_STORAGE_URL with memory:// due to earlier fallback
2025-09-17 12:47:27,359 - INFO - n/a - new_structure - GET / - Rate limiter storage active: memory://
2025-09-17 12:47:27,359 - INFO - n/a - new_structure - GET / - Rate limiter storage active: memory://
2025-09-17 12:47:27,359 - INFO - n/a - new_structure - GET / - Rate limiter storage active: memory://
2025-09-17 12:47:28,234 - INFO - n/a - mark_validation - GET / - Mark sanitizer middleware initialized
2025-09-17 12:47:28,234 - INFO - n/a - mark_validation - GET / - Mark sanitizer middleware initialized
2025-09-17 12:47:28,234 - INFO - n/a - mark_validation - GET / - Mark sanitizer middleware initialized
2025-09-17 12:47:28,250 - INFO - n/a - new_structure -   - Generated strong development SECRET_KEY (persisted).
2025-09-17 12:47:28,250 - INFO - n/a - new_structure -   - Generated strong development SECRET_KEY (persisted).
2025-09-17 12:47:28,250 - INFO - n/a - new_structure -   - Generated strong development SECRET_KEY (persisted).
2025-09-17 12:51:23,551 - INFO - n/a - new_structure - GET / - Rate limiter storage active: memory://
2025-09-17 12:51:24,067 - INFO - n/a - mark_validation - GET / - Mark sanitizer middleware initialized
2025-09-17 12:51:24,129 - WARNING - n/a - new_structure - GET / - Overriding configured redis RATELIMIT_STORAGE_URL with memory:// due to earlier fallback
2025-09-17 12:51:24,129 - WARNING - n/a - new_structure - GET / - Overriding configured redis RATELIMIT_STORAGE_URL with memory:// due to earlier fallback
2025-09-17 12:51:24,132 - WARNING - n/a - new_structure - GET / - Limiter initialization failed; continuing without limits: In-memory rate limiting backend is not allowed in production. Set RATE_LIMIT_STORAGE_URI to a Redis URI or ALLOW_IN_MEMORY_LIMITS=1 for a temporary override.
2025-09-17 12:51:24,132 - WARNING - n/a - new_structure - GET / - Limiter initialization failed; continuing without limits: In-memory rate limiting backend is not allowed in production. Set RATE_LIMIT_STORAGE_URI to a Redis URI or ALLOW_IN_MEMORY_LIMITS=1 for a temporary override.
2025-09-17 12:51:25,017 - INFO - n/a - mark_validation - GET / - Mark sanitizer middleware initialized
2025-09-17 12:51:25,017 - INFO - n/a - mark_validation - GET / - Mark sanitizer middleware initialized
2025-09-17 12:51:25,020 - WARNING - n/a - root - GET / - SECURITY VALIDATION: In-memory rate limit storage in production
2025-09-17 12:51:25,020 - WARNING - n/a - root - GET / - SECURITY VALIDATION: In-memory rate limit storage in production
2025-09-17 12:51:25,021 - WARNING - n/a - root - GET / - Security validation completed with issues: 1
2025-09-17 12:51:25,021 - WARNING - n/a - root - GET / - Security validation completed with issues: 1
2025-09-17 12:51:25,052 - WARNING - n/a - new_structure - GET / - Overriding configured redis RATELIMIT_STORAGE_URL with memory:// due to earlier fallback
2025-09-17 12:51:25,052 - WARNING - n/a - new_structure - GET / - Overriding configured redis RATELIMIT_STORAGE_URL with memory:// due to earlier fallback
2025-09-17 12:51:25,052 - WARNING - n/a - new_structure - GET / - Overriding configured redis RATELIMIT_STORAGE_URL with memory:// due to earlier fallback
2025-09-17 12:51:25,055 - INFO - n/a - new_structure - GET / - Rate limiter storage active: memory://
2025-09-17 12:51:25,055 - INFO - n/a - new_structure - GET / - Rate limiter storage active: memory://
2025-09-17 12:51:25,055 - INFO - n/a - new_structure - GET / - Rate limiter storage active: memory://
2025-09-17 12:51:26,099 - INFO - n/a - mark_validation - GET / - Mark sanitizer middleware initialized
2025-09-17 12:51:26,099 - INFO - n/a - mark_validation - GET / - Mark sanitizer middleware initialized
2025-09-17 12:51:26,099 - INFO - n/a - mark_validation - GET / - Mark sanitizer middleware initialized
2025-09-17 12:51:26,114 - INFO - n/a - new_structure -   - Generated strong development SECRET_KEY (persisted).
2025-09-17 12:51:26,114 - INFO - n/a - new_structure -   - Generated strong development SECRET_KEY (persisted).
2025-09-17 12:51:26,114 - INFO - n/a - new_structure -   - Generated strong development SECRET_KEY (persisted).
2025-09-17 12:58:49,480 - INFO - n/a - new_structure - GET / - Rate limiter storage active: memory://
2025-09-17 12:58:49,967 - INFO - n/a - mark_validation - GET / - Mark sanitizer middleware initialized
2025-09-17 12:58:50,028 - WARNING - n/a - new_structure - GET / - Overriding configured redis RATELIMIT_STORAGE_URL with memory:// due to earlier fallback
2025-09-17 12:58:50,028 - WARNING - n/a - new_structure - GET / - Overriding configured redis RATELIMIT_STORAGE_URL with memory:// due to earlier fallback
2025-09-17 12:58:50,030 - WARNING - n/a - new_structure - GET / - Limiter initialization failed; continuing without limits: In-memory rate limiting backend is not allowed in production. Set RATE_LIMIT_STORAGE_URI to a Redis URI or ALLOW_IN_MEMORY_LIMITS=1 for a temporary override.
2025-09-17 12:58:50,030 - WARNING - n/a - new_structure - GET / - Limiter initialization failed; continuing without limits: In-memory rate limiting backend is not allowed in production. Set RATE_LIMIT_STORAGE_URI to a Redis URI or ALLOW_IN_MEMORY_LIMITS=1 for a temporary override.
2025-09-17 12:58:50,799 - INFO - n/a - mark_validation - GET / - Mark sanitizer middleware initialized
2025-09-17 12:58:50,799 - INFO - n/a - mark_validation - GET / - Mark sanitizer middleware initialized
2025-09-17 12:58:50,801 - WARNING - n/a - root - GET / - SECURITY VALIDATION: In-memory rate limit storage in production
2025-09-17 12:58:50,801 - WARNING - n/a - root - GET / - SECURITY VALIDATION: In-memory rate limit storage in production
2025-09-17 12:58:50,803 - WARNING - n/a - root - GET / - Security validation completed with issues: 1
2025-09-17 12:58:50,803 - WARNING - n/a - root - GET / - Security validation completed with issues: 1
2025-09-17 12:58:50,826 - WARNING - n/a - new_structure - GET / - Overriding configured redis RATELIMIT_STORAGE_URL with memory:// due to earlier fallback
2025-09-17 12:58:50,826 - WARNING - n/a - new_structure - GET / - Overriding configured redis RATELIMIT_STORAGE_URL with memory:// due to earlier fallback
2025-09-17 12:58:50,826 - WARNING - n/a - new_structure - GET / - Overriding configured redis RATELIMIT_STORAGE_URL with memory:// due to earlier fallback
2025-09-17 12:58:50,829 - INFO - n/a - new_structure - GET / - Rate limiter storage active: memory://
2025-09-17 12:58:50,829 - INFO - n/a - new_structure - GET / - Rate limiter storage active: memory://
2025-09-17 12:58:50,829 - INFO - n/a - new_structure - GET / - Rate limiter storage active: memory://
2025-09-17 12:58:51,761 - INFO - n/a - mark_validation - GET / - Mark sanitizer middleware initialized
2025-09-17 12:58:51,761 - INFO - n/a - mark_validation - GET / - Mark sanitizer middleware initialized
2025-09-17 12:58:51,761 - INFO - n/a - mark_validation - GET / - Mark sanitizer middleware initialized
2025-09-17 12:58:51,774 - INFO - n/a - new_structure -   - Generated strong development SECRET_KEY (persisted).
2025-09-17 12:58:51,774 - INFO - n/a - new_structure -   - Generated strong development SECRET_KEY (persisted).
2025-09-17 12:58:51,774 - INFO - n/a - new_structure -   - Generated strong development SECRET_KEY (persisted).
2025-09-17 12:59:05,512 - WARNING - n/a - new_structure - GET / - Overriding configured redis RATELIMIT_STORAGE_URL with memory:// due to earlier fallback
2025-09-17 12:59:05,515 - WARNING - n/a - new_structure - GET / - Limiter initialization failed; continuing without limits: In-memory rate limiting backend is not allowed in production. Set RATE_LIMIT_STORAGE_URI to a Redis URI or ALLOW_IN_MEMORY_LIMITS=1 for a temporary override.
2025-09-17 12:59:05,527 - INFO - n/a - new_structure.utils.database_init - GET / - ? Starting database initialization (MySQL mode)
2025-09-17 12:59:05,572 - INFO - n/a - new_structure.utils.database_init - GET / - ? Tables ensured (SQLAlchemy metadata create_all)
2025-09-17 12:59:10,668 - INFO - n/a - new_structure.utils.database_init - GET / - ? Default users added
2025-09-17 12:59:10,684 - INFO - n/a - new_structure.utils.database_init - GET / - ?? Academic structure seeded
2025-09-17 12:59:10,686 - INFO - n/a - new_structure.utils.database_init - GET / - ? Subjects seeded
2025-09-17 12:59:10,687 - INFO - n/a - new_structure.utils.database_init - GET / - ? School configuration created
2025-09-17 12:59:10,709 - INFO - n/a - new_structure.utils.database_init - GET / - ? Default data seeded successfully
2025-09-17 12:59:11,278 - INFO - n/a - mark_validation - GET / - Mark sanitizer middleware initialized
2025-09-17 12:59:11,281 - WARNING - n/a - root - GET / - SECURITY VALIDATION: In-memory rate limit storage in production
2025-09-17 12:59:11,282 - WARNING - n/a - root - GET / - Security validation completed with issues: 1
2025-09-17 12:59:11,283 - WARNING - n/a - new_structure - GET / - Proceeding with in-memory rate limiter under allowed test override (ephemeral sqlite).
2025-09-17 12:59:11,387 - INFO - n/a - new_structure - GET / - Generated strong development SECRET_KEY (persisted).
2025-09-17 12:59:14,188 - WARNING - n/a - new_structure - GET / - Overriding configured redis RATELIMIT_STORAGE_URL with memory:// due to earlier fallback
2025-09-17 12:59:14,190 - WARNING - n/a - new_structure - GET / - Limiter initialization failed; continuing without limits: In-memory rate limiting backend is not allowed in production. Set RATE_LIMIT_STORAGE_URI to a Redis URI or ALLOW_IN_MEMORY_LIMITS=1 for a temporary override.
2025-09-17 12:59:14,198 - INFO - n/a - new_structure.utils.database_init - GET / - ? Starting database initialization (MySQL mode)
2025-09-17 12:59:14,230 - INFO - n/a - new_structure.utils.database_init - GET / - ? Tables ensured (SQLAlchemy metadata create_all)
2025-09-17 12:59:19,052 - INFO - n/a - new_structure.utils.database_init - GET / - ? Default users added
2025-09-17 12:59:19,064 - INFO - n/a - new_structure.utils.database_init - GET / - ?? Academic structure seeded
2025-09-17 12:59:19,065 - INFO - n/a - new_structure.utils.database_init - GET / - ? Subjects seeded
2025-09-17 12:59:19,066 - INFO - n/a - new_structure.utils.database_init - GET / - ? School configuration created
2025-09-17 12:59:19,083 - INFO - n/a - new_structure.utils.database_init - GET / - ? Default data seeded successfully
2025-09-17 12:59:19,356 - INFO - n/a - mark_validation - GET / - Mark sanitizer middleware initialized
2025-09-17 12:59:19,359 - WARNING - n/a - root - GET / - SECURITY VALIDATION: In-memory rate limit storage in production
2025-09-17 12:59:19,359 - WARNING - n/a - root - GET / - Security validation completed with issues: 1
2025-09-17 12:59:19,360 - WARNING - n/a - new_structure - GET / - Proceeding with in-memory rate limiter under allowed test override (ephemeral sqlite).
2025-09-17 12:59:19,459 - WARNING - n/a - new_structure - GET / - Insecure SECRET_KEY detected in production configuration (placeholder detected)
2025-09-17 12:59:19,552 - INFO - n/a - new_structure - GET / - Generated strong development SECRET_KEY (persisted).
2025-09-17 12:59:19,557 - INFO - n/a - new_structure - GET / - Rate limiter storage active: memory://
2025-09-17 12:59:19,557 - INFO - n/a - new_structure - GET / - Rate limiter storage active: memory://
2025-09-17 12:59:19,564 - INFO - n/a - new_structure.utils.database_init - GET / - ? Starting database initialization (MySQL mode)
2025-09-17 12:59:19,564 - INFO - n/a - new_structure.utils.database_init - GET / - ? Starting database initialization (MySQL mode)
2025-09-17 12:59:19,591 - INFO - n/a - new_structure.utils.database_init - GET / - ? Tables ensured (SQLAlchemy metadata create_all)
2025-09-17 12:59:19,591 - INFO - n/a - new_structure.utils.database_init - GET / - ? Tables ensured (SQLAlchemy metadata create_all)
2025-09-17 12:59:26,369 - INFO - n/a - new_structure.utils.database_init - GET / - ? Default users added
2025-09-17 12:59:26,369 - INFO - n/a - new_structure.utils.database_init - GET / - ? Default users added
2025-09-17 12:59:26,389 - INFO - n/a - new_structure.utils.database_init - GET / - ?? Academic structure seeded
2025-09-17 12:59:26,389 - INFO - n/a - new_structure.utils.database_init - GET / - ?? Academic structure seeded
2025-09-17 12:59:26,392 - INFO - n/a - new_structure.utils.database_init - GET / - ? Subjects seeded
2025-09-17 12:59:26,392 - INFO - n/a - new_structure.utils.database_init - GET / - ? Subjects seeded
2025-09-17 12:59:26,393 - INFO - n/a - new_structure.utils.database_init - GET / - ? School configuration created
2025-09-17 12:59:26,393 - INFO - n/a - new_structure.utils.database_init - GET / - ? School configuration created
2025-09-17 12:59:26,418 - INFO - n/a - new_structure.utils.database_init - GET / - ? Default data seeded successfully
2025-09-17 12:59:26,418 - INFO - n/a - new_structure.utils.database_init - GET / - ? Default data seeded successfully
2025-09-17 12:59:26,809 - INFO - n/a - mark_validation - GET / - Mark sanitizer middleware initialized
2025-09-17 12:59:26,809 - INFO - n/a - mark_validation - GET / - Mark sanitizer middleware initialized
2025-09-17 12:59:27,837 - WARNING - 0d208396614543a286e33cc585d38d9e - new_structure - GET /classteacher/subject_report/2/2/1/1/1 - subject_report.unauthorized_access
2025-09-17 12:59:27,837 - WARNING - 0d208396614543a286e33cc585d38d9e - new_structure - GET /classteacher/subject_report/2/2/1/1/1 - subject_report.unauthorized_access
2025-09-17 12:59:27,839 - INFO - 0d208396614543a286e33cc585d38d9e - new_structure - GET /classteacher/subject_report/2/2/1/1/1 - {'event': 'report.subject.view:completed', 'correlation_id': '7a973005-fc55-40b9-9cf3-fa5f22b8645d', 'ip': '127.0.0.1', 'method': 'GET', 'path': '/classteacher/subject_report/2/2/1/1/1', 'role': 'teacher', 'teacher_id': 6, 'status': 403}
2025-09-17 12:59:27,839 - INFO - 0d208396614543a286e33cc585d38d9e - new_structure - GET /classteacher/subject_report/2/2/1/1/1 - {'event': 'report.subject.view:completed', 'correlation_id': '7a973005-fc55-40b9-9cf3-fa5f22b8645d', 'ip': '127.0.0.1', 'method': 'GET', 'path': '/classteacher/subject_report/2/2/1/1/1', 'role': 'teacher', 'teacher_id': 6, 'status': 403}
2025-09-17 12:59:28,034 - INFO - 4ca279fd5c4c467aaafb32a76174e482 - new_structure - GET /classteacher/subject_report/2/2/1/1/1 - subject_report.render
2025-09-17 12:59:28,034 - INFO - 4ca279fd5c4c467aaafb32a76174e482 - new_structure - GET /classteacher/subject_report/2/2/1/1/1 - subject_report.render
2025-09-17 12:59:28,036 - INFO - 4ca279fd5c4c467aaafb32a76174e482 - new_structure - GET /classteacher/subject_report/2/2/1/1/1 - {'event': 'report.subject.view:success', 'correlation_id': '9d96cf0e-b2b4-4a65-8440-dd1dbfef0af2', 'ip': '127.0.0.1', 'method': 'GET', 'path': '/classteacher/subject_report/2/2/1/1/1', 'role': 'teacher', 'teacher_id': 5, 'status': 200}
2025-09-17 12:59:28,036 - INFO - 4ca279fd5c4c467aaafb32a76174e482 - new_structure - GET /classteacher/subject_report/2/2/1/1/1 - {'event': 'report.subject.view:success', 'correlation_id': '9d96cf0e-b2b4-4a65-8440-dd1dbfef0af2', 'ip': '127.0.0.1', 'method': 'GET', 'path': '/classteacher/subject_report/2/2/1/1/1', 'role': 'teacher', 'teacher_id': 5, 'status': 200}
2025-09-17 12:59:28,181 - WARNING - 001d695af26a45e987f71760c72caf2d - new_structure - GET /classteacher/subject_report/2/2/1/999/1 - subject_report.invalid_parameters
2025-09-17 12:59:28,181 - WARNING - 001d695af26a45e987f71760c72caf2d - new_structure - GET /classteacher/subject_report/2/2/1/999/1 - subject_report.invalid_parameters
2025-09-17 12:59:28,184 - INFO - 001d695af26a45e987f71760c72caf2d - new_structure - GET /classteacher/subject_report/2/2/1/999/1 - {'event': 'report.subject.view:completed', 'correlation_id': '4dcf6d0d-[REDACTED-PHONE]a77b-c404313d7623', 'ip': '127.0.0.1', 'method': 'GET', 'path': '/classteacher/subject_report/2/2/1/999/1', 'role': 'teacher', 'teacher_id': 5, 'status': 400}
2025-09-17 12:59:28,184 - INFO - 001d695af26a45e987f71760c72caf2d - new_structure - GET /classteacher/subject_report/2/2/1/999/1 - {'event': 'report.subject.view:completed', 'correlation_id': '4dcf6d0d-[REDACTED-PHONE]a77b-c404313d7623', 'ip': '127.0.0.1', 'method': 'GET', 'path': '/classteacher/subject_report/2/2/1/999/1', 'role': 'teacher', 'teacher_id': 5, 'status': 400}
2025-09-17 12:59:28,333 - INFO - bab16f8127814e9ea87478d04d0f4ac5 - new_structure - GET /classteacher/subject_report/2/2/1/1/2 - subject_report.no_marks
2025-09-17 12:59:28,333 - INFO - bab16f8127814e9ea87478d04d0f4ac5 - new_structure - GET /classteacher/subject_report/2/2/1/1/2 - subject_report.no_marks
2025-09-17 12:59:28,335 - INFO - bab16f8127814e9ea87478d04d0f4ac5 - new_structure - GET /classteacher/subject_report/2/2/1/1/2 - {'event': 'report.subject.view:completed', 'correlation_id': '60b96758-5489-481e-ae20-e157b2654bf4', 'ip': '127.0.0.1', 'method': 'GET', 'path': '/classteacher/subject_report/2/2/1/1/2', 'role': 'teacher', 'teacher_id': 5, 'status': 404}
2025-09-17 12:59:28,335 - INFO - bab16f8127814e9ea87478d04d0f4ac5 - new_structure - GET /classteacher/subject_report/2/2/1/1/2 - {'event': 'report.subject.view:completed', 'correlation_id': '60b96758-5489-481e-ae20-e157b2654bf4', 'ip': '127.0.0.1', 'method': 'GET', 'path': '/classteacher/subject_report/2/2/1/1/2', 'role': 'teacher', 'teacher_id': 5, 'status': 404}
2025-09-17 12:59:28,563 - INFO - 312ddae78e6f4f25a600f2d39bd50344 - new_structure - GET /classteacher/subject_report/2/2/1/1/1 - subject_report.render
2025-09-17 12:59:28,563 - INFO - 312ddae78e6f4f25a600f2d39bd50344 - new_structure - GET /classteacher/subject_report/2/2/1/1/1 - subject_report.render
2025-09-17 12:59:28,579 - INFO - 312ddae78e6f4f25a600f2d39bd50344 - new_structure - GET /classteacher/subject_report/2/2/1/1/1 - {'event': 'report.subject.view:success', 'correlation_id': '0df6a6e6-5574-46b3-aee6-6d23fce230e2', 'ip': '127.0.0.1', 'method': 'GET', 'path': '/classteacher/subject_report/2/2/1/1/1', 'role': 'headteacher', 'teacher_id': 1, 'status': 200}
2025-09-17 12:59:28,579 - INFO - 312ddae78e6f4f25a600f2d39bd50344 - new_structure - GET /classteacher/subject_report/2/2/1/1/1 - {'event': 'report.subject.view:success', 'correlation_id': '0df6a6e6-5574-46b3-aee6-6d23fce230e2', 'ip': '127.0.0.1', 'method': 'GET', 'path': '/classteacher/subject_report/2/2/1/1/1', 'role': 'headteacher', 'teacher_id': 1, 'status': 200}
2025-09-17 12:59:28,830 - INFO - 23498a70441f43d3ad36186364afcefe - new_structure - GET /classteacher/subject_report/2/2/1/1/1 - subject_report.render
2025-09-17 12:59:28,830 - INFO - 23498a70441f43d3ad36186364afcefe - new_structure - GET /classteacher/subject_report/2/2/1/1/1 - subject_report.render
2025-09-17 12:59:28,833 - INFO - 23498a70441f43d3ad36186364afcefe - new_structure - GET /classteacher/subject_report/2/2/1/1/1 - {'event': 'report.subject.view:success', 'correlation_id': '1e3744df-53d7-4337-bdd3-7c9dad77e78f', 'ip': '127.0.0.1', 'method': 'GET', 'path': '/classteacher/subject_report/2/2/1/1/1', 'role': 'classteacher', 'teacher_id': 7, 'status': 200}
2025-09-17 12:59:28,833 - INFO - 23498a70441f43d3ad36186364afcefe - new_structure - GET /classteacher/subject_report/2/2/1/1/1 - {'event': 'report.subject.view:success', 'correlation_id': '1e3744df-53d7-4337-bdd3-7c9dad77e78f', 'ip': '127.0.0.1', 'method': 'GET', 'path': '/classteacher/subject_report/2/2/1/1/1', 'role': 'classteacher', 'teacher_id': 7, 'status': 200}
2025-09-17 12:59:28,845 - INFO - n/a - new_structure -   - Generated strong development SECRET_KEY (persisted).
2025-09-17 12:59:28,845 - INFO - n/a - new_structure -   - Generated strong development SECRET_KEY (persisted).
2025-09-17 13:03:07,662 - INFO - n/a - new_structure - GET / - Rate limiter storage active: memory://
2025-09-17 13:03:08,162 - INFO - n/a - mark_validation - GET / - Mark sanitizer middleware initialized
2025-09-17 13:03:08,233 - WARNING - n/a - new_structure - GET / - Overriding configured redis RATELIMIT_STORAGE_URL with memory:// due to earlier fallback
2025-09-17 13:03:08,233 - WARNING - n/a - new_structure - GET / - Overriding configured redis RATELIMIT_STORAGE_URL with memory:// due to earlier fallback
2025-09-17 13:03:08,235 - WARNING - n/a - new_structure - GET / - Limiter initialization failed; continuing without limits: In-memory rate limiting backend is not allowed in production. Set RATE_LIMIT_STORAGE_URI to a Redis URI or ALLOW_IN_MEMORY_LIMITS=1 for a temporary override.
2025-09-17 13:03:08,235 - WARNING - n/a - new_structure - GET / - Limiter initialization failed; continuing without limits: In-memory rate limiting backend is not allowed in production. Set RATE_LIMIT_STORAGE_URI to a Redis URI or ALLOW_IN_MEMORY_LIMITS=1 for a temporary override.
2025-09-17 13:03:09,060 - INFO - n/a - mark_validation - GET / - Mark sanitizer middleware initialized
2025-09-17 13:03:09,060 - INFO - n/a - mark_validation - GET / - Mark sanitizer middleware initialized
2025-09-17 13:03:09,062 - WARNING - n/a - root - GET / - SECURITY VALIDATION: In-memory rate limit storage in production
2025-09-17 13:03:09,062 - WARNING - n/a - root - GET / - SECURITY VALIDATION: In-memory rate limit storage in production
2025-09-17 13:03:09,064 - WARNING - n/a - root - GET / - Security validation completed with issues: 1
2025-09-17 13:03:09,064 - WARNING - n/a - root - GET / - Security validation completed with issues: 1
2025-09-17 13:03:09,086 - WARNING - n/a - new_structure - GET / - Overriding configured redis RATELIMIT_STORAGE_URL with memory:// due to earlier fallback
2025-09-17 13:03:09,086 - WARNING - n/a - new_structure - GET / - Overriding configured redis RATELIMIT_STORAGE_URL with memory:// due to earlier fallback
2025-09-17 13:03:09,086 - WARNING - n/a - new_structure - GET / - Overriding configured redis RATELIMIT_STORAGE_URL with memory:// due to earlier fallback
2025-09-17 13:03:09,090 - INFO - n/a - new_structure - GET / - Rate limiter storage active: memory://
2025-09-17 13:03:09,090 - INFO - n/a - new_structure - GET / - Rate limiter storage active: memory://
2025-09-17 13:03:09,090 - INFO - n/a - new_structure - GET / - Rate limiter storage active: memory://
2025-09-17 13:03:10,144 - INFO - n/a - mark_validation - GET / - Mark sanitizer middleware initialized
2025-09-17 13:03:10,144 - INFO - n/a - mark_validation - GET / - Mark sanitizer middleware initialized
2025-09-17 13:03:10,144 - INFO - n/a - mark_validation - GET / - Mark sanitizer middleware initialized
2025-09-17 13:03:10,158 - INFO - n/a - new_structure -   - Generated strong development SECRET_KEY (persisted).
2025-09-17 13:03:10,158 - INFO - n/a - new_structure -   - Generated strong development SECRET_KEY (persisted).
2025-09-17 13:03:10,158 - INFO - n/a - new_structure -   - Generated strong development SECRET_KEY (persisted).
2025-09-17 13:03:14,947 - WARNING - n/a - new_structure - GET / - Overriding configured redis RATELIMIT_STORAGE_URL with memory:// due to earlier fallback
2025-09-17 13:03:14,951 - WARNING - n/a - new_structure - GET / - Limiter initialization failed; continuing without limits: In-memory rate limiting backend is not allowed in production. Set RATE_LIMIT_STORAGE_URI to a Redis URI or ALLOW_IN_MEMORY_LIMITS=1 for a temporary override.
2025-09-17 13:03:14,959 - INFO - n/a - new_structure.utils.database_init - GET / - ? Starting database initialization (MySQL mode)
2025-09-17 13:03:14,990 - INFO - n/a - new_structure.utils.database_init - GET / - ? Tables ensured (SQLAlchemy metadata create_all)
2025-09-17 13:03:19,283 - INFO - n/a - new_structure.utils.database_init - GET / - ? Default users added
2025-09-17 13:03:19,298 - INFO - n/a - new_structure.utils.database_init - GET / - ?? Academic structure seeded
2025-09-17 13:03:19,299 - INFO - n/a - new_structure.utils.database_init - GET / - ? Subjects seeded
2025-09-17 13:03:19,301 - INFO - n/a - new_structure.utils.database_init - GET / - ? School configuration created
2025-09-17 13:03:19,314 - INFO - n/a - new_structure.utils.database_init - GET / - ? Default data seeded successfully
2025-09-17 13:03:19,765 - INFO - n/a - mark_validation - GET / - Mark sanitizer middleware initialized
2025-09-17 13:03:19,768 - WARNING - n/a - root - GET / - SECURITY VALIDATION: In-memory rate limit storage in production
2025-09-17 13:03:19,769 - WARNING - n/a - root - GET / - Security validation completed with issues: 1
2025-09-17 13:03:19,769 - WARNING - n/a - new_structure - GET / - Proceeding with in-memory rate limiter under allowed test override (ephemeral sqlite).
2025-09-17 13:03:19,846 - INFO - n/a - new_structure - GET / - Generated strong development SECRET_KEY (persisted).
2025-09-17 13:03:22,266 - WARNING - n/a - new_structure - GET / - Overriding configured redis RATELIMIT_STORAGE_URL with memory:// due to earlier fallback
2025-09-17 13:03:22,268 - WARNING - n/a - new_structure - GET / - Limiter initialization failed; continuing without limits: In-memory rate limiting backend is not allowed in production. Set RATE_LIMIT_STORAGE_URI to a Redis URI or ALLOW_IN_MEMORY_LIMITS=1 for a temporary override.
2025-09-17 13:03:22,279 - INFO - n/a - new_structure.utils.database_init - GET / - ? Starting database initialization (MySQL mode)
2025-09-17 13:03:22,308 - INFO - n/a - new_structure.utils.database_init - GET / - ? Tables ensured (SQLAlchemy metadata create_all)
2025-09-17 13:03:26,587 - INFO - n/a - new_structure.utils.database_init - GET / - ? Default users added
2025-09-17 13:03:26,602 - INFO - n/a - new_structure.utils.database_init - GET / - ?? Academic structure seeded
2025-09-17 13:03:26,604 - INFO - n/a - new_structure.utils.database_init - GET / - ? Subjects seeded
2025-09-17 13:03:26,605 - INFO - n/a - new_structure.utils.database_init - GET / - ? School configuration created
2025-09-17 13:03:26,618 - INFO - n/a - new_structure.utils.database_init - GET / - ? Default data seeded successfully
2025-09-17 13:03:26,882 - INFO - n/a - mark_validation - GET / - Mark sanitizer middleware initialized
2025-09-17 13:03:26,886 - WARNING - n/a - root - GET / - SECURITY VALIDATION: In-memory rate limit storage in production
2025-09-17 13:03:26,887 - WARNING - n/a - root - GET / - Security validation completed with issues: 1
2025-09-17 13:03:26,887 - WARNING - n/a - new_structure - GET / - Proceeding with in-memory rate limiter under allowed test override (ephemeral sqlite).
2025-09-17 13:03:26,967 - WARNING - n/a - new_structure - GET / - Insecure SECRET_KEY detected in production configuration (placeholder detected)
2025-09-17 13:03:27,042 - INFO - n/a - new_structure - GET / - Generated strong development SECRET_KEY (persisted).
2025-09-17 13:03:27,047 - INFO - n/a - new_structure - GET / - Rate limiter storage active: memory://
2025-09-17 13:03:27,047 - INFO - n/a - new_structure - GET / - Rate limiter storage active: memory://
2025-09-17 13:03:27,055 - INFO - n/a - new_structure.utils.database_init - GET / - ? Starting database initialization (MySQL mode)
2025-09-17 13:03:27,055 - INFO - n/a - new_structure.utils.database_init - GET / - ? Starting database initialization (MySQL mode)
2025-09-17 13:03:27,082 - INFO - n/a - new_structure.utils.database_init - GET / - ? Tables ensured (SQLAlchemy metadata create_all)
2025-09-17 13:03:27,082 - INFO - n/a - new_structure.utils.database_init - GET / - ? Tables ensured (SQLAlchemy metadata create_all)
2025-09-17 13:03:31,703 - INFO - n/a - new_structure.utils.database_init - GET / - ? Default users added
2025-09-17 13:03:31,703 - INFO - n/a - new_structure.utils.database_init - GET / - ? Default users added
2025-09-17 13:03:31,716 - INFO - n/a - new_structure.utils.database_init - GET / - ?? Academic structure seeded
2025-09-17 13:03:31,716 - INFO - n/a - new_structure.utils.database_init - GET / - ?? Academic structure seeded
2025-09-17 13:03:31,718 - INFO - n/a - new_structure.utils.database_init - GET / - ? Subjects seeded
2025-09-17 13:03:31,718 - INFO - n/a - new_structure.utils.database_init - GET / - ? Subjects seeded
2025-09-17 13:03:31,719 - INFO - n/a - new_structure.utils.database_init - GET / - ? School configuration created
2025-09-17 13:03:31,719 - INFO - n/a - new_structure.utils.database_init - GET / - ? School configuration created
2025-09-17 13:03:31,738 - INFO - n/a - new_structure.utils.database_init - GET / - ? Default data seeded successfully
2025-09-17 13:03:31,738 - INFO - n/a - new_structure.utils.database_init - GET / - ? Default data seeded successfully
2025-09-17 13:03:32,057 - INFO - n/a - mark_validation - GET / - Mark sanitizer middleware initialized
2025-09-17 13:03:32,057 - INFO - n/a - mark_validation - GET / - Mark sanitizer middleware initialized
2025-09-17 13:03:32,969 - WARNING - 051eb35c068c4e5787abec0ec74f59ee - new_structure - GET /classteacher/subject_report/2/2/1/1/1 - subject_report.unauthorized_access
2025-09-17 13:03:32,969 - WARNING - 051eb35c068c4e5787abec0ec74f59ee - new_structure - GET /classteacher/subject_report/2/2/1/1/1 - subject_report.unauthorized_access
2025-09-17 13:03:32,971 - INFO - 051eb35c068c4e5787abec0ec74f59ee - new_structure - GET /classteacher/subject_report/2/2/1/1/1 - {'event': 'report.subject.view:completed', 'correlation_id': '331a18f0-2a9f-[REDACTED-PHONE]e25504188cbc', 'ip': '127.0.0.1', 'method': 'GET', 'path': '/classteacher/subject_report/2/2/1/1/1', 'role': 'teacher', 'teacher_id': 6, 'status': 403}
2025-09-17 13:03:32,971 - INFO - 051eb35c068c4e5787abec0ec74f59ee - new_structure - GET /classteacher/subject_report/2/2/1/1/1 - {'event': 'report.subject.view:completed', 'correlation_id': '331a18f0-2a9f-[REDACTED-PHONE]e25504188cbc', 'ip': '127.0.0.1', 'method': 'GET', 'path': '/classteacher/subject_report/2/2/1/1/1', 'role': 'teacher', 'teacher_id': 6, 'status': 403}
2025-09-17 13:03:33,129 - INFO - 9156d127017c4f828351e6342dc03023 - new_structure - GET /classteacher/subject_report/2/2/1/1/1 - subject_report.render
2025-09-17 13:03:33,129 - INFO - 9156d127017c4f828351e6342dc03023 - new_structure - GET /classteacher/subject_report/2/2/1/1/1 - subject_report.render
2025-09-17 13:03:33,132 - INFO - 9156d127017c4f828351e6342dc03023 - new_structure - GET /classteacher/subject_report/2/2/1/1/1 - {'event': 'report.subject.view:success', 'correlation_id': 'b9b028f2-e5f0-43cc-922a-a4a65b3b94b4', 'ip': '127.0.0.1', 'method': 'GET', 'path': '/classteacher/subject_report/2/2/1/1/1', 'role': 'teacher', 'teacher_id': 5, 'status': 200}
2025-09-17 13:03:33,132 - INFO - 9156d127017c4f828351e6342dc03023 - new_structure - GET /classteacher/subject_report/2/2/1/1/1 - {'event': 'report.subject.view:success', 'correlation_id': 'b9b028f2-e5f0-43cc-922a-a4a65b3b94b4', 'ip': '127.0.0.1', 'method': 'GET', 'path': '/classteacher/subject_report/2/2/1/1/1', 'role': 'teacher', 'teacher_id': 5, 'status': 200}
2025-09-17 13:03:33,268 - WARNING - b4b0096fb5a54998888eaa0529b36f26 - new_structure - GET /classteacher/subject_report/2/2/1/999/1 - subject_report.invalid_parameters
2025-09-17 13:03:33,268 - WARNING - b4b0096fb5a54998888eaa0529b36f26 - new_structure - GET /classteacher/subject_report/2/2/1/999/1 - subject_report.invalid_parameters
2025-09-17 13:03:33,271 - INFO - b4b0096fb5a54998888eaa0529b36f26 - new_structure - GET /classteacher/subject_report/2/2/1/999/1 - {'event': 'report.subject.view:completed', 'correlation_id': '9e55961e-5ced-42de-a06a-d96907417104', 'ip': '127.0.0.1', 'method': 'GET', 'path': '/classteacher/subject_report/2/2/1/999/1', 'role': 'teacher', 'teacher_id': 5, 'status': 400}
2025-09-17 13:03:33,271 - INFO - b4b0096fb5a54998888eaa0529b36f26 - new_structure - GET /classteacher/subject_report/2/2/1/999/1 - {'event': 'report.subject.view:completed', 'correlation_id': '9e55961e-5ced-42de-a06a-d96907417104', 'ip': '127.0.0.1', 'method': 'GET', 'path': '/classteacher/subject_report/2/2/1/999/1', 'role': 'teacher', 'teacher_id': 5, 'status': 400}
2025-09-17 13:03:33,427 - INFO - 3830e0b556d44752b7bf2e31ea706bd1 - new_structure - GET /classteacher/subject_report/2/2/1/1/2 - subject_report.no_marks
2025-09-17 13:03:33,427 - INFO - 3830e0b556d44752b7bf2e31ea706bd1 - new_structure - GET /classteacher/subject_report/2/2/1/1/2 - subject_report.no_marks
2025-09-17 13:03:33,430 - INFO - 3830e0b556d44752b7bf2e31ea706bd1 - new_structure - GET /classteacher/subject_report/2/2/1/1/2 - {'event': 'report.subject.view:completed', 'correlation_id': 'e8aba93a-e2c7-4eba-a259-3e8e6a12d6d6', 'ip': '127.0.0.1', 'method': 'GET', 'path': '/classteacher/subject_report/2/2/1/1/2', 'role': 'teacher', 'teacher_id': 5, 'status': 404}
2025-09-17 13:03:33,430 - INFO - 3830e0b556d44752b7bf2e31ea706bd1 - new_structure - GET /classteacher/subject_report/2/2/1/1/2 - {'event': 'report.subject.view:completed', 'correlation_id': 'e8aba93a-e2c7-4eba-a259-3e8e6a12d6d6', 'ip': '127.0.0.1', 'method': 'GET', 'path': '/classteacher/subject_report/2/2/1/1/2', 'role': 'teacher', 'teacher_id': 5, 'status': 404}
2025-09-17 13:03:33,656 - INFO - 694faa1fa4f9418fae180daf67d2307d - new_structure - GET /classteacher/subject_report/2/2/1/1/1 - subject_report.render
2025-09-17 13:03:33,656 - INFO - 694faa1fa4f9418fae180daf67d2307d - new_structure - GET /classteacher/subject_report/2/2/1/1/1 - subject_report.render
2025-09-17 13:03:33,659 - INFO - 694faa1fa4f9418fae180daf67d2307d - new_structure - GET /classteacher/subject_report/2/2/1/1/1 - {'event': 'report.subject.view:success', 'correlation_id': '3a6ede86-2c8a-4c94-9672-3e908c8c905f', 'ip': '127.0.0.1', 'method': 'GET', 'path': '/classteacher/subject_report/2/2/1/1/1', 'role': 'headteacher', 'teacher_id': 1, 'status': 200}
2025-09-17 13:03:33,659 - INFO - 694faa1fa4f9418fae180daf67d2307d - new_structure - GET /classteacher/subject_report/2/2/1/1/1 - {'event': 'report.subject.view:success', 'correlation_id': '3a6ede86-2c8a-4c94-9672-3e908c8c905f', 'ip': '127.0.0.1', 'method': 'GET', 'path': '/classteacher/subject_report/2/2/1/1/1', 'role': 'headteacher', 'teacher_id': 1, 'status': 200}
2025-09-17 13:03:33,902 - INFO - 7b8fd443644743758dc8557b1b6db3fc - new_structure - GET /classteacher/subject_report/2/2/1/1/1 - subject_report.render
2025-09-17 13:03:33,902 - INFO - 7b8fd443644743758dc8557b1b6db3fc - new_structure - GET /classteacher/subject_report/2/2/1/1/1 - subject_report.render
2025-09-17 13:03:33,906 - INFO - 7b8fd443644743758dc8557b1b6db3fc - new_structure - GET /classteacher/subject_report/2/2/1/1/1 - {'event': 'report.subject.view:success', 'correlation_id': 'fb44326b-dfed-412a-9378-86bee5bd14c2', 'ip': '127.0.0.1', 'method': 'GET', 'path': '/classteacher/subject_report/2/2/1/1/1', 'role': 'classteacher', 'teacher_id': 7, 'status': 200}
2025-09-17 13:03:33,906 - INFO - 7b8fd443644743758dc8557b1b6db3fc - new_structure - GET /classteacher/subject_report/2/2/1/1/1 - {'event': 'report.subject.view:success', 'correlation_id': 'fb44326b-dfed-412a-9378-86bee5bd14c2', 'ip': '127.0.0.1', 'method': 'GET', 'path': '/classteacher/subject_report/2/2/1/1/1', 'role': 'classteacher', 'teacher_id': 7, 'status': 200}
2025-09-17 13:03:33,919 - INFO - n/a - new_structure -   - Generated strong development SECRET_KEY (persisted).
2025-09-17 13:03:33,919 - INFO - n/a - new_structure -   - Generated strong development SECRET_KEY (persisted).
2025-09-17 13:04:55,419 - INFO - n/a - new_structure - GET / - Rate limiter storage active: memory://
2025-09-17 13:04:55,781 - INFO - n/a - mark_validation - GET / - Mark sanitizer middleware initialized
2025-09-17 13:04:55,862 - WARNING - n/a - new_structure - GET / - Overriding configured redis RATELIMIT_STORAGE_URL with memory:// due to earlier fallback
2025-09-17 13:04:55,862 - WARNING - n/a - new_structure - GET / - Overriding configured redis RATELIMIT_STORAGE_URL with memory:// due to earlier fallback
2025-09-17 13:04:55,864 - WARNING - n/a - new_structure - GET / - Limiter initialization failed; continuing without limits: In-memory rate limiting backend is not allowed in production. Set RATE_LIMIT_STORAGE_URI to a Redis URI or ALLOW_IN_MEMORY_LIMITS=1 for a temporary override.
2025-09-17 13:04:55,864 - WARNING - n/a - new_structure - GET / - Limiter initialization failed; continuing without limits: In-memory rate limiting backend is not allowed in production. Set RATE_LIMIT_STORAGE_URI to a Redis URI or ALLOW_IN_MEMORY_LIMITS=1 for a temporary override.
2025-09-17 13:04:56,601 - INFO - n/a - mark_validation - GET / - Mark sanitizer middleware initialized
2025-09-17 13:04:56,601 - INFO - n/a - mark_validation - GET / - Mark sanitizer middleware initialized
2025-09-17 13:04:56,603 - WARNING - n/a - root - GET / - SECURITY VALIDATION: In-memory rate limit storage in production
2025-09-17 13:04:56,603 - WARNING - n/a - root - GET / - SECURITY VALIDATION: In-memory rate limit storage in production
2025-09-17 13:04:56,610 - WARNING - n/a - root - GET / - Security validation completed with issues: 1
2025-09-17 13:04:56,610 - WARNING - n/a - root - GET / - Security validation completed with issues: 1
2025-09-17 13:04:56,634 - WARNING - n/a - new_structure - GET / - Overriding configured redis RATELIMIT_STORAGE_URL with memory:// due to earlier fallback
2025-09-17 13:04:56,634 - WARNING - n/a - new_structure - GET / - Overriding configured redis RATELIMIT_STORAGE_URL with memory:// due to earlier fallback
2025-09-17 13:04:56,634 - WARNING - n/a - new_structure - GET / - Overriding configured redis RATELIMIT_STORAGE_URL with memory:// due to earlier fallback
2025-09-17 13:04:56,637 - INFO - n/a - new_structure - GET / - Rate limiter storage active: memory://
2025-09-17 13:04:56,637 - INFO - n/a - new_structure - GET / - Rate limiter storage active: memory://
2025-09-17 13:04:56,637 - INFO - n/a - new_structure - GET / - Rate limiter storage active: memory://
2025-09-17 13:04:57,737 - INFO - n/a - mark_validation - GET / - Mark sanitizer middleware initialized
2025-09-17 13:04:57,737 - INFO - n/a - mark_validation - GET / - Mark sanitizer middleware initialized
2025-09-17 13:04:57,737 - INFO - n/a - mark_validation - GET / - Mark sanitizer middleware initialized
2025-09-17 13:04:57,756 - INFO - n/a - new_structure -   - Generated strong development SECRET_KEY (persisted).
2025-09-17 13:04:57,756 - INFO - n/a - new_structure -   - Generated strong development SECRET_KEY (persisted).
2025-09-17 13:04:57,756 - INFO - n/a - new_structure -   - Generated strong development SECRET_KEY (persisted).
2025-09-17 13:05:01,876 - WARNING - n/a - new_structure - GET / - Overriding configured redis RATELIMIT_STORAGE_URL with memory:// due to earlier fallback
2025-09-17 13:05:01,878 - WARNING - n/a - new_structure - GET / - Limiter initialization failed; continuing without limits: In-memory rate limiting backend is not allowed in production. Set RATE_LIMIT_STORAGE_URI to a Redis URI or ALLOW_IN_MEMORY_LIMITS=1 for a temporary override.
2025-09-17 13:05:01,886 - INFO - n/a - new_structure.utils.database_init - GET / - ? Starting database initialization (MySQL mode)
2025-09-17 13:05:01,912 - INFO - n/a - new_structure.utils.database_init - GET / - ? Tables ensured (SQLAlchemy metadata create_all)
2025-09-17 13:05:06,688 - INFO - n/a - new_structure.utils.database_init - GET / - ? Default users added
2025-09-17 13:05:06,701 - INFO - n/a - new_structure.utils.database_init - GET / - ?? Academic structure seeded
2025-09-17 13:05:06,705 - INFO - n/a - new_structure.utils.database_init - GET / - ? Subjects seeded
2025-09-17 13:05:06,705 - INFO - n/a - new_structure.utils.database_init - GET / - ? School configuration created
2025-09-17 13:05:06,728 - INFO - n/a - new_structure.utils.database_init - GET / - ? Default data seeded successfully
2025-09-17 13:05:07,071 - INFO - n/a - mark_validation - GET / - Mark sanitizer middleware initialized
2025-09-17 13:05:07,074 - WARNING - n/a - root - GET / - SECURITY VALIDATION: In-memory rate limit storage in production
2025-09-17 13:05:07,074 - WARNING - n/a - root - GET / - Security validation completed with issues: 1
2025-09-17 13:05:07,076 - WARNING - n/a - new_structure - GET / - Proceeding with in-memory rate limiter under allowed test override (ephemeral sqlite).
2025-09-17 13:05:07,187 - INFO - n/a - new_structure - GET / - Generated strong development SECRET_KEY (persisted).
2025-09-17 13:05:10,246 - WARNING - n/a - new_structure - GET / - Overriding configured redis RATELIMIT_STORAGE_URL with memory:// due to earlier fallback
2025-09-17 13:05:10,248 - WARNING - n/a - new_structure - GET / - Limiter initialization failed; continuing without limits: In-memory rate limiting backend is not allowed in production. Set RATE_LIMIT_STORAGE_URI to a Redis URI or ALLOW_IN_MEMORY_LIMITS=1 for a temporary override.
2025-09-17 13:05:10,260 - INFO - n/a - new_structure.utils.database_init - GET / - ? Starting database initialization (MySQL mode)
2025-09-17 13:05:10,295 - INFO - n/a - new_structure.utils.database_init - GET / - ? Tables ensured (SQLAlchemy metadata create_all)
2025-09-17 13:05:15,631 - INFO - n/a - new_structure.utils.database_init - GET / - ? Default users added
2025-09-17 13:05:15,644 - INFO - n/a - new_structure.utils.database_init - GET / - ?? Academic structure seeded
2025-09-17 13:05:15,646 - INFO - n/a - new_structure.utils.database_init - GET / - ? Subjects seeded
2025-09-17 13:05:15,648 - INFO - n/a - new_structure.utils.database_init - GET / - ? School configuration created
2025-09-17 13:05:15,666 - INFO - n/a - new_structure.utils.database_init - GET / - ? Default data seeded successfully
2025-09-17 13:05:15,990 - INFO - n/a - mark_validation - GET / - Mark sanitizer middleware initialized
2025-09-17 13:05:15,994 - WARNING - n/a - root - GET / - SECURITY VALIDATION: In-memory rate limit storage in production
2025-09-17 13:05:15,994 - WARNING - n/a - root - GET / - Security validation completed with issues: 1
2025-09-17 13:05:15,996 - WARNING - n/a - new_structure - GET / - Proceeding with in-memory rate limiter under allowed test override (ephemeral sqlite).
2025-09-17 13:05:16,096 - WARNING - n/a - new_structure - GET / - Insecure SECRET_KEY detected in production configuration (placeholder detected)
2025-09-17 13:05:16,181 - INFO - n/a - new_structure - GET / - Generated strong development SECRET_KEY (persisted).
2025-09-17 13:05:16,185 - INFO - n/a - new_structure - GET / - Rate limiter storage active: memory://
2025-09-17 13:05:16,185 - INFO - n/a - new_structure - GET / - Rate limiter storage active: memory://
2025-09-17 13:05:16,193 - INFO - n/a - new_structure.utils.database_init - GET / - ? Starting database initialization (MySQL mode)
2025-09-17 13:05:16,193 - INFO - n/a - new_structure.utils.database_init - GET / - ? Starting database initialization (MySQL mode)
2025-09-17 13:05:16,227 - INFO - n/a - new_structure.utils.database_init - GET / - ? Tables ensured (SQLAlchemy metadata create_all)
2025-09-17 13:05:16,227 - INFO - n/a - new_structure.utils.database_init - GET / - ? Tables ensured (SQLAlchemy metadata create_all)
2025-09-17 13:05:20,890 - INFO - n/a - new_structure.utils.database_init - GET / - ? Default users added
2025-09-17 13:05:20,890 - INFO - n/a - new_structure.utils.database_init - GET / - ? Default users added
2025-09-17 13:05:20,903 - INFO - n/a - new_structure.utils.database_init - GET / - ?? Academic structure seeded
2025-09-17 13:05:20,903 - INFO - n/a - new_structure.utils.database_init - GET / - ?? Academic structure seeded
2025-09-17 13:05:20,906 - INFO - n/a - new_structure.utils.database_init - GET / - ? Subjects seeded
2025-09-17 13:05:20,906 - INFO - n/a - new_structure.utils.database_init - GET / - ? Subjects seeded
2025-09-17 13:05:20,908 - INFO - n/a - new_structure.utils.database_init - GET / - ? School configuration created
2025-09-17 13:05:20,908 - INFO - n/a - new_structure.utils.database_init - GET / - ? School configuration created
2025-09-17 13:05:20,929 - INFO - n/a - new_structure.utils.database_init - GET / - ? Default data seeded successfully
2025-09-17 13:05:20,929 - INFO - n/a - new_structure.utils.database_init - GET / - ? Default data seeded successfully
2025-09-17 13:05:21,267 - INFO - n/a - mark_validation - GET / - Mark sanitizer middleware initialized
2025-09-17 13:05:21,267 - INFO - n/a - mark_validation - GET / - Mark sanitizer middleware initialized
2025-09-17 13:05:22,088 - WARNING - 207700f639944ac184780f8dae73e139 - new_structure - GET /classteacher/subject_report/2/2/1/1/1 - subject_report.unauthorized_access
2025-09-17 13:05:22,088 - WARNING - 207700f639944ac184780f8dae73e139 - new_structure - GET /classteacher/subject_report/2/2/1/1/1 - subject_report.unauthorized_access
2025-09-17 13:05:22,091 - INFO - 207700f639944ac184780f8dae73e139 - new_structure - GET /classteacher/subject_report/2/2/1/1/1 - {'event': 'report.subject.view:completed', 'correlation_id': 'e95ae8aa-0ac9-435d-95d4-41b45dba8d72', 'ip': '127.0.0.1', 'method': 'GET', 'path': '/classteacher/subject_report/2/2/1/1/1', 'role': 'teacher', 'teacher_id': 6, 'status': 403}
2025-09-17 13:05:22,091 - INFO - 207700f639944ac184780f8dae73e139 - new_structure - GET /classteacher/subject_report/2/2/1/1/1 - {'event': 'report.subject.view:completed', 'correlation_id': 'e95ae8aa-0ac9-435d-95d4-41b45dba8d72', 'ip': '127.0.0.1', 'method': 'GET', 'path': '/classteacher/subject_report/2/2/1/1/1', 'role': 'teacher', 'teacher_id': 6, 'status': 403}
2025-09-17 13:05:22,260 - INFO - 9a19a4a2ee054dcab89d15ba8cf36fc1 - new_structure - GET /classteacher/subject_report/2/2/1/1/1 - subject_report.render
2025-09-17 13:05:22,260 - INFO - 9a19a4a2ee054dcab89d15ba8cf36fc1 - new_structure - GET /classteacher/subject_report/2/2/1/1/1 - subject_report.render
2025-09-17 13:05:22,262 - INFO - 9a19a4a2ee054dcab89d15ba8cf36fc1 - new_structure - GET /classteacher/subject_report/2/2/1/1/1 - {'event': 'report.subject.view:success', 'correlation_id': '078c3ba0-41ae-416f-a1d3-51289b510d53', 'ip': '127.0.0.1', 'method': 'GET', 'path': '/classteacher/subject_report/2/2/1/1/1', 'role': 'teacher', 'teacher_id': 5, 'status': 200}
2025-09-17 13:05:22,262 - INFO - 9a19a4a2ee054dcab89d15ba8cf36fc1 - new_structure - GET /classteacher/subject_report/2/2/1/1/1 - {'event': 'report.subject.view:success', 'correlation_id': '078c3ba0-41ae-416f-a1d3-51289b510d53', 'ip': '127.0.0.1', 'method': 'GET', 'path': '/classteacher/subject_report/2/2/1/1/1', 'role': 'teacher', 'teacher_id': 5, 'status': 200}
2025-09-17 13:05:22,382 - WARNING - 2b91ce1da51a453a9ba890531ed2178f - new_structure - GET /classteacher/subject_report/2/2/1/999/1 - subject_report.invalid_parameters
2025-09-17 13:05:22,382 - WARNING - 2b91ce1da51a453a9ba890531ed2178f - new_structure - GET /classteacher/subject_report/2/2/1/999/1 - subject_report.invalid_parameters
2025-09-17 13:05:22,383 - INFO - 2b91ce1da51a453a9ba890531ed2178f - new_structure - GET /classteacher/subject_report/2/2/1/999/1 - {'event': 'report.subject.view:completed', 'correlation_id': '9256992d-85d5-4e6d-b76b-b5e8c1678dc1', 'ip': '127.0.0.1', 'method': 'GET', 'path': '/classteacher/subject_report/2/2/1/999/1', 'role': 'teacher', 'teacher_id': 5, 'status': 400}
2025-09-17 13:05:22,383 - INFO - 2b91ce1da51a453a9ba890531ed2178f - new_structure - GET /classteacher/subject_report/2/2/1/999/1 - {'event': 'report.subject.view:completed', 'correlation_id': '9256992d-85d5-4e6d-b76b-b5e8c1678dc1', 'ip': '127.0.0.1', 'method': 'GET', 'path': '/classteacher/subject_report/2/2/1/999/1', 'role': 'teacher', 'teacher_id': 5, 'status': 400}
2025-09-17 13:05:22,511 - INFO - cbdb5fd57bac485eaad82772426ef361 - new_structure - GET /classteacher/subject_report/2/2/1/1/2 - subject_report.no_marks
2025-09-17 13:05:22,511 - INFO - cbdb5fd57bac485eaad82772426ef361 - new_structure - GET /classteacher/subject_report/2/2/1/1/2 - subject_report.no_marks
2025-09-17 13:05:22,513 - INFO - cbdb5fd57bac485eaad82772426ef361 - new_structure - GET /classteacher/subject_report/2/2/1/1/2 - {'event': 'report.subject.view:completed', 'correlation_id': 'b15ab6d7-b32b-4c9a-9aa3-2cfc650e071c', 'ip': '127.0.0.1', 'method': 'GET', 'path': '/classteacher/subject_report/2/2/1/1/2', 'role': 'teacher', 'teacher_id': 5, 'status': 404}
2025-09-17 13:05:22,513 - INFO - cbdb5fd57bac485eaad82772426ef361 - new_structure - GET /classteacher/subject_report/2/2/1/1/2 - {'event': 'report.subject.view:completed', 'correlation_id': 'b15ab6d7-b32b-4c9a-9aa3-2cfc650e071c', 'ip': '127.0.0.1', 'method': 'GET', 'path': '/classteacher/subject_report/2/2/1/1/2', 'role': 'teacher', 'teacher_id': 5, 'status': 404}
2025-09-17 13:05:22,631 - INFO - fa053cf0a5fc42f9ac732d164eb92cc4 - new_structure - GET /classteacher/subject_report/2/2/1/1/1 - subject_report.render
2025-09-17 13:05:22,631 - INFO - fa053cf0a5fc42f9ac732d164eb92cc4 - new_structure - GET /classteacher/subject_report/2/2/1/1/1 - subject_report.render
2025-09-17 13:05:22,633 - INFO - fa053cf0a5fc42f9ac732d164eb92cc4 - new_structure - GET /classteacher/subject_report/2/2/1/1/1 - {'event': 'report.subject.view:success', 'correlation_id': '3c17fa1f-a6e4-4ed9-aa3b-6a5d364736d9', 'ip': '127.0.0.1', 'method': 'GET', 'path': '/classteacher/subject_report/2/2/1/1/1', 'role': 'headteacher', 'teacher_id': 1, 'status': 200}
2025-09-17 13:05:22,633 - INFO - fa053cf0a5fc42f9ac732d164eb92cc4 - new_structure - GET /classteacher/subject_report/2/2/1/1/1 - {'event': 'report.subject.view:success', 'correlation_id': '3c17fa1f-a6e4-4ed9-aa3b-6a5d364736d9', 'ip': '127.0.0.1', 'method': 'GET', 'path': '/classteacher/subject_report/2/2/1/1/1', 'role': 'headteacher', 'teacher_id': 1, 'status': 200}
2025-09-17 13:05:22,779 - INFO - cf5bdb9993ed44a8a15c226e36d56fad - new_structure - GET /classteacher/subject_report/2/2/1/1/1 - subject_report.render
2025-09-17 13:05:22,779 - INFO - cf5bdb9993ed44a8a15c226e36d56fad - new_structure - GET /classteacher/subject_report/2/2/1/1/1 - subject_report.render
2025-09-17 13:05:22,782 - INFO - cf5bdb9993ed44a8a15c226e36d56fad - new_structure - GET /classteacher/subject_report/2/2/1/1/1 - {'event': 'report.subject.view:success', 'correlation_id': 'd86526a1-c5c4-483d-b7ed-73bb1ed004ef', 'ip': '127.0.0.1', 'method': 'GET', 'path': '/classteacher/subject_report/2/2/1/1/1', 'role': 'classteacher', 'teacher_id': 7, 'status': 200}
2025-09-17 13:05:22,782 - INFO - cf5bdb9993ed44a8a15c226e36d56fad - new_structure - GET /classteacher/subject_report/2/2/1/1/1 - {'event': 'report.subject.view:success', 'correlation_id': 'd86526a1-c5c4-483d-b7ed-73bb1ed004ef', 'ip': '127.0.0.1', 'method': 'GET', 'path': '/classteacher/subject_report/2/2/1/1/1', 'role': 'classteacher', 'teacher_id': 7, 'status': 200}
2025-09-17 13:05:22,793 - INFO - n/a - new_structure -   - Generated strong development SECRET_KEY (persisted).
2025-09-17 13:05:22,793 - INFO - n/a - new_structure -   - Generated strong development SECRET_KEY (persisted).
2025-09-17 13:24:03,931 - INFO - n/a - new_structure -   - Rate limiter storage active: memory://
2025-09-17 13:24:09,863 - INFO - n/a - mark_validation -   - Mark sanitizer middleware initialized
2025-09-17 13:24:50,056 - INFO - e3b6965754fb492bb2de28b7dcc6c6a1 - new_structure.services.auth_service - POST /classteacher_login - Authentication successful for kevin with role classteacher
2025-09-19 05:54:53,117 - INFO - n/a - new_structure -   - Rate limiter storage active: memory://
2025-09-19 05:54:53,598 - INFO - n/a - new_structure.utils.database_init -   - ? Starting database initialization (MySQL mode)
2025-09-19 05:54:53,604 - ERROR - n/a - new_structure.utils.database_init -   - Error creating tables: (pymysql.err.OperationalError) (1045, "Access denied for user 'root'@'localhost' (using password: NO)")
(Background on this error at: https://sqlalche.me/e/20/e3q8)
2025-09-19 05:54:55,747 - INFO - n/a - mark_validation -   - Mark sanitizer middleware initialized
2025-09-19 06:08:08,235 - INFO - n/a - new_structure -   - Rate limiter storage active: memory://
2025-09-19 06:08:08,805 - INFO - n/a - new_structure.utils.database_init -   - ? Starting database initialization (MySQL mode)
2025-09-19 06:08:08,810 - ERROR - n/a - new_structure.utils.database_init -   - Error creating tables: (pymysql.err.OperationalError) (1045, "Access denied for user 'root'@'localhost' (using password: NO)")
(Background on this error at: https://sqlalche.me/e/20/e3q8)
2025-09-19 06:08:10,348 - INFO - n/a - mark_validation -   - Mark sanitizer middleware initialized
2025-09-19 06:10:29,081 - INFO - n/a - new_structure -   - Rate limiter storage active: memory://
2025-09-19 06:10:29,760 - INFO - n/a - new_structure.utils.database_init -   - ? Starting database initialization (MySQL mode)
2025-09-19 06:10:29,766 - ERROR - n/a - new_structure.utils.database_init -   - Error creating tables: (pymysql.err.OperationalError) (1045, "Access denied for user 'root'@'localhost' (using password: NO)")
(Background on this error at: https://sqlalche.me/e/20/e3q8)
2025-09-19 06:10:31,678 - INFO - n/a - mark_validation -   - Mark sanitizer middleware initialized
2025-09-19 06:19:39,301 - INFO - n/a - new_structure -   - Rate limiter storage active: memory://
2025-09-19 06:19:39,776 - INFO - n/a - new_structure.utils.database_init -   - ? Starting database initialization (MySQL mode)
2025-09-19 06:19:39,780 - ERROR - n/a - new_structure.utils.database_init -   - Error creating tables: (pymysql.err.OperationalError) (1045, "Access denied for user 'root'@'localhost' (using password: NO)")
(Background on this error at: https://sqlalche.me/e/20/e3q8)
2025-09-19 06:19:41,500 - INFO - n/a - mark_validation -   - Mark sanitizer middleware initialized
2025-09-19 06:20:12,598 - ERROR - f6a195699b5c4fbb975c49d1521bc141 - new_structure - GET / - Error injecting school info: (pymysql.err.OperationalError) (1045, "Access denied for user 'root'@'localhost' (using password: NO)")
(Background on this error at: https://sqlalche.me/e/20/e3q8)
2025-09-19 07:14:55,712 - INFO - n/a - new_structure -   - Rate limiter storage active: memory://
2025-09-19 07:14:56,245 - INFO - n/a - new_structure.utils.database_init -   - ? Starting database initialization (MySQL mode)
2025-09-19 07:14:56,248 - ERROR - n/a - new_structure.utils.database_init -   - Error creating tables: (pymysql.err.OperationalError) (1045, "Access denied for user 'root'@'localhost' (using password: NO)")
(Background on this error at: https://sqlalche.me/e/20/e3q8)
2025-09-19 07:14:57,973 - INFO - n/a - mark_validation -   - Mark sanitizer middleware initialized
2025-09-19 07:20:31,755 - INFO - n/a - new_structure -   - Rate limiter storage active: memory://
2025-09-19 07:20:32,209 - INFO - n/a - new_structure.utils.database_init -   - ? Starting database initialization (MySQL mode)
2025-09-19 07:20:32,215 - ERROR - n/a - new_structure.utils.database_init -   - Error creating tables: (pymysql.err.OperationalError) (1045, "Access denied for user 'root'@'localhost' (using password: NO)")
(Background on this error at: https://sqlalche.me/e/20/e3q8)
2025-09-19 07:20:33,818 - INFO - n/a - mark_validation -   - Mark sanitizer middleware initialized
2025-09-19 07:27:03,694 - INFO - n/a - new_structure -   - Rate limiter storage active: memory://
2025-09-19 07:27:05,668 - INFO - n/a - mark_validation -   - Mark sanitizer middleware initialized
2025-09-19 07:29:49,771 - INFO - n/a - new_structure -   - Rate limiter storage active: memory://
2025-09-19 07:29:51,719 - INFO - n/a - mark_validation -   - Mark sanitizer middleware initialized
2025-09-19 07:34:06,210 - INFO - n/a - new_structure -   - Rate limiter storage active: memory://
2025-09-19 07:34:08,085 - INFO - n/a - mark_validation -   - Mark sanitizer middleware initialized
2025-09-19 07:34:39,852 - INFO - f882696cd5fb4cbf843b91575a997958 - new_structure.services.auth_service - POST /classteacher_login - Authentication successful for joylorna with role classteacher
2025-09-19 07:34:44,903 - INFO - b3ba109cc4474b06b106bb8db665a703 - new_structure - GET /classteacher/preview_class_report/Grade 9/Stream B/term 3/midterm 3 2025 - {'event': 'report.class.preview:completed', 'correlation_id': '3466859d-6ec4-4680-a3ee-[REDACTED-PHONE]', 'ip': '127.0.0.1', 'method': 'GET', 'path': '/classteacher/preview_class_report/Grade 9/Stream B/term 3/midterm 3 2025', 'role': 'classteacher', 'teacher_id': 9, 'status': 400}
2025-09-19 07:34:51,054 - INFO - 3ab29a85ce70462ba73caa2c16c1a353 - new_structure - GET /classteacher/subject_report/28/58/112/5/5 - subject_report.render
2025-09-19 07:34:51,054 - INFO - 3ab29a85ce70462ba73caa2c16c1a353 - new_structure - GET /classteacher/subject_report/28/58/112/5/5 - {'event': 'report.subject.view:metrics', 'correlation_id': '46c85ea8-cafb-4113-a4d7-5cf8855aa43f', 'ip': '127.0.0.1', 'method': 'GET', 'path': '/classteacher/subject_report/28/58/112/5/5', 'role': 'classteacher', 'teacher_id': 9, 'elapsed_ms': 36, 'students': 5}
2025-09-19 07:34:51,140 - INFO - 3ab29a85ce70462ba73caa2c16c1a353 - new_structure - GET /classteacher/subject_report/28/58/112/5/5 - {'event': 'report.subject.view:success', 'correlation_id': 'd2e961be-c1f9-4285-a451-780d2846b3d6', 'ip': '127.0.0.1', 'method': 'GET', 'path': '/classteacher/subject_report/28/58/112/5/5', 'role': 'classteacher', 'teacher_id': 9, 'status': 200}
2025-09-19 07:34:53,806 - INFO - 3c7f4f8f838e4fd794be25193e26ef02 - new_structure - GET /classteacher/preview_class_report/Grade 9/B/term 3/midterm 3 2025 - {'event': 'report.class.preview:completed', 'correlation_id': '03fc29a5-546e-452a-ba9e-c23da582435e', 'ip': '127.0.0.1', 'method': 'GET', 'path': '/classteacher/preview_class_report/Grade 9/B/term 3/midterm 3 2025', 'role': 'classteacher', 'teacher_id': 9, 'status': 400}
2025-09-19 07:40:50,206 - INFO - 3e1857d778a84443919333d72a3bb8fc - new_structure - GET /classteacher/preview_class_report/Grade 9/B/term 3/midterm 3 2025 - {'event': 'report.class.preview:completed', 'correlation_id': 'adbc127c-e00e-4c38-a6c6-c6d97716fcc0', 'ip': '127.0.0.1', 'method': 'GET', 'path': '/classteacher/preview_class_report/Grade 9/B/term 3/midterm 3 2025', 'role': 'classteacher', 'teacher_id': 9, 'status': 400}
2025-09-19 07:40:51,920 - INFO - 61a6de81fb294bd9992a296850350b65 - new_structure - GET /classteacher/preview_class_report/Grade 9/B/term 3/midterm 3 2025 - {'event': 'report.class.preview:completed', 'correlation_id': '3385b969-1ce1-4257-aa52-b7862acd8861', 'ip': '127.0.0.1', 'method': 'GET', 'path': '/classteacher/preview_class_report/Grade 9/B/term 3/midterm 3 2025', 'role': 'classteacher', 'teacher_id': 9, 'status': 400}
2025-09-19 07:41:09,312 - INFO - n/a - new_structure -   - Rate limiter storage active: memory://
2025-09-19 07:41:11,122 - INFO - n/a - mark_validation -   - Mark sanitizer middleware initialized
2025-09-19 07:41:50,105 - INFO - 8177316a4a32497492e86e5fc75aef0c - new_structure.services.auth_service - POST /classteacher_login - Authentication successful for joylorna with role classteacher
2025-09-19 07:41:59,263 - WARNING - 679f454028a24fe69ca7b692fe8b9dfd - new_structure.utils.cache_manager - GET /classteacher/preview_class_report/Grade 9/Stream B/term 3/midterm 3 2025 - ?? Redis not available, falling back to in-memory cache: Error 10061 connecting to localhost:6379. No connection could be made because the target machine actively refused it.
2025-09-19 07:41:59,727 - INFO - 679f454028a24fe69ca7b692fe8b9dfd - new_structure - GET /classteacher/preview_class_report/Grade 9/Stream B/term 3/midterm 3 2025 - {'event': 'report.class.preview:metrics', 'correlation_id': '0ae7c125-[REDACTED-PHONE]b5bb-5f3271d68c6b', 'ip': '127.0.0.1', 'method': 'GET', 'path': '/classteacher/preview_class_report/Grade 9/Stream B/term 3/midterm 3 2025', 'role': 'classteacher', 'teacher_id': 9, 'elapsed_ms': 4565, 'students': 0, 'subjects': 0}
2025-09-19 08:27:28,609 - INFO - n/a - new_structure -   - Rate limiter storage active: memory://
2025-09-19 08:27:29,392 - INFO - n/a - mark_validation -   - Mark sanitizer middleware initialized
2025-09-19 08:33:02,848 - INFO - n/a - new_structure -   - Rate limiter storage active: memory://
2025-09-19 08:33:03,760 - INFO - n/a - mark_validation -   - Mark sanitizer middleware initialized
2025-09-19 08:45:36,497 - INFO - n/a - new_structure -   - Rate limiter storage active: memory://
2025-09-19 08:45:38,839 - INFO - n/a - mark_validation -   - Mark sanitizer middleware initialized
2025-09-19 09:30:45,218 - INFO - n/a - new_structure -   - Rate limiter storage active: memory://
2025-09-19 09:30:47,186 - INFO - n/a - mark_validation -   - Mark sanitizer middleware initialized
2025-09-19 09:31:09,848 - INFO - f0f62e5e42a146d9862260e90e3af89c - new_structure.services.auth_service - POST /classteacher_login - Authentication successful for joylorna with role classteacher
2025-09-19 09:31:19,822 - WARNING - 0a9d50e61b8d4cccb9d14d764614cc6f - new_structure.utils.cache_manager - GET /classteacher/preview_class_report/Grade 9/Stream B/term 3/midterm 3 2025 - ?? Redis not available, falling back to in-memory cache: Error 10061 connecting to localhost:6379. No connection could be made because the target machine actively refused it.
2025-09-19 09:31:20,136 - INFO - 0a9d50e61b8d4cccb9d14d764614cc6f - new_structure - GET /classteacher/preview_class_report/Grade 9/Stream B/term 3/midterm 3 2025 - {'event': 'report.class.preview:metrics', 'correlation_id': 'a17bd887-15c9-490e-b411-6683fdc2b07b', 'ip': '127.0.0.1', 'method': 'GET', 'path': '/classteacher/preview_class_report/Grade 9/Stream B/term 3/midterm 3 2025', 'role': 'classteacher', 'teacher_id': 9, 'elapsed_ms': 4402, 'students': 0, 'subjects': 0}
2025-09-19 09:31:20,249 - INFO - 0a9d50e61b8d4cccb9d14d764614cc6f - new_structure - GET /classteacher/preview_class_report/Grade 9/Stream B/term 3/midterm 3 2025 - {'event': 'report.class.preview:success', 'correlation_id': '7d4c5c25-799e-42d0-b703-8a04e96d5295', 'ip': '127.0.0.1', 'method': 'GET', 'path': '/classteacher/preview_class_report/Grade 9/Stream B/term 3/midterm 3 2025', 'role': 'classteacher', 'teacher_id': 9, 'status': 200}
2025-09-19 10:25:09,010 - INFO - n/a - new_structure -   - Rate limiter storage active: memory://
2025-09-19 10:25:14,375 - INFO - n/a - mark_validation -   - Mark sanitizer middleware initialized
2025-09-19 10:26:04,330 - INFO - b7bf5297bcfe488cb8d12baf8f8ba978 - new_structure.services.auth_service - POST /classteacher_login - Authentication successful for joylorna with role classteacher
2025-09-19 10:26:14,021 - WARNING - e999a7914ecb41fa8bd47c23e93465b3 - new_structure.utils.cache_manager - GET /classteacher/preview_class_report/Grade 9/Stream B/term 3/midterm 3 2025 - ?? Redis not available, falling back to in-memory cache: Error 10061 connecting to localhost:6379. No connection could be made because the target machine actively refused it.
2025-09-19 10:26:14,351 - INFO - e999a7914ecb41fa8bd47c23e93465b3 - new_structure - GET /classteacher/preview_class_report/Grade 9/Stream B/term 3/midterm 3 2025 - {'event': 'report.class.preview:metrics', 'correlation_id': '4fe70d11-50ff-4af5-b162-60acb6b64645', 'ip': '127.0.0.1', 'method': 'GET', 'path': '/classteacher/preview_class_report/Grade 9/Stream B/term 3/midterm 3 2025', 'role': 'classteacher', 'teacher_id': 9, 'elapsed_ms': 4476, 'students': 0, 'subjects': 0}
2025-09-19 10:26:14,461 - INFO - e999a7914ecb41fa8bd47c23e93465b3 - new_structure - GET /classteacher/preview_class_report/Grade 9/Stream B/term 3/midterm 3 2025 - {'event': 'report.class.preview:success', 'correlation_id': '72ef2eb5-84bb-422b-a3b4-64d364fba3ff', 'ip': '127.0.0.1', 'method': 'GET', 'path': '/classteacher/preview_class_report/Grade 9/Stream B/term 3/midterm 3 2025', 'role': 'classteacher', 'teacher_id': 9, 'status': 200}
2025-09-19 11:04:28,559 - INFO - n/a - new_structure -   - Rate limiter storage active: memory://
2025-09-19 11:04:30,462 - INFO - n/a - mark_validation -   - Mark sanitizer middleware initialized
2025-09-19 11:05:05,496 - INFO - 81525067867d4e3db0ff37a9f1456595 - new_structure.services.auth_service - POST /classteacher_login - Authentication successful for joylorna with role classteacher
2025-09-19 11:05:15,231 - WARNING - d234858d33264914bb297d1660123340 - new_structure.utils.cache_manager - GET /classteacher/preview_class_report/Grade 9/Stream B/term 3/midterm 3 2025 - ?? Redis not available, falling back to in-memory cache: Error 10061 connecting to localhost:6379. No connection could be made because the target machine actively refused it.
2025-09-19 11:05:15,531 - INFO - d234858d33264914bb297d1660123340 - new_structure - GET /classteacher/preview_class_report/Grade 9/Stream B/term 3/midterm 3 2025 - {'event': 'report.class.preview:metrics', 'correlation_id': '46495cb9-7872-4b63-921d-2fcb9f3fa06d', 'ip': '127.0.0.1', 'method': 'GET', 'path': '/classteacher/preview_class_report/Grade 9/Stream B/term 3/midterm 3 2025', 'role': 'classteacher', 'teacher_id': 9, 'elapsed_ms': 4423, 'students': 0, 'subjects': 0}
2025-09-19 11:05:15,652 - INFO - d234858d33264914bb297d1660123340 - new_structure - GET /classteacher/preview_class_report/Grade 9/Stream B/term 3/midterm 3 2025 - {'event': 'report.class.preview:success', 'correlation_id': 'bcf0cd81-3c60-4f1d-a929-8baedae38e05', 'ip': '127.0.0.1', 'method': 'GET', 'path': '/classteacher/preview_class_report/Grade 9/Stream B/term 3/midterm 3 2025', 'role': 'classteacher', 'teacher_id': 9, 'status': 200}
2025-09-19 11:06:13,970 - INFO - n/a - new_structure -   - Rate limiter storage active: memory://
2025-09-19 11:06:15,725 - INFO - n/a - mark_validation -   - Mark sanitizer middleware initialized
2025-09-19 11:42:33,648 - INFO - n/a - new_structure -   - Rate limiter storage active: memory://
2025-09-19 11:42:35,806 - INFO - n/a - mark_validation -   - Mark sanitizer middleware initialized
2025-09-19 13:13:22,925 - INFO - n/a - new_structure -   - Rate limiter storage active: memory://
2025-09-19 13:13:25,211 - INFO - n/a - mark_validation -   - Mark sanitizer middleware initialized
2025-09-19 13:13:50,716 - INFO - 2690ca0d1a094ecba59aa7c1a2e5ba91 - new_structure.services.auth_service - POST /classteacher_login - Authentication successful for joylorna with role classteacher
2025-09-19 13:14:00,413 - WARNING - 4d0c75456a594a11bb5fd18d092e36a7 - new_structure.utils.cache_manager - GET /classteacher/preview_class_report/Grade 9/Stream B/term 3/midterm 3 2025 - ?? Redis not available, falling back to in-memory cache: Error 10061 connecting to localhost:6379. No connection could be made because the target machine actively refused it.
2025-09-19 13:14:00,998 - INFO - 4d0c75456a594a11bb5fd18d092e36a7 - new_structure - GET /classteacher/preview_class_report/Grade 9/Stream B/term 3/midterm 3 2025 - {'event': 'report.class.preview:metrics', 'correlation_id': '761d2e79-fd99-4819-bc99-40daeb8465e1', 'ip': '127.0.0.1', 'method': 'GET', 'path': '/classteacher/preview_class_report/Grade 9/Stream B/term 3/midterm 3 2025', 'role': 'classteacher', 'teacher_id': 9, 'elapsed_ms': 4698, 'students': 0, 'subjects': 0}
2025-09-19 13:14:01,179 - INFO - 4d0c75456a594a11bb5fd18d092e36a7 - new_structure - GET /classteacher/preview_class_report/Grade 9/Stream B/term 3/midterm 3 2025 - {'event': 'report.class.preview:success', 'correlation_id': '8daea0aa-0877-46be-aa80-7767e00eef4c', 'ip': '127.0.0.1', 'method': 'GET', 'path': '/classteacher/preview_class_report/Grade 9/Stream B/term 3/midterm 3 2025', 'role': 'classteacher', 'teacher_id': 9, 'status': 200}
2025-09-19 13:22:35,661 - INFO - n/a - new_structure -   - Rate limiter storage active: memory://
2025-09-19 13:22:38,148 - INFO - n/a - mark_validation -   - Mark sanitizer middleware initialized
2025-09-19 13:54:25,214 - INFO - n/a - new_structure -   - Rate limiter storage active: memory://
2025-09-19 13:54:27,471 - INFO - n/a - mark_validation -   - Mark sanitizer middleware initialized
2025-09-19 13:57:35,675 - INFO - dfee81c2ce934a15a62d785ca2845b91 - new_structure.services.auth_service - POST /classteacher_login - Authentication successful for joylorna with role classteacher
2025-09-19 13:57:43,403 - INFO - 9dff10ad14de4bf4a5f5e0bc2243eeb6 - new_structure - GET /classteacher/preview_class_report/Grade 9/Stream B/term 3/midterm 3 2025 - {'event': 'report.class.preview:metrics', 'correlation_id': 'df6a2648-7a5b-4f65-877e-c6e52b5bb1ed', 'ip': '127.0.0.1', 'method': 'GET', 'path': '/classteacher/preview_class_report/Grade 9/Stream B/term 3/midterm 3 2025', 'role': 'classteacher', 'teacher_id': 9, 'elapsed_ms': 573, 'students': 0, 'subjects': 0}
2025-09-19 13:57:43,636 - INFO - 9dff10ad14de4bf4a5f5e0bc2243eeb6 - new_structure - GET /classteacher/preview_class_report/Grade 9/Stream B/term 3/midterm 3 2025 - {'event': 'report.class.preview:success', 'correlation_id': '1752f33d-978e-4488-9c53-a8cc5fbdbe35', 'ip': '127.0.0.1', 'method': 'GET', 'path': '/classteacher/preview_class_report/Grade 9/Stream B/term 3/midterm 3 2025', 'role': 'classteacher', 'teacher_id': 9, 'status': 200}
2025-09-19 13:57:51,075 - INFO - 88070751de5c4dc49b379e78860394be - new_structure - GET /classteacher/preview_class_report/Grade 9/Stream B/term 3/midterm 3 2025 - {'event': 'report.class.preview:metrics', 'correlation_id': 'f70e9108-81ed-49c8-861f-f0851b7602a7', 'ip': '127.0.0.1', 'method': 'GET', 'path': '/classteacher/preview_class_report/Grade 9/Stream B/term 3/midterm 3 2025', 'role': 'classteacher', 'teacher_id': 9, 'elapsed_ms': 476, 'students': 0, 'subjects': 0}
2025-09-19 13:57:51,113 - INFO - 88070751de5c4dc49b379e78860394be - new_structure - GET /classteacher/preview_class_report/Grade 9/Stream B/term 3/midterm 3 2025 - {'event': 'report.class.preview:success', 'correlation_id': '2610dac8-bef2-4c98-8cac-f081acbfa1f4', 'ip': '127.0.0.1', 'method': 'GET', 'path': '/classteacher/preview_class_report/Grade 9/Stream B/term 3/midterm 3 2025', 'role': 'classteacher', 'teacher_id': 9, 'status': 200}
2025-09-19 14:13:22,624 - INFO - 4bf3582cca6d47f88f033d996affb151 - new_structure - GET /classteacher/preview_class_report/Grade 9/Stream B/term 3/midterm 3 2025 - {'event': 'report.class.preview:metrics', 'correlation_id': '440075ae-c543-4da7-8e5e-1688bcf4017c', 'ip': '127.0.0.1', 'method': 'GET', 'path': '/classteacher/preview_class_report/Grade 9/Stream B/term 3/midterm 3 2025', 'role': 'classteacher', 'teacher_id': 9, 'elapsed_ms': 467, 'students': 0, 'subjects': 0}
2025-09-19 14:13:22,808 - INFO - 4bf3582cca6d47f88f033d996affb151 - new_structure - GET /classteacher/preview_class_report/Grade 9/Stream B/term 3/midterm 3 2025 - {'event': 'report.class.preview:success', 'correlation_id': 'f4b5f1a4-4174-472f-8af2-20079179d13b', 'ip': '127.0.0.1', 'method': 'GET', 'path': '/classteacher/preview_class_report/Grade 9/Stream B/term 3/midterm 3 2025', 'role': 'classteacher', 'teacher_id': 9, 'status': 200}
2025-09-19 14:13:56,610 - INFO - dc1f88b9c5f2474f89962114c160761c - new_structure - GET /classteacher/preview_class_report/Grade 9/Stream B/term 3/midterm 3 2025 - {'event': 'report.class.preview:metrics', 'correlation_id': 'd9c528ce-d2ff-4bed-8ffb-7ba44c4bbb6a', 'ip': '127.0.0.1', 'method': 'GET', 'path': '/classteacher/preview_class_report/Grade 9/Stream B/term 3/midterm 3 2025', 'role': 'classteacher', 'teacher_id': 9, 'elapsed_ms': 519, 'students': 0, 'subjects': 0}
2025-09-19 14:13:56,649 - INFO - dc1f88b9c5f2474f89962114c160761c - new_structure - GET /classteacher/preview_class_report/Grade 9/Stream B/term 3/midterm 3 2025 - {'event': 'report.class.preview:success', 'correlation_id': '83bbfbf9-6f38-4233-b6ce-f863f560c6f8', 'ip': '127.0.0.1', 'method': 'GET', 'path': '/classteacher/preview_class_report/Grade 9/Stream B/term 3/midterm 3 2025', 'role': 'classteacher', 'teacher_id': 9, 'status': 200}
2025-09-19 14:14:26,319 - INFO - n/a - new_structure -   - Rate limiter storage active: memory://
2025-09-19 14:14:28,800 - INFO - n/a - mark_validation -   - Mark sanitizer middleware initialized
2025-09-19 14:14:36,900 - WARNING - 3b845c04afcf479e921f2f6e1a857efc - new_structure.utils.cache_manager - GET /classteacher/preview_class_report/Grade 9/Stream B/term 3/midterm 3 2025 - ?? Redis not available, falling back to in-memory cache: Error 10061 connecting to localhost:6379. No connection could be made because the target machine actively refused it.
2025-09-19 14:14:37,389 - INFO - 3b845c04afcf479e921f2f6e1a857efc - new_structure - GET /classteacher/preview_class_report/Grade 9/Stream B/term 3/midterm 3 2025 - {'event': 'report.class.preview:metrics', 'correlation_id': 'adfa2261-d32a-4159-9a44-bfcfab31db7d', 'ip': '127.0.0.1', 'method': 'GET', 'path': '/classteacher/preview_class_report/Grade 9/Stream B/term 3/midterm 3 2025', 'role': 'classteacher', 'teacher_id': 9, 'elapsed_ms': 4605, 'students': 0, 'subjects': 0}
2025-09-19 14:14:37,593 - INFO - 3b845c04afcf479e921f2f6e1a857efc - new_structure - GET /classteacher/preview_class_report/Grade 9/Stream B/term 3/midterm 3 2025 - {'event': 'report.class.preview:success', 'correlation_id': '26c8965b-3072-4c03-8298-f5a4e67982b5', 'ip': '127.0.0.1', 'method': 'GET', 'path': '/classteacher/preview_class_report/Grade 9/Stream B/term 3/midterm 3 2025', 'role': 'classteacher', 'teacher_id': 9, 'status': 200}
2025-09-19 14:20:20,805 - INFO - 85fde8cd0121421d914fccc4c7ddf874 - new_structure - GET /classteacher/preview_class_report/Grade 9/Stream B/term 3/midterm 3 2025 - {'event': 'report.class.preview:metrics', 'correlation_id': '455cd7fe-c737-4e7c-8da2-842b86fa34c6', 'ip': '127.0.0.1', 'method': 'GET', 'path': '/classteacher/preview_class_report/Grade 9/Stream B/term 3/midterm 3 2025', 'role': 'classteacher', 'teacher_id': 9, 'elapsed_ms': 383, 'students': 0, 'subjects': 0}
2025-09-19 14:20:20,934 - INFO - 85fde8cd0121421d914fccc4c7ddf874 - new_structure - GET /classteacher/preview_class_report/Grade 9/Stream B/term 3/midterm 3 2025 - {'event': 'report.class.preview:success', 'correlation_id': '09fc0436-963d-47a8-b42f-fd338bc761f7', 'ip': '127.0.0.1', 'method': 'GET', 'path': '/classteacher/preview_class_report/Grade 9/Stream B/term 3/midterm 3 2025', 'role': 'classteacher', 'teacher_id': 9, 'status': 200}
2025-09-19 14:20:28,867 - INFO - 90495d6d8eec4ecd8682e2e955394969 - new_structure - GET /classteacher/preview_class_report/Grade 9/Stream B/term 3/midterm 3 2025 - {'event': 'report.class.preview:metrics', 'correlation_id': '4afec552-513f-450f-847c-ff90726f6c5c', 'ip': '127.0.0.1', 'method': 'GET', 'path': '/classteacher/preview_class_report/Grade 9/Stream B/term 3/midterm 3 2025', 'role': 'classteacher', 'teacher_id': 9, 'elapsed_ms': 435, 'students': 0, 'subjects': 0}
2025-09-19 14:20:28,903 - INFO - 90495d6d8eec4ecd8682e2e955394969 - new_structure - GET /classteacher/preview_class_report/Grade 9/Stream B/term 3/midterm 3 2025 - {'event': 'report.class.preview:success', 'correlation_id': '1c51cbc8-53a5-48c7-8c79-57ac8764a3b8', 'ip': '127.0.0.1', 'method': 'GET', 'path': '/classteacher/preview_class_report/Grade 9/Stream B/term 3/midterm 3 2025', 'role': 'classteacher', 'teacher_id': 9, 'status': 200}
2025-09-19 14:25:24,977 - INFO - n/a - new_structure -   - Rate limiter storage active: memory://
2025-09-19 14:25:27,278 - INFO - n/a - mark_validation -   - Mark sanitizer middleware initialized
2025-09-19 14:25:31,504 - WARNING - c9997dd33a1c4934b55a0b04a9aa5fe0 - new_structure.utils.cache_manager - GET /classteacher/preview_class_report/Grade 9/Stream B/term 3/midterm 3 2025 - ?? Redis not available, falling back to in-memory cache: Error 10061 connecting to localhost:6379. No connection could be made because the target machine actively refused it.
2025-09-19 14:25:32,080 - INFO - c9997dd33a1c4934b55a0b04a9aa5fe0 - new_structure - GET /classteacher/preview_class_report/Grade 9/Stream B/term 3/midterm 3 2025 - {'event': 'report.class.preview:metrics', 'correlation_id': '382c6210-33d2-4ba1-8458-cfbf6dbf9747', 'ip': '127.0.0.1', 'method': 'GET', 'path': '/classteacher/preview_class_report/Grade 9/Stream B/term 3/midterm 3 2025', 'role': 'classteacher', 'teacher_id': 9, 'elapsed_ms': 4704, 'students': 0, 'subjects': 0}
2025-09-19 14:25:32,285 - INFO - c9997dd33a1c4934b55a0b04a9aa5fe0 - new_structure - GET /classteacher/preview_class_report/Grade 9/Stream B/term 3/midterm 3 2025 - {'event': 'report.class.preview:success', 'correlation_id': '6b1ecf7a-816d-45fe-bb66-76a60c973dee', 'ip': '127.0.0.1', 'method': 'GET', 'path': '/classteacher/preview_class_report/Grade 9/Stream B/term 3/midterm 3 2025', 'role': 'classteacher', 'teacher_id': 9, 'status': 200}
2025-09-19 14:48:27,078 - INFO - 71b16d95c9df4729a836e15547e62a49 - new_structure - GET /classteacher/preview_class_report/Grade 9/Stream B/term 3/midterm 3 2025 - {'event': 'report.class.preview:metrics', 'correlation_id': '4eaa9eb3-433e-4c82-b3f5-e7c05cabb7bf', 'ip': '127.0.0.1', 'method': 'GET', 'path': '/classteacher/preview_class_report/Grade 9/Stream B/term 3/midterm 3 2025', 'role': 'classteacher', 'teacher_id': 9, 'elapsed_ms': 434, 'students': 0, 'subjects': 0}
2025-09-19 14:48:27,267 - INFO - 71b16d95c9df4729a836e15547e62a49 - new_structure - GET /classteacher/preview_class_report/Grade 9/Stream B/term 3/midterm 3 2025 - {'event': 'report.class.preview:success', 'correlation_id': 'af2be65a-f730-4e3a-8453-ef9c62a8ab60', 'ip': '127.0.0.1', 'method': 'GET', 'path': '/classteacher/preview_class_report/Grade 9/Stream B/term 3/midterm 3 2025', 'role': 'classteacher', 'teacher_id': 9, 'status': 200}
2025-09-19 14:57:08,303 - INFO - 49c08652a3d94efbb5eabe260334cbe7 - new_structure - GET /classteacher/preview_class_report/Grade 9/Stream B/term 3/midterm 3 2025 - {'event': 'report.class.preview:metrics', 'correlation_id': 'cc634c10-dde0-4b25-9613-48fa4908aaf3', 'ip': '127.0.0.1', 'method': 'GET', 'path': '/classteacher/preview_class_report/Grade 9/Stream B/term 3/midterm 3 2025', 'role': 'classteacher', 'teacher_id': 9, 'elapsed_ms': 420, 'students': 0, 'subjects': 0}
2025-09-19 14:57:08,487 - INFO - 49c08652a3d94efbb5eabe260334cbe7 - new_structure - GET /classteacher/preview_class_report/Grade 9/Stream B/term 3/midterm 3 2025 - {'event': 'report.class.preview:success', 'correlation_id': '2b68b419-b641-41f9-8edf-f43936aed45b', 'ip': '127.0.0.1', 'method': 'GET', 'path': '/classteacher/preview_class_report/Grade 9/Stream B/term 3/midterm 3 2025', 'role': 'classteacher', 'teacher_id': 9, 'status': 200}
2025-09-19 14:58:12,126 - INFO - 6aad6d621a7f44bb96cb539fc092f65b - new_structure - POST /classteacher/preview_class_report/Grade 9/Stream B/term 3/midterm 3 2025 - {'event': 'report.class.preview:metrics', 'correlation_id': 'a7302328-c132-44ef-8313-5742a11ebaad', 'ip': '127.0.0.1', 'method': 'POST', 'path': '/classteacher/preview_class_report/Grade 9/Stream B/term 3/midterm 3 2025', 'role': 'classteacher', 'teacher_id': 9, 'elapsed_ms': 265, 'students': 0, 'subjects': 0}
2025-09-19 14:58:12,145 - INFO - 6aad6d621a7f44bb96cb539fc092f65b - new_structure - POST /classteacher/preview_class_report/Grade 9/Stream B/term 3/midterm 3 2025 - {'event': 'report.class.preview:success', 'correlation_id': 'eb746317-2507-4d5f-ad6f-9fc33017deca', 'ip': '127.0.0.1', 'method': 'POST', 'path': '/classteacher/preview_class_report/Grade 9/Stream B/term 3/midterm 3 2025', 'role': 'classteacher', 'teacher_id': 9, 'status': 200}
2025-09-19 15:03:35,865 - INFO - c1c323bb8d284a1b967480f4365b4385 - new_structure - GET /classteacher/preview_class_report/Grade 9/Stream B/term 3/midterm 3 2025 - {'event': 'report.class.preview:metrics', 'correlation_id': 'bb7840de-5a5e-4076-932e-aa1c67b0374b', 'ip': '127.0.0.1', 'method': 'GET', 'path': '/classteacher/preview_class_report/Grade 9/Stream B/term 3/midterm 3 2025', 'role': 'classteacher', 'teacher_id': 9, 'elapsed_ms': 335, 'students': 0, 'subjects': 0}
2025-09-19 15:03:35,895 - INFO - c1c323bb8d284a1b967480f4365b4385 - new_structure - GET /classteacher/preview_class_report/Grade 9/Stream B/term 3/midterm 3 2025 - {'event': 'report.class.preview:success', 'correlation_id': 'a5c4759d-92fb-47a7-aa61-a5c1df54971f', 'ip': '127.0.0.1', 'method': 'GET', 'path': '/classteacher/preview_class_report/Grade 9/Stream B/term 3/midterm 3 2025', 'role': 'classteacher', 'teacher_id': 9, 'status': 200}
2025-09-19 16:10:17,453 - INFO - n/a - new_structure -   - Rate limiter storage active: memory://
2025-09-19 16:10:20,183 - INFO - n/a - mark_validation -   - Mark sanitizer middleware initialized
2025-09-19 16:10:56,196 - INFO - 9d37dd3982fe4fd6bb2e042d993731f7 - new_structure.services.auth_service - POST /classteacher_login - Authentication successful for joylorna with role classteacher
2025-09-19 16:11:08,369 - WARNING - 0ea110ce66624958add6cf1e052a64ba - new_structure.utils.cache_manager - GET /classteacher/preview_class_report/Grade 9/Stream B/term 3/midterm 3 2025 - ?? Redis not available, falling back to in-memory cache: Error 10061 connecting to localhost:6379. No connection could be made because the target machine actively refused it.
2025-09-19 16:11:08,774 - INFO - 0ea110ce66624958add6cf1e052a64ba - new_structure - GET /classteacher/preview_class_report/Grade 9/Stream B/term 3/midterm 3 2025 - {'event': 'report.class.preview:metrics', 'correlation_id': '49cc3cc2-241f-4a80-a570-abe15c2ce7eb', 'ip': '127.0.0.1', 'method': 'GET', 'path': '/classteacher/preview_class_report/Grade 9/Stream B/term 3/midterm 3 2025', 'role': 'classteacher', 'teacher_id': 9, 'elapsed_ms': 4510, 'students': 0, 'subjects': 0}
2025-09-19 16:11:08,915 - INFO - 0ea110ce66624958add6cf1e052a64ba - new_structure - GET /classteacher/preview_class_report/Grade 9/Stream B/term 3/midterm 3 2025 - {'event': 'report.class.preview:success', 'correlation_id': '99a66971-ee6b-45df-a9f3-a202bd16686b', 'ip': '127.0.0.1', 'method': 'GET', 'path': '/classteacher/preview_class_report/Grade 9/Stream B/term 3/midterm 3 2025', 'role': 'classteacher', 'teacher_id': 9, 'status': 200}
2025-09-19 16:22:38,576 - INFO - 1f2b21042ff54185b0737c021de384e1 - new_structure - GET /classteacher/preview_class_report/Grade 9/Stream B/term 3/midterm 3 2025 - {'event': 'report.class.preview:metrics', 'correlation_id': 'dada8644-72cf-4d4d-8d2a-16760fb3f811', 'ip': '127.0.0.1', 'method': 'GET', 'path': '/classteacher/preview_class_report/Grade 9/Stream B/term 3/midterm 3 2025', 'role': 'classteacher', 'teacher_id': 9, 'elapsed_ms': 401, 'students': 0, 'subjects': 0}
2025-09-19 16:22:38,591 - INFO - 1f2b21042ff54185b0737c021de384e1 - new_structure - GET /classteacher/preview_class_report/Grade 9/Stream B/term 3/midterm 3 2025 - {'event': 'report.class.preview:success', 'correlation_id': '80d0a3bd-1147-428a-8c5a-1a4fb8117b68', 'ip': '127.0.0.1', 'method': 'GET', 'path': '/classteacher/preview_class_report/Grade 9/Stream B/term 3/midterm 3 2025', 'role': 'classteacher', 'teacher_id': 9, 'status': 200}
2025-09-19 16:23:31,610 - INFO - ffced4a6d34c4c5eafec539a08342356 - new_structure - POST /classteacher/preview_class_report/Grade 9/Stream B/term 3/midterm 3 2025 - {'event': 'report.class.preview:metrics', 'correlation_id': '068afa99-3fd1-4917-9ed7-8316d6a21aaa', 'ip': '127.0.0.1', 'method': 'POST', 'path': '/classteacher/preview_class_report/Grade 9/Stream B/term 3/midterm 3 2025', 'role': 'classteacher', 'teacher_id': 9, 'elapsed_ms': 389, 'students': 0, 'subjects': 0}
2025-09-19 16:23:31,635 - INFO - ffced4a6d34c4c5eafec539a08342356 - new_structure - POST /classteacher/preview_class_report/Grade 9/Stream B/term 3/midterm 3 2025 - {'event': 'report.class.preview:success', 'correlation_id': '0878e926-c024-42b1-875b-8a570b5e25c2', 'ip': '127.0.0.1', 'method': 'POST', 'path': '/classteacher/preview_class_report/Grade 9/Stream B/term 3/midterm 3 2025', 'role': 'classteacher', 'teacher_id': 9, 'status': 200}
2025-09-21 15:13:45,562 - INFO - n/a - new_structure -   - Rate limiter storage active: memory://
2025-09-21 15:13:52,045 - INFO - n/a - mark_validation -   - Mark sanitizer middleware initialized
2025-09-21 15:15:29,925 - INFO - cd1775c6bf2c476ba5da9274ff188bb5 - new_structure.services.auth_service - POST /classteacher_login - Authentication successful for joylorna with role classteacher
2025-09-21 15:15:41,063 - WARNING - d30dab40142e46b28526d10a78fa925a - new_structure.utils.cache_manager - GET /classteacher/preview_class_report/Grade 9/Stream B/term 3/midterm 3 2025 - ?? Redis not available, falling back to in-memory cache: Error 10061 connecting to localhost:6379. No connection could be made because the target machine actively refused it.
2025-09-21 15:15:41,835 - INFO - d30dab40142e46b28526d10a78fa925a - new_structure - GET /classteacher/preview_class_report/Grade 9/Stream B/term 3/midterm 3 2025 - {'event': 'report.class.preview:metrics', 'correlation_id': '8df08fdf-e793-43a5-b819-cf2092e66552', 'ip': '127.0.0.1', 'method': 'GET', 'path': '/classteacher/preview_class_report/Grade 9/Stream B/term 3/midterm 3 2025', 'role': 'classteacher', 'teacher_id': 9, 'elapsed_ms': 5109, 'students': 0, 'subjects': 0}
2025-09-21 15:15:42,000 - INFO - d30dab40142e46b28526d10a78fa925a - new_structure - GET /classteacher/preview_class_report/Grade 9/Stream B/term 3/midterm 3 2025 - {'event': 'report.class.preview:success', 'correlation_id': '67e8f10a-da3f-4ec3-8849-4279eb1eda1f', 'ip': '127.0.0.1', 'method': 'GET', 'path': '/classteacher/preview_class_report/Grade 9/Stream B/term 3/midterm 3 2025', 'role': 'classteacher', 'teacher_id': 9, 'status': 200}
2025-09-21 15:16:43,727 - INFO - 54d60710fab64ff499db99693d29ae54 - new_structure - GET /classteacher/preview_class_report/Grade 9/Stream B/term 3/midterm 3 2025 - {'event': 'report.class.preview:metrics', 'correlation_id': '368b1225-fbde-49be-861f-c92eeb2e600a', 'ip': '127.0.0.1', 'method': 'GET', 'path': '/classteacher/preview_class_report/Grade 9/Stream B/term 3/midterm 3 2025', 'role': 'classteacher', 'teacher_id': 9, 'elapsed_ms': 416, 'students': 0, 'subjects': 0}
2025-09-21 15:16:43,754 - INFO - 54d60710fab64ff499db99693d29ae54 - new_structure - GET /classteacher/preview_class_report/Grade 9/Stream B/term 3/midterm 3 2025 - {'event': 'report.class.preview:success', 'correlation_id': 'af8a7c42-1a06-4288-b0cc-66a161c41dfa', 'ip': '127.0.0.1', 'method': 'GET', 'path': '/classteacher/preview_class_report/Grade 9/Stream B/term 3/midterm 3 2025', 'role': 'classteacher', 'teacher_id': 9, 'status': 200}
2025-09-21 15:17:25,179 - INFO - 09eaff1ac96d40f3968ee60d1fbab960 - new_structure - GET /classteacher/subject_report/28/58/85/5/5 - subject_report.no_marks
2025-09-21 15:17:25,183 - INFO - 09eaff1ac96d40f3968ee60d1fbab960 - new_structure - GET /classteacher/subject_report/28/58/85/5/5 - {'event': 'report.subject.view:success', 'correlation_id': 'fb0789f9-992c-4a65-8cbd-c853d34af5a6', 'ip': '127.0.0.1', 'method': 'GET', 'path': '/classteacher/subject_report/28/58/85/5/5', 'role': 'classteacher', 'teacher_id': 9, 'status': 302}
2025-09-21 15:17:39,597 - INFO - 035f4166d8ac4fcd84856500b676674b - new_structure - GET /classteacher/subject_report/28/58/85/5/5 - subject_report.no_marks
2025-09-21 15:17:39,600 - INFO - 035f4166d8ac4fcd84856500b676674b - new_structure - GET /classteacher/subject_report/28/58/85/5/5 - {'event': 'report.subject.view:success', 'correlation_id': '32c122ba-2338-472c-b8bb-e7dd90a5ff4d', 'ip': '127.0.0.1', 'method': 'GET', 'path': '/classteacher/subject_report/28/58/85/5/5', 'role': 'classteacher', 'teacher_id': 9, 'status': 302}
2025-09-21 15:17:39,888 - INFO - e88977112c06434fa8b643646332bf49 - new_structure - GET /classteacher/subject_report/28/58/85/5/5 - subject_report.no_marks
2025-09-21 15:17:39,892 - INFO - e88977112c06434fa8b643646332bf49 - new_structure - GET /classteacher/subject_report/28/58/85/5/5 - {'event': 'report.subject.view:success', 'correlation_id': '6a16e066-162e-[REDACTED-PHONE]87ac7c151a6b', 'ip': '127.0.0.1', 'method': 'GET', 'path': '/classteacher/subject_report/28/58/85/5/5', 'role': 'classteacher', 'teacher_id': 9, 'status': 302}
2025-09-21 15:17:46,750 - INFO - 984cc2faefd34361aa05772f68783973 - new_structure - GET /classteacher/subject_report/28/58/85/5/5 - subject_report.no_marks
2025-09-21 15:17:46,753 - INFO - 984cc2faefd34361aa05772f68783973 - new_structure - GET /classteacher/subject_report/28/58/85/5/5 - {'event': 'report.subject.view:success', 'correlation_id': '22b42f84-9e36-408c-8d21-2dda8e56f4ce', 'ip': '127.0.0.1', 'method': 'GET', 'path': '/classteacher/subject_report/28/58/85/5/5', 'role': 'classteacher', 'teacher_id': 9, 'status': 302}
2025-09-21 15:19:02,176 - INFO - 6290452d267a44a0864f63e44e666ec9 - new_structure - GET /classteacher/subject_report/28/58/114/5/5 - subject_report.render
2025-09-21 15:19:02,178 - INFO - 6290452d267a44a0864f63e44e666ec9 - new_structure - GET /classteacher/subject_report/28/58/114/5/5 - {'event': 'report.subject.view:metrics', 'correlation_id': '9427da50-f635-41d5-9ad0-6536db931798', 'ip': '127.0.0.1', 'method': 'GET', 'path': '/classteacher/subject_report/28/58/114/5/5', 'role': 'classteacher', 'teacher_id': 9, 'elapsed_ms': 39, 'students': 10}
2025-09-21 15:19:02,295 - INFO - 6290452d267a44a0864f63e44e666ec9 - new_structure - GET /classteacher/subject_report/28/58/114/5/5 - {'event': 'report.subject.view:success', 'correlation_id': '99cf6111-c199-483b-8b32-bd2dc2102a1e', 'ip': '127.0.0.1', 'method': 'GET', 'path': '/classteacher/subject_report/28/58/114/5/5', 'role': 'classteacher', 'teacher_id': 9, 'status': 200}
2025-09-21 15:19:28,639 - INFO - deb760258bf0403c93449c0db7edf2a9 - new_structure - GET /classteacher/subject_report/28/58/114/5/5 - subject_report.render
2025-09-21 15:19:28,641 - INFO - deb760258bf0403c93449c0db7edf2a9 - new_structure - GET /classteacher/subject_report/28/58/114/5/5 - {'event': 'report.subject.view:metrics', 'correlation_id': 'e7e0c96c-a9a1-4f1f-9007-ccc56d7805a4', 'ip': '127.0.0.1', 'method': 'GET', 'path': '/classteacher/subject_report/28/58/114/5/5', 'role': 'classteacher', 'teacher_id': 9, 'elapsed_ms': 29, 'students': 10}
2025-09-21 15:19:28,662 - INFO - deb760258bf0403c93449c0db7edf2a9 - new_structure - GET /classteacher/subject_report/28/58/114/5/5 - {'event': 'report.subject.view:success', 'correlation_id': 'f9e84428-d513-4a03-a5fb-9d7394df310d', 'ip': '127.0.0.1', 'method': 'GET', 'path': '/classteacher/subject_report/28/58/114/5/5', 'role': 'classteacher', 'teacher_id': 9, 'status': 200}
2025-09-21 15:19:32,633 - INFO - 0b90f21429594303978b6e068b559126 - new_structure - GET /classteacher/preview_class_report/Grade 9/B/term 3/midterm 3 2025 - {'event': 'report.class.preview:metrics', 'correlation_id': '62ddae14-8a1d-4a25-9b5c-138042edf864', 'ip': '127.0.0.1', 'method': 'GET', 'path': '/classteacher/preview_class_report/Grade 9/B/term 3/midterm 3 2025', 'role': 'classteacher', 'teacher_id': 9, 'elapsed_ms': 467, 'students': 0, 'subjects': 0}
2025-09-21 15:19:32,666 - INFO - 0b90f21429594303978b6e068b559126 - new_structure - GET /classteacher/preview_class_report/Grade 9/B/term 3/midterm 3 2025 - {'event': 'report.class.preview:success', 'correlation_id': 'a66b9e75-50d3-4095-931f-fa0c91ffb621', 'ip': '127.0.0.1', 'method': 'GET', 'path': '/classteacher/preview_class_report/Grade 9/B/term 3/midterm 3 2025', 'role': 'classteacher', 'teacher_id': 9, 'status': 200}
2025-09-21 15:20:37,289 - INFO - 59de78c04829469cb52c5063f3fdab54 - new_structure - GET /classteacher/subject_report/28/58/113/5/5 - subject_report.render
2025-09-21 15:20:37,291 - INFO - 59de78c04829469cb52c5063f3fdab54 - new_structure - GET /classteacher/subject_report/28/58/113/5/5 - {'event': 'report.subject.view:metrics', 'correlation_id': 'f46b2279-60cc-4cb9-8157-acfbbb9b1dee', 'ip': '127.0.0.1', 'method': 'GET', 'path': '/classteacher/subject_report/28/58/113/5/5', 'role': 'classteacher', 'teacher_id': 9, 'elapsed_ms': 30, 'students': 5}
2025-09-21 15:20:37,313 - INFO - 59de78c04829469cb52c5063f3fdab54 - new_structure - GET /classteacher/subject_report/28/58/113/5/5 - {'event': 'report.subject.view:success', 'correlation_id': '5209e608-4b4d-4e6b-b20b-dcf8be6a1a3e', 'ip': '127.0.0.1', 'method': 'GET', 'path': '/classteacher/subject_report/28/58/113/5/5', 'role': 'classteacher', 'teacher_id': 9, 'status': 200}
2025-09-21 15:20:45,730 - INFO - e47a123c60a24fb5a131210f1adb90f6 - new_structure - GET /classteacher/preview_class_report/Grade 9/B/term 3/midterm 3 2025 - {'event': 'report.class.preview:metrics', 'correlation_id': '46c894fb-038c-425d-8d64-7630f4b79aba', 'ip': '127.0.0.1', 'method': 'GET', 'path': '/classteacher/preview_class_report/Grade 9/B/term 3/midterm 3 2025', 'role': 'classteacher', 'teacher_id': 9, 'elapsed_ms': 451, 'students': 0, 'subjects': 0}
2025-09-21 15:20:45,756 - INFO - e47a123c60a24fb5a131210f1adb90f6 - new_structure - GET /classteacher/preview_class_report/Grade 9/B/term 3/midterm 3 2025 - {'event': 'report.class.preview:success', 'correlation_id': '4c0d7d95-0f03-44ae-a942-87255e7e7894', 'ip': '127.0.0.1', 'method': 'GET', 'path': '/classteacher/preview_class_report/Grade 9/B/term 3/midterm 3 2025', 'role': 'classteacher', 'teacher_id': 9, 'status': 200}
2025-09-21 15:23:57,907 - INFO - 9721ae0280f84e17a0832af420ff1419 - new_structure - GET /classteacher/preview_class_report/Grade 9/Stream B/term 3/midterm 3 2025 - {'event': 'report.class.preview:metrics', 'correlation_id': '626c1818-9117-447f-bce1-c01313a7f3cd', 'ip': '127.0.0.1', 'method': 'GET', 'path': '/classteacher/preview_class_report/Grade 9/Stream B/term 3/midterm 3 2025', 'role': 'classteacher', 'teacher_id': 9, 'elapsed_ms': 312, 'students': 0, 'subjects': 0}
2025-09-21 15:23:57,928 - INFO - 9721ae0280f84e17a0832af420ff1419 - new_structure - GET /classteacher/preview_class_report/Grade 9/Stream B/term 3/midterm 3 2025 - {'event': 'report.class.preview:success', 'correlation_id': 'd1a59ad1-0fad-4b65-9ad6-e66a9afb9418', 'ip': '127.0.0.1', 'method': 'GET', 'path': '/classteacher/preview_class_report/Grade 9/Stream B/term 3/midterm 3 2025', 'role': 'classteacher', 'teacher_id': 9, 'status': 200}
2025-09-21 17:02:11,244 - INFO - n/a - new_structure -   - Rate limiter storage active: memory://
2025-09-21 17:02:13,649 - INFO - n/a - mark_validation -   - Mark sanitizer middleware initialized
2025-09-21 17:04:15,448 - INFO - 3ad38190070e4cb29e0f6b0101868a49 - new_structure.services.auth_service - POST /classteacher_login - Authentication successful for joylorna with role classteacher
2025-09-21 17:04:27,150 - WARNING - 87329926f3864bab8daa6fe735d0535a - new_structure.utils.cache_manager - GET /classteacher/preview_class_report/Grade 9/Stream B/term 3/midterm 3 2025 - ?? Redis not available, falling back to in-memory cache: Error 10061 connecting to localhost:6379. No connection could be made because the target machine actively refused it.
2025-09-21 17:04:27,908 - INFO - 581505c9fd25474ca3f5999d55e0d223 - new_structure - GET /classteacher/preview_class_report/Grade 9/Stream B/term 3/midterm 3 2025 - {'event': 'report.class.preview:metrics', 'correlation_id': 'e1d30318-40b1-4fdf-8ddb-e1b62d755911', 'ip': '127.0.0.1', 'method': 'GET', 'path': '/classteacher/preview_class_report/Grade 9/Stream B/term 3/midterm 3 2025', 'role': 'classteacher', 'teacher_id': 9, 'elapsed_ms': 2696, 'students': 0, 'subjects': 0}
2025-09-21 17:04:28,029 - INFO - 87329926f3864bab8daa6fe735d0535a - new_structure - GET /classteacher/preview_class_report/Grade 9/Stream B/term 3/midterm 3 2025 - {'event': 'report.class.preview:metrics', 'correlation_id': '66c39ad7-618b-4f34-bea5-1aee2b27dd78', 'ip': '127.0.0.1', 'method': 'GET', 'path': '/classteacher/preview_class_report/Grade 9/Stream B/term 3/midterm 3 2025', 'role': 'classteacher', 'teacher_id': 9, 'elapsed_ms': 5009, 'students': 0, 'subjects': 0}
2025-09-21 17:04:28,087 - INFO - 87329926f3864bab8daa6fe735d0535a - new_structure - GET /classteacher/preview_class_report/Grade 9/Stream B/term 3/midterm 3 2025 - {'event': 'report.class.preview:success', 'correlation_id': 'cb73177b-ea03-44a6-a561-a6f2e4afdb90', 'ip': '127.0.0.1', 'method': 'GET', 'path': '/classteacher/preview_class_report/Grade 9/Stream B/term 3/midterm 3 2025', 'role': 'classteacher', 'teacher_id': 9, 'status': 200}
2025-09-21 17:04:28,094 - INFO - 581505c9fd25474ca3f5999d55e0d223 - new_structure - GET /classteacher/preview_class_report/Grade 9/Stream B/term 3/midterm 3 2025 - {'event': 'report.class.preview:success', 'correlation_id': '288880ee-7b03-4ff8-88f1-951e6f3999ee', 'ip': '127.0.0.1', 'method': 'GET', 'path': '/classteacher/preview_class_report/Grade 9/Stream B/term 3/midterm 3 2025', 'role': 'classteacher', 'teacher_id': 9, 'status': 200}
2025-09-21 17:25:47,210 - INFO - 8f19ce619bb942e4b97aeb817ee1ab2e - new_structure - GET /classteacher/preview_class_report/Grade 9/Stream B/term 3/midterm 3 2025 - {'event': 'report.class.preview:metrics', 'correlation_id': '7205105e-aac0-43b6-b45f-6094d0beb57a', 'ip': '127.0.0.1', 'method': 'GET', 'path': '/classteacher/preview_class_report/Grade 9/Stream B/term 3/midterm 3 2025', 'role': 'classteacher', 'teacher_id': 9, 'elapsed_ms': 313, 'students': 0, 'subjects': 0}
2025-09-21 17:25:47,228 - INFO - 8f19ce619bb942e4b97aeb817ee1ab2e - new_structure - GET /classteacher/preview_class_report/Grade 9/Stream B/term 3/midterm 3 2025 - {'event': 'report.class.preview:success', 'correlation_id': 'b4ce7624-231d-4203-b35e-264b212d483c', 'ip': '127.0.0.1', 'method': 'GET', 'path': '/classteacher/preview_class_report/Grade 9/Stream B/term 3/midterm 3 2025', 'role': 'classteacher', 'teacher_id': 9, 'status': 200}
2025-09-21 17:36:36,984 - INFO - 338854229dce4a1785b0099b6dbe59d0 - new_structure - GET /classteacher/preview_class_report/Grade 9/Stream B/term 3/midterm 3 2025 - {'event': 'report.class.preview:metrics', 'correlation_id': 'c185a5a0-ccab-4647-8b4a-55cfe53c74a3', 'ip': '127.0.0.1', 'method': 'GET', 'path': '/classteacher/preview_class_report/Grade 9/Stream B/term 3/midterm 3 2025', 'role': 'classteacher', 'teacher_id': 9, 'elapsed_ms': 472, 'students': 0, 'subjects': 0}
2025-09-21 17:36:37,158 - INFO - 338854229dce4a1785b0099b6dbe59d0 - new_structure - GET /classteacher/preview_class_report/Grade 9/Stream B/term 3/midterm 3 2025 - {'event': 'report.class.preview:success', 'correlation_id': '5a9ecaf9-1236-4b48-b783-e6623b752ff0', 'ip': '127.0.0.1', 'method': 'GET', 'path': '/classteacher/preview_class_report/Grade 9/Stream B/term 3/midterm 3 2025', 'role': 'classteacher', 'teacher_id': 9, 'status': 200}
2025-09-21 17:55:00,723 - INFO - 2d7ac2c0536d46fea9291bf4dfb819c1 - new_structure - GET /classteacher/preview_class_report/Grade 9/Stream B/term 3/midterm 3 2025 - {'event': 'report.class.preview:metrics', 'correlation_id': '2eaa2798-f8af-4a67-ad88-b09a85280d16', 'ip': '127.0.0.1', 'method': 'GET', 'path': '/classteacher/preview_class_report/Grade 9/Stream B/term 3/midterm 3 2025', 'role': 'classteacher', 'teacher_id': 9, 'elapsed_ms': 324, 'students': 0, 'subjects': 0}
2025-09-21 17:55:00,843 - INFO - 2d7ac2c0536d46fea9291bf4dfb819c1 - new_structure - GET /classteacher/preview_class_report/Grade 9/Stream B/term 3/midterm 3 2025 - {'event': 'report.class.preview:success', 'correlation_id': '2bd9ac78-038d-42c3-a867-b833f70ec3fb', 'ip': '127.0.0.1', 'method': 'GET', 'path': '/classteacher/preview_class_report/Grade 9/Stream B/term 3/midterm 3 2025', 'role': 'classteacher', 'teacher_id': 9, 'status': 200}
2025-09-21 19:14:20,462 - INFO - n/a - new_structure -   - Rate limiter storage active: memory://
2025-09-21 19:14:23,214 - INFO - n/a - mark_validation -   - Mark sanitizer middleware initialized
2025-09-21 19:14:55,864 - INFO - eeb23f7a7a7c414d9c028a82d3b79de4 - new_structure.services.auth_service - POST /classteacher_login - Authentication successful for joylorna with role classteacher
2025-09-21 19:15:07,969 - WARNING - 38a3bd5522544acdb9e46df351e35a7f - new_structure.utils.cache_manager - GET /classteacher/preview_class_report/Grade 9/Stream B/term 3/midterm 3 2025 - ?? Redis not available, falling back to in-memory cache: Error 10061 connecting to localhost:6379. No connection could be made because the target machine actively refused it.
2025-09-21 19:15:08,485 - INFO - 38a3bd5522544acdb9e46df351e35a7f - new_structure - GET /classteacher/preview_class_report/Grade 9/Stream B/term 3/midterm 3 2025 - {'event': 'report.class.preview:metrics', 'correlation_id': 'c71699f7-2350-4c75-aa9d-3f371e6a6d48', 'ip': '127.0.0.1', 'method': 'GET', 'path': '/classteacher/preview_class_report/Grade 9/Stream B/term 3/midterm 3 2025', 'role': 'classteacher', 'teacher_id': 9, 'elapsed_ms': 4653, 'students': 0, 'subjects': 0}
2025-09-21 19:15:08,687 - INFO - 38a3bd5522544acdb9e46df351e35a7f - new_structure - GET /classteacher/preview_class_report/Grade 9/Stream B/term 3/midterm 3 2025 - {'event': 'report.class.preview:success', 'correlation_id': 'e1237e50-effa-4e26-a5d2-07483422e4fd', 'ip': '127.0.0.1', 'method': 'GET', 'path': '/classteacher/preview_class_report/Grade 9/Stream B/term 3/midterm 3 2025', 'role': 'classteacher', 'teacher_id': 9, 'status': 200}
2025-09-21 21:18:21,522 - INFO - n/a - new_structure -   - Rate limiter storage active: memory://
2025-09-21 21:18:21,879 - INFO - n/a - new_structure.utils.database_init -   - ? Starting database initialization (MySQL mode)
2025-09-21 21:18:21,885 - ERROR - n/a - new_structure.utils.database_init -   - Error creating tables: (pymysql.err.OperationalError) (1045, "Access denied for user 'root'@'localhost' (using password: NO)")
(Background on this error at: https://sqlalche.me/e/20/e3q8)
2025-09-21 21:18:22,414 - INFO - n/a - mark_validation -   - Mark sanitizer middleware initialized
2025-09-21 22:48:10,987 - INFO - n/a - new_structure -   - Rate limiter storage active: memory://
2025-09-21 22:48:13,353 - INFO - n/a - mark_validation -   - Mark sanitizer middleware initialized
2025-09-21 22:50:23,592 - INFO - 679de79728bc4d59846d83220cb49fbf - new_structure.services.auth_service - POST /classteacher_login - Authentication successful for joylorna with role classteacher
2025-09-21 22:50:37,171 - WARNING - c3c302b5d4b64d5c99ed496ceaef2995 - new_structure.utils.cache_manager - GET /classteacher/preview_class_report/Grade 9/Stream B/term 3/midterm 3 2025 - ?? Redis not available, falling back to in-memory cache: Error 10061 connecting to localhost:6379. No connection could be made because the target machine actively refused it.
2025-09-21 22:50:37,718 - INFO - c3c302b5d4b64d5c99ed496ceaef2995 - new_structure - GET /classteacher/preview_class_report/Grade 9/Stream B/term 3/midterm 3 2025 - {'event': 'report.class.preview:metrics', 'correlation_id': 'f553e1e4-1ca0-4b01-8237-e2e73ec3b185', 'ip': '127.0.0.1', 'method': 'GET', 'path': '/classteacher/preview_class_report/Grade 9/Stream B/term 3/midterm 3 2025', 'role': 'classteacher', 'teacher_id': 9, 'elapsed_ms': 4732, 'students': 0, 'subjects': 0}
2025-09-21 22:50:37,862 - INFO - c3c302b5d4b64d5c99ed496ceaef2995 - new_structure - GET /classteacher/preview_class_report/Grade 9/Stream B/term 3/midterm 3 2025 - {'event': 'report.class.preview:success', 'correlation_id': 'a436664e-72de-4cba-a553-a19086e6e5fd', 'ip': '127.0.0.1', 'method': 'GET', 'path': '/classteacher/preview_class_report/Grade 9/Stream B/term 3/midterm 3 2025', 'role': 'classteacher', 'teacher_id': 9, 'status': 200}
2025-09-21 22:51:20,182 - INFO - 940f0ae566684beca9d783e185bc3633 - new_structure.services.auth_service - POST /admin_login - Authentication successful for headteacher with role headteacher
2025-09-21 23:12:04,997 - INFO - n/a - new_structure -   - Rate limiter storage active: memory://
2025-09-21 23:12:07,037 - INFO - n/a - mark_validation -   - Mark sanitizer middleware initialized
2025-09-22 06:31:43,955 - INFO - n/a - new_structure -   - Rate limiter storage active: memory://
2025-09-22 06:31:50,178 - INFO - n/a - mark_validation -   - Mark sanitizer middleware initialized
2025-09-22 06:32:18,489 - INFO - 0beb1dff0eb74ea88ca2f419e0c53e14 - new_structure.services.auth_service - POST /admin_login - Authentication successful for headteacher with role headteacher
2025-09-22 06:38:10,564 - INFO - n/a - new_structure -   - Rate limiter storage active: memory://
2025-09-22 06:38:10,936 - INFO - n/a - new_structure.utils.database_init -   - ? Starting database initialization (MySQL mode)
2025-09-22 06:38:10,963 - ERROR - n/a - new_structure.utils.database_init -   - Error creating tables: (pymysql.err.OperationalError) (1045, "Access denied for user 'root'@'localhost' (using password: NO)")
(Background on this error at: https://sqlalche.me/e/20/e3q8)
2025-09-22 06:38:11,501 - INFO - n/a - mark_validation -   - Mark sanitizer middleware initialized
2025-09-22 06:42:17,696 - INFO - n/a - new_structure -   - Rate limiter storage active: memory://
2025-09-22 06:42:19,820 - INFO - n/a - mark_validation -   - Mark sanitizer middleware initialized
2025-09-22 07:07:59,526 - INFO - n/a - new_structure -   - Rate limiter storage active: memory://
2025-09-22 07:07:59,804 - INFO - n/a - new_structure.utils.database_init -   - ? Starting database initialization (MySQL mode)
2025-09-22 07:07:59,821 - ERROR - n/a - new_structure.utils.database_init -   - Error creating tables: (pymysql.err.OperationalError) (1045, "Access denied for user 'root'@'localhost' (using password: NO)")
(Background on this error at: https://sqlalche.me/e/20/e3q8)
2025-09-22 07:08:01,538 - INFO - n/a - mark_validation -   - Mark sanitizer middleware initialized
2025-09-22 08:17:27,669 - INFO - n/a - new_structure -   - Rate limiter storage active: memory://
2025-09-22 08:17:30,184 - INFO - n/a - mark_validation -   - Mark sanitizer middleware initialized
2025-09-22 08:18:06,049 - INFO - 4422cc4a37954f08908866b7f88142a1 - new_structure.services.auth_service - POST /admin_login - Authentication successful for headteacher with role headteacher
2025-09-22 08:24:03,214 - INFO - n/a - new_structure -   - Rate limiter storage active: memory://
2025-09-22 08:24:06,245 - INFO - n/a - new_structure.utils.database_init -   - ? Starting database initialization (MySQL mode)
2025-09-22 08:24:08,518 - ERROR - n/a - new_structure.utils.database_init -   - Error creating tables: (pymysql.err.OperationalError) (2003, "Can't connect to MySQL server on '2494' ([Errno 11001] getaddrinfo failed)")
(Background on this error at: https://sqlalche.me/e/20/e3q8)
2025-09-22 08:24:09,008 - INFO - n/a - mark_validation -   - Mark sanitizer middleware initialized
2025-09-22 08:27:43,404 - INFO - n/a - new_structure -   - Rate limiter storage active: memory://
2025-09-22 08:27:46,400 - INFO - n/a - new_structure.utils.database_init -   - ? Starting database initialization (MySQL mode)
2025-09-22 08:27:48,679 - ERROR - n/a - new_structure.utils.database_init -   - Error creating tables: (pymysql.err.OperationalError) (2003, "Can't connect to MySQL server on '2494' ([Errno 11001] getaddrinfo failed)")
(Background on this error at: https://sqlalche.me/e/20/e3q8)
2025-09-22 08:27:49,425 - INFO - n/a - mark_validation -   - Mark sanitizer middleware initialized
2025-09-22 08:49:18,877 - INFO - n/a - new_structure -   - Rate limiter storage active: memory://
2025-09-22 08:49:21,886 - INFO - n/a - new_structure.utils.database_init -   - ? Starting database initialization (MySQL mode)
2025-09-22 08:49:24,163 - ERROR - n/a - new_structure.utils.database_init -   - Error creating tables: (pymysql.err.OperationalError) (2003, "Can't connect to MySQL server on '2494' ([Errno 11001] getaddrinfo failed)")
(Background on this error at: https://sqlalche.me/e/20/e3q8)
2025-09-22 08:49:26,090 - INFO - n/a - mark_validation -   - Mark sanitizer middleware initialized
2025-09-22 08:49:27,588 - INFO - n/a - new_structure -   - Application logging configured (json=False)
2025-09-22 08:49:28,182 - INFO - n/a - new_structure -   - Rate limiter storage active: memory://
2025-09-22 08:49:31,179 - INFO - n/a - new_structure.utils.database_init -   - ? Starting database initialization (MySQL mode)
2025-09-22 08:49:33,469 - ERROR - n/a - new_structure.utils.database_init -   - Error creating tables: (pymysql.err.OperationalError) (2003, "Can't connect to MySQL server on '2494' ([Errno 11001] getaddrinfo failed)")
(Background on this error at: https://sqlalche.me/e/20/e3q8)
2025-09-22 08:49:35,269 - INFO - n/a - mark_validation -   - Mark sanitizer middleware initialized
2025-09-22 08:49:35,302 - INFO - n/a - new_structure -   - Application initialized
2025-09-22 08:49:35,336 - WARNING - n/a - werkzeug -   -  * Debugger is active!
2025-09-22 08:50:19,085 - INFO - n/a - new_structure -   - Application logging configured (json=False)
2025-09-22 08:50:19,632 - INFO - n/a - new_structure -   - Rate limiter storage active: memory://
2025-09-22 08:50:21,466 - INFO - n/a - mark_validation -   - Mark sanitizer middleware initialized
2025-09-22 08:50:21,492 - INFO - n/a - new_structure -   - Application initialized
2025-09-22 08:50:21,514 - WARNING - n/a - werkzeug -   -  * Debugger is active!
2025-09-22 08:59:29,195 - INFO - n/a - new_structure -   - Rate limiter storage active: memory://
2025-09-22 08:59:31,273 - INFO - n/a - mark_validation -   - Mark sanitizer middleware initialized
2025-09-22 08:59:59,618 - INFO - 529ff0a575c143688c9a9581f8747ddc - new_structure.services.auth_service - POST /admin_login - Authentication successful for headteacher with role headteacher
2025-09-22 09:30:50,628 - WARNING - 0080d948980c41cf98c1ed61ca635022 - new_structure.services.auth_service - POST /admin_login - Authentication failed for headteacher with role headteacher
2025-09-22 09:31:01,864 - INFO - f30ddc00fb734d2d8aab4acaa979500f - new_structure.services.auth_service - POST /admin_login - Authentication successful for headteacher with role headteacher
2025-09-22 10:09:08,973 - INFO - 2211d1d49a7a40c29a8121f2736d30b6 - new_structure.services.auth_service - POST /classteacher_login - Authentication successful for joylorna with role classteacher
2025-09-22 10:09:45,976 - INFO - 4feb282550ee46a6a4146d54f5673895 - new_structure - GET /classteacher/subject_report/28/58/85/5/5 - subject_report.no_marks
2025-09-22 10:09:45,979 - INFO - 4feb282550ee46a6a4146d54f5673895 - new_structure - GET /classteacher/subject_report/28/58/85/5/5 - {'event': 'report.subject.view:success', 'correlation_id': '30dd1257-53bc-4800-88a0-18626b37438f', 'ip': '127.0.0.1', 'method': 'GET', 'path': '/classteacher/subject_report/28/58/85/5/5', 'role': 'classteacher', 'teacher_id': 9, 'status': 302}
2025-09-22 10:10:26,022 - INFO - 718b48946db740a695bfcd56cb434325 - new_structure - GET /classteacher/subject_report/28/58/85/5/5 - subject_report.render
2025-09-22 10:10:26,024 - INFO - 718b48946db740a695bfcd56cb434325 - new_structure - GET /classteacher/subject_report/28/58/85/5/5 - {'event': 'report.subject.view:metrics', 'correlation_id': '169817a2-39cc-4a5b-8f30-b8a0e30e4e51', 'ip': '127.0.0.1', 'method': 'GET', 'path': '/classteacher/subject_report/28/58/85/5/5', 'role': 'classteacher', 'teacher_id': 9, 'elapsed_ms': 28, 'students': 4}
2025-09-22 10:10:26,103 - INFO - 718b48946db740a695bfcd56cb434325 - new_structure - GET /classteacher/subject_report/28/58/85/5/5 - {'event': 'report.subject.view:success', 'correlation_id': '8710d320-2da7-4896-a7a9-59c38d7ae4d1', 'ip': '127.0.0.1', 'method': 'GET', 'path': '/classteacher/subject_report/28/58/85/5/5', 'role': 'classteacher', 'teacher_id': 9, 'status': 200}
2025-09-22 10:11:24,746 - WARNING - 42443106c7b54b03bde3209463a2dafa - new_structure.utils.cache_manager - GET /classteacher/preview_class_report/Grade 9/B/term 3/midterm 3 2025 - ?? Redis not available, falling back to in-memory cache: Error 10061 connecting to localhost:6379. No connection could be made because the target machine actively refused it.
2025-09-22 10:11:25,226 - INFO - 42443106c7b54b03bde3209463a2dafa - new_structure - GET /classteacher/preview_class_report/Grade 9/B/term 3/midterm 3 2025 - {'event': 'report.class.preview:metrics', 'correlation_id': 'ee656506-f6a3-44f4-b14d-984d3d3faea2', 'ip': '127.0.0.1', 'method': 'GET', 'path': '/classteacher/preview_class_report/Grade 9/B/term 3/midterm 3 2025', 'role': 'classteacher', 'teacher_id': 9, 'elapsed_ms': 5058, 'students': 0, 'subjects': 0}
2025-09-22 10:11:25,372 - INFO - 42443106c7b54b03bde3209463a2dafa - new_structure - GET /classteacher/preview_class_report/Grade 9/B/term 3/midterm 3 2025 - {'event': 'report.class.preview:success', 'correlation_id': '1c649a05-6e31-4f95-aade-738db70997e8', 'ip': '127.0.0.1', 'method': 'GET', 'path': '/classteacher/preview_class_report/Grade 9/B/term 3/midterm 3 2025', 'role': 'classteacher', 'teacher_id': 9, 'status': 200}
2025-09-22 11:10:20,975 - INFO - n/a - new_structure -   - Rate limiter storage active: memory://
2025-09-22 11:10:22,992 - INFO - n/a - mark_validation -   - Mark sanitizer middleware initialized
2025-09-22 11:11:02,473 - INFO - 11957a98bdc34ec899cd5fdedd5307b8 - new_structure.services.auth_service - POST /classteacher_login - Authentication successful for joylorna with role classteacher
2025-09-22 11:12:34,774 - WARNING - 482c9ad9bf69491abd54a88043f393a5 - new_structure.utils.cache_manager - GET /classteacher/preview_class_report/Grade 9/Stream B/term 3/midterm 3 2025 - ?? Redis not available, falling back to in-memory cache: Error 10061 connecting to localhost:6379. No connection could be made because the target machine actively refused it.
2025-09-22 11:12:35,259 - INFO - 482c9ad9bf69491abd54a88043f393a5 - new_structure - GET /classteacher/preview_class_report/Grade 9/Stream B/term 3/midterm 3 2025 - {'event': 'report.class.preview:metrics', 'correlation_id': '6c35a55c-76d4-4ac4-867e-2382fa50c68c', 'ip': '127.0.0.1', 'method': 'GET', 'path': '/classteacher/preview_class_report/Grade 9/Stream B/term 3/midterm 3 2025', 'role': 'classteacher', 'teacher_id': 9, 'elapsed_ms': 4706, 'students': 0, 'subjects': 0}
2025-09-22 11:12:35,409 - INFO - 482c9ad9bf69491abd54a88043f393a5 - new_structure - GET /classteacher/preview_class_report/Grade 9/Stream B/term 3/midterm 3 2025 - {'event': 'report.class.preview:success', 'correlation_id': '042fcd53-[REDACTED-PHONE]b4b7-dff7a6debeee', 'ip': '127.0.0.1', 'method': 'GET', 'path': '/classteacher/preview_class_report/Grade 9/Stream B/term 3/midterm 3 2025', 'role': 'classteacher', 'teacher_id': 9, 'status': 200}
2025-09-22 11:19:19,666 - INFO - n/a - new_structure -   - Rate limiter storage active: memory://
2025-09-22 11:19:20,496 - INFO - n/a - mark_validation -   - Mark sanitizer middleware initialized
2025-09-22 13:18:59,550 - INFO - n/a - new_structure -   - Rate limiter storage active: memory://
2025-09-22 13:19:02,185 - INFO - n/a - mark_validation -   - Mark sanitizer middleware initialized
2025-09-22 13:31:23,780 - INFO - n/a - new_structure -   - Rate limiter storage active: memory://
2025-09-22 13:31:26,031 - INFO - n/a - mark_validation -   - Mark sanitizer middleware initialized
2025-09-22 13:32:27,105 - INFO - 587c9a36f820423c85e88bab59a7887b - new_structure.services.auth_service - POST /classteacher_login - Authentication successful for joylorna with role classteacher
2025-09-22 13:32:36,066 - WARNING - 59acd1ad21e14d86affdf23fcf0cb2ea - new_structure.utils.cache_manager - GET /classteacher/analytics - ?? Redis not available, falling back to in-memory cache: Error 10061 connecting to localhost:6379. No connection could be made because the target machine actively refused it.
2025-09-22 13:33:02,676 - INFO - da12387d347b46dc96be40672c4f1107 - new_structure - GET /classteacher/preview_class_report/Grade 9/Stream B/term 3/midterm 3 2025 - {'event': 'report.class.preview:metrics', 'correlation_id': 'baa06ab8-8572-4d5d-952e-f11a4724f718', 'ip': '127.0.0.1', 'method': 'GET', 'path': '/classteacher/preview_class_report/Grade 9/Stream B/term 3/midterm 3 2025', 'role': 'classteacher', 'teacher_id': 9, 'elapsed_ms': 582, 'students': 0, 'subjects': 0}
2025-09-22 13:33:03,008 - INFO - da12387d347b46dc96be40672c4f1107 - new_structure - GET /classteacher/preview_class_report/Grade 9/Stream B/term 3/midterm 3 2025 - {'event': 'report.class.preview:success', 'correlation_id': 'b3c25f44-4f31-429e-a90b-212d31457b52', 'ip': '127.0.0.1', 'method': 'GET', 'path': '/classteacher/preview_class_report/Grade 9/Stream B/term 3/midterm 3 2025', 'role': 'classteacher', 'teacher_id': 9, 'status': 200}
2025-09-22 15:19:37,021 - INFO - n/a - new_structure -   - Rate limiter storage active: memory://
2025-09-22 15:19:39,662 - INFO - n/a - mark_validation -   - Mark sanitizer middleware initialized
2025-09-22 15:20:04,215 - INFO - 54e81e88065a44259f075d8983af7e82 - new_structure.services.auth_service - POST /classteacher_login - Authentication successful for joylorna with role classteacher
2025-09-22 15:20:11,501 - WARNING - a5bd728d1f2d4c9d8a0cd661361a22f4 - new_structure.utils.cache_manager - GET /classteacher/analytics - ?? Redis not available, falling back to in-memory cache: Error 10061 connecting to localhost:6379. No connection could be made because the target machine actively refused it.
2025-09-22 16:17:15,601 - INFO - n/a - new_structure -   - Rate limiter storage active: memory://
2025-09-22 16:17:17,995 - INFO - n/a - mark_validation -   - Mark sanitizer middleware initialized
2025-09-22 16:17:50,066 - INFO - 1be2b487f05346a0aaef5b806524210f - new_structure.services.auth_service - POST /classteacher_login - Authentication successful for joylorna with role classteacher
